Directory,Model,Method,TaskID,LoC,Reliability,Maintainability,Security_Hotspots,CyC,CoC
CoderEval-Java-CodeLlama-7B-AQLM,CodeLlama-7B,AQLM,6367667d1a6d9265ec017401,48.0,0,2,0,12.0,7.0
CoderEval-Java-CodeLlama-7B-AQLM,CodeLlama-7B,AQLM,6367667d1a6d9265ec01741d,13.0,0,2,0,3.0,2.0
CoderEval-Java-CodeLlama-7B-AQLM,CodeLlama-7B,AQLM,6367667e1a6d9265ec01743a,8.0,0,1,0,2.0,1.0
CoderEval-Java-CodeLlama-7B-AQLM,CodeLlama-7B,AQLM,6367667f1a6d9265ec017457,0.0,0,0,0,0.0,0.0
CoderEval-Java-CodeLlama-7B-AQLM,CodeLlama-7B,AQLM,6367667f1a6d9265ec01745d,34.0,0,2,0,6.0,13.0
CoderEval-Java-CodeLlama-7B-AQLM,CodeLlama-7B,AQLM,636766801a6d9265ec017487,15.0,0,2,0,4.0,5.0
CoderEval-Java-CodeLlama-7B-AQLM,CodeLlama-7B,AQLM,636766821a6d9265ec0174b6,19.0,0,2,0,4.0,6.0
CoderEval-Java-CodeLlama-7B-AQLM,CodeLlama-7B,AQLM,636766821a6d9265ec0174bf,7.0,0,2,0,1.0,0.0
CoderEval-Java-CodeLlama-7B-AQLM,CodeLlama-7B,AQLM,636766821a6d9265ec0174c9,10.0,0,2,0,2.0,1.0
CoderEval-Java-CodeLlama-7B-AQLM,CodeLlama-7B,AQLM,636766831a6d9265ec0174eb,7.0,0,1,0,2.0,1.0
CoderEval-Java-CodeLlama-7B-AQLM,CodeLlama-7B,AQLM,636766851a6d9265ec01751b,14.0,0,2,0,7.0,6.0
CoderEval-Java-CodeLlama-7B-AQLM,CodeLlama-7B,AQLM,636766861a6d9265ec017553,5.0,0,1,0,1.0,0.0
CoderEval-Java-CodeLlama-7B-AQLM,CodeLlama-7B,AQLM,636766861a6d9265ec01755a,0.0,0,0,0,0.0,0.0
CoderEval-Java-CodeLlama-7B-AQLM,CodeLlama-7B,AQLM,636766a81a6d9265ec017586,7.0,0,1,0,2.0,1.0
CoderEval-Java-CodeLlama-7B-AQLM,CodeLlama-7B,AQLM,636766a81a6d9265ec017595,10.0,0,1,0,2.0,1.0
CoderEval-Java-CodeLlama-7B-AQLM,CodeLlama-7B,AQLM,636766a81a6d9265ec01758e,0.0,0,0,0,0.0,0.0
CoderEval-Java-CodeLlama-7B-AQLM,CodeLlama-7B,AQLM,636766a91a6d9265ec0175ae,17.0,0,1,0,6.0,4.0
CoderEval-Java-CodeLlama-7B-AQLM,CodeLlama-7B,AQLM,636766a91a6d9265ec0175c1,7.0,0,1,0,1.0,0.0
CoderEval-Java-CodeLlama-7B-AQLM,CodeLlama-7B,AQLM,636766a91a6d9265ec0175c2,7.0,0,1,0,1.0,0.0
CoderEval-Java-CodeLlama-7B-AQLM,CodeLlama-7B,AQLM,636766a91a6d9265ec0175c4,38.0,0,1,0,11.0,1.0
CoderEval-Java-CodeLlama-7B-AQLM,CodeLlama-7B,AQLM,636766aa1a6d9265ec0175ce,0.0,0,0,0,0.0,0.0
CoderEval-Java-CodeLlama-7B-AQLM,CodeLlama-7B,AQLM,636766ae1a6d9265ec0175d8,16.0,0,1,0,2.0,2.0
CoderEval-Java-CodeLlama-7B-AQLM,CodeLlama-7B,AQLM,636766ae1a6d9265ec0175dc,5.0,0,1,0,1.0,0.0
CoderEval-Java-CodeLlama-7B-AQLM,CodeLlama-7B,AQLM,636766f01a6d9265ec017639,7.0,0,2,0,2.0,1.0
CoderEval-Java-CodeLlama-7B-AQLM,CodeLlama-7B,AQLM,636766f01a6d9265ec01762e,5.0,0,2,0,2.0,1.0
CoderEval-Java-CodeLlama-7B-AQLM,CodeLlama-7B,AQLM,636766f01a6d9265ec01763e,0.0,0,0,0,0.0,0.0
CoderEval-Java-CodeLlama-7B-AQLM,CodeLlama-7B,AQLM,636766f11a6d9265ec017641,5.0,0,1,0,1.0,0.0
CoderEval-Java-CodeLlama-7B-AQLM,CodeLlama-7B,AQLM,636766f11a6d9265ec017651,5.0,0,2,0,3.0,2.0
CoderEval-Java-CodeLlama-7B-AQLM,CodeLlama-7B,AQLM,636766f11a6d9265ec017658,7.0,0,2,0,1.0,0.0
CoderEval-Java-CodeLlama-7B-AQLM,CodeLlama-7B,AQLM,636766f11a6d9265ec017663,14.0,0,3,0,6.0,5.0
CoderEval-Java-CodeLlama-7B-AQLM,CodeLlama-7B,AQLM,636766f11a6d9265ec01764f,5.0,0,1,0,1.0,0.0
CoderEval-Java-CodeLlama-7B-AQLM,CodeLlama-7B,AQLM,636766f21a6d9265ec017667,5.0,0,1,0,1.0,0.0
CoderEval-Java-CodeLlama-7B-AQLM,CodeLlama-7B,AQLM,636766f21a6d9265ec017677,5.0,0,2,0,1.0,0.0
CoderEval-Java-CodeLlama-7B-AQLM,CodeLlama-7B,AQLM,636766f21a6d9265ec01767d,8.0,0,2,0,2.0,1.0
CoderEval-Java-CodeLlama-7B-AQLM,CodeLlama-7B,AQLM,636766f31a6d9265ec01768f,8.0,0,3,0,2.0,1.0
CoderEval-Java-CodeLlama-7B-AQLM,CodeLlama-7B,AQLM,636766f61a6d9265ec017701,10.0,0,2,0,3.0,2.0
CoderEval-Java-CodeLlama-7B-AQLM,CodeLlama-7B,AQLM,636766f71a6d9265ec017730,8.0,0,2,0,2.0,1.0
CoderEval-Java-CodeLlama-7B-AQLM,CodeLlama-7B,AQLM,636766f81a6d9265ec017758,5.0,0,1,0,1.0,0.0
CoderEval-Java-CodeLlama-7B-AQLM,CodeLlama-7B,AQLM,636766f81a6d9265ec01775b,5.0,0,1,0,1.0,0.0
CoderEval-Java-CodeLlama-7B-AQLM,CodeLlama-7B,AQLM,636766f81a6d9265ec01775c,8.0,0,2,0,2.0,1.0
CoderEval-Java-CodeLlama-7B-AQLM,CodeLlama-7B,AQLM,636766f91a6d9265ec01776e,18.0,0,3,0,8.0,7.0
CoderEval-Java-CodeLlama-7B-AQLM,CodeLlama-7B,AQLM,636766f91a6d9265ec01777d,14.0,0,2,0,7.0,6.0
CoderEval-Java-CodeLlama-7B-AQLM,CodeLlama-7B,AQLM,636766f91a6d9265ec01777f,5.0,0,3,0,2.0,1.0
CoderEval-Java-CodeLlama-7B-AQLM,CodeLlama-7B,AQLM,636766fa1a6d9265ec017796,10.0,0,4,0,3.0,2.0
CoderEval-Java-CodeLlama-7B-AQLM,CodeLlama-7B,AQLM,636766fa1a6d9265ec01779c,16.0,0,1,0,4.0,5.0
CoderEval-Java-CodeLlama-7B-AQLM,CodeLlama-7B,AQLM,636766fa1a6d9265ec01779d,5.0,0,2,0,2.0,1.0
CoderEval-Java-CodeLlama-7B-AQLM,CodeLlama-7B,AQLM,636766fa1a6d9265ec0177a4,9.0,0,2,0,2.0,1.0
CoderEval-Java-CodeLlama-7B-AQLM,CodeLlama-7B,AQLM,636766fa1a6d9265ec0177a9,5.0,0,1,0,1.0,0.0
CoderEval-Java-CodeLlama-7B-AQLM,CodeLlama-7B,AQLM,636766fb1a6d9265ec0177c1,5.0,0,2,0,2.0,1.0
CoderEval-Java-CodeLlama-7B-AQLM,CodeLlama-7B,AQLM,636766fb1a6d9265ec0177c3,5.0,0,2,0,1.0,0.0
CoderEval-Java-CodeLlama-7B-AQLM,CodeLlama-7B,AQLM,636766fc1a6d9265ec0177da,5.0,0,2,0,6.0,1.0
CoderEval-Java-CodeLlama-7B-AQLM,CodeLlama-7B,AQLM,636766fc1a6d9265ec0177ef,15.0,0,2,0,5.0,5.0
CoderEval-Java-CodeLlama-7B-AQLM,CodeLlama-7B,AQLM,636766fd1a6d9265ec017814,11.0,0,2,0,6.0,5.0
CoderEval-Java-CodeLlama-7B-AQLM,CodeLlama-7B,AQLM,636766fe1a6d9265ec017821,13.0,0,1,0,3.0,2.0
CoderEval-Java-CodeLlama-7B-AQLM,CodeLlama-7B,AQLM,636766fe1a6d9265ec017834,5.0,0,2,0,1.0,0.0
CoderEval-Java-CodeLlama-7B-AQLM,CodeLlama-7B,AQLM,636766fe1a6d9265ec017838,15.0,0,3,0,4.0,3.0
CoderEval-Java-CodeLlama-7B-AQLM,CodeLlama-7B,AQLM,636766fe1a6d9265ec01781c,5.0,0,2,0,1.0,0.0
CoderEval-Java-CodeLlama-7B-AQLM,CodeLlama-7B,AQLM,636766fe1a6d9265ec01782a,11.0,0,1,0,2.0,1.0
CoderEval-Java-CodeLlama-7B-AQLM,CodeLlama-7B,AQLM,636766ff1a6d9265ec017842,12.0,0,3,0,4.0,3.0
CoderEval-Java-CodeLlama-7B-AQLM,CodeLlama-7B,AQLM,636766ff1a6d9265ec017851,10.0,0,1,0,3.0,3.0
CoderEval-Java-CodeLlama-7B-AQLM,CodeLlama-7B,AQLM,636766ff1a6d9265ec017853,8.0,0,1,0,2.0,1.0
CoderEval-Java-CodeLlama-7B-AQLM,CodeLlama-7B,AQLM,636766ff1a6d9265ec01783b,13.0,0,2,0,5.0,4.0
CoderEval-Java-CodeLlama-7B-AQLM,CodeLlama-7B,AQLM,636766ff1a6d9265ec01784b,10.0,0,2,0,3.0,3.0
CoderEval-Java-CodeLlama-7B-AQLM,CodeLlama-7B,AQLM,636767001a6d9265ec017873,8.0,0,2,0,3.0,2.0
CoderEval-Java-CodeLlama-7B-AQLM,CodeLlama-7B,AQLM,636767021a6d9265ec0178b2,38.0,0,1,0,11.0,1.0
CoderEval-Java-CodeLlama-7B-AQLM,CodeLlama-7B,AQLM,636767021a6d9265ec0178bb,5.0,0,2,0,3.0,2.0
CoderEval-Java-CodeLlama-7B-AQLM,CodeLlama-7B,AQLM,636767021a6d9265ec0178bc,12.0,0,2,0,3.0,3.0
CoderEval-Java-CodeLlama-7B-AQLM,CodeLlama-7B,AQLM,636767021a6d9265ec0178bf,15.0,0,1,0,4.0,4.0
CoderEval-Java-CodeLlama-7B-AQLM,CodeLlama-7B,AQLM,636767031a6d9265ec0178dd,13.0,0,1,0,2.0,2.0
CoderEval-Java-CodeLlama-7B-AQLM,CodeLlama-7B,AQLM,636767031a6d9265ec0178e6,8.0,0,4,0,3.0,2.0
CoderEval-Java-CodeLlama-7B-AQLM,CodeLlama-7B,AQLM,636767031a6d9265ec0178ef,13.0,0,2,0,3.0,2.0
CoderEval-Java-CodeLlama-7B-AQLM,CodeLlama-7B,AQLM,636767041a6d9265ec017911,7.0,0,2,0,2.0,1.0
CoderEval-Java-CodeLlama-7B-AQLM,CodeLlama-7B,AQLM,636767041a6d9265ec0178f8,9.0,0,2,0,2.0,1.0
CoderEval-Java-CodeLlama-7B-AQLM,CodeLlama-7B,AQLM,636767041a6d9265ec01790f,12.0,0,3,0,3.0,2.0
CoderEval-Java-CodeLlama-7B-AQLM,CodeLlama-7B,AQLM,636767061a6d9265ec01794a,7.0,0,2,0,2.0,1.0
CoderEval-Java-CodeLlama-7B-AQLM,CodeLlama-7B,AQLM,636767081a6d9265ec017989,14.0,0,2,0,4.0,3.0
CoderEval-Java-CodeLlama-7B-AQLM,CodeLlama-7B,AQLM,636767081a6d9265ec0179a2,10.0,0,2,0,3.0,3.0
CoderEval-Java-CodeLlama-7B-AQLM,CodeLlama-7B,AQLM,6367670a1a6d9265ec0179cf,8.0,0,2,0,2.0,1.0
CoderEval-Java-CodeLlama-7B-AQLM,CodeLlama-7B,AQLM,6367670a1a6d9265ec0179d8,5.0,0,1,0,1.0,0.0
CoderEval-Java-CodeLlama-7B-AQLM,CodeLlama-7B,AQLM,6367670a1a6d9265ec0179d9,0.0,0,0,0,0.0,0.0
CoderEval-Java-CodeLlama-7B-AQLM,CodeLlama-7B,AQLM,6367670a1a6d9265ec0179dc,0.0,0,0,0,0.0,0.0
CoderEval-Java-CodeLlama-7B-AQLM,CodeLlama-7B,AQLM,6367670a1a6d9265ec0179e7,0.0,0,0,0,0.0,0.0
CoderEval-Java-CodeLlama-7B-AQLM,CodeLlama-7B,AQLM,6367670a1a6d9265ec0179e8,8.0,0,2,0,3.0,2.0
CoderEval-Java-CodeLlama-7B-AQLM,CodeLlama-7B,AQLM,6367670a1a6d9265ec0179f1,14.0,0,2,0,4.0,3.0
CoderEval-Java-CodeLlama-7B-AQLM,CodeLlama-7B,AQLM,6367670b1a6d9265ec0179f2,5.0,0,1,0,1.0,0.0
CoderEval-Java-CodeLlama-7B-AQLM,CodeLlama-7B,AQLM,6367670b1a6d9265ec0179fe,5.0,0,2,0,1.0,0.0
CoderEval-Java-CodeLlama-7B-AQLM,CodeLlama-7B,AQLM,6367670b1a6d9265ec0179ff,8.0,0,2,0,3.0,2.0
CoderEval-Java-CodeLlama-7B-AQLM,CodeLlama-7B,AQLM,6367670b1a6d9265ec017a00,11.0,0,3,0,4.0,3.0
CoderEval-Java-CodeLlama-7B-AQLM,CodeLlama-7B,AQLM,6367670b1a6d9265ec017a05,5.0,0,2,0,1.0,0.0
CoderEval-Java-CodeLlama-7B-AQLM,CodeLlama-7B,AQLM,6367670b1a6d9265ec017a0f,13.0,0,2,0,6.0,5.0
CoderEval-Java-CodeLlama-7B-AQLM,CodeLlama-7B,AQLM,6367670c1a6d9265ec017a35,8.0,0,3,0,7.0,7.0
CoderEval-Java-CodeLlama-7B-AQLM,CodeLlama-7B,AQLM,6367670c1a6d9265ec017a2a,14.0,0,2,0,4.0,3.0
CoderEval-Java-CodeLlama-7B-AQLM,CodeLlama-7B,AQLM,636767121a6d9265ec017b0a,15.0,0,1,0,5.0,7.0
CoderEval-Java-CodeLlama-7B-AQLM,CodeLlama-7B,AQLM,636767131a6d9265ec017b23,8.0,0,1,0,2.0,1.0
CoderEval-Java-CodeLlama-7B-AQLM,CodeLlama-7B,AQLM,636767151a6d9265ec017b6b,16.0,0,3,0,9.0,15.0
CoderEval-Java-CodeLlama-7B-AQLM,CodeLlama-7B,AQLM,636767191a6d9265ec017c0f,7.0,0,1,0,1.0,0.0
CoderEval-Java-CodeLlama-7B-AQLM,CodeLlama-7B,AQLM,6367671a1a6d9265ec017c15,16.0,0,2,0,8.0,7.0
CoderEval-Java-CodeLlama-7B-AQLM,CodeLlama-7B,AQLM,6367672d1a6d9265ec017c73,11.0,0,2,0,3.0,3.0
CoderEval-Java-CodeLlama-7B-AQLM,CodeLlama-7B,AQLM,6367672d1a6d9265ec017c74,15.0,0,1,0,3.0,4.0
CoderEval-Java-CodeLlama-7B-AQLM,CodeLlama-7B,AQLM,6367672d1a6d9265ec017c78,9.0,0,1,0,2.0,1.0
CoderEval-Java-CodeLlama-7B-AQLM,CodeLlama-7B,AQLM,636767431a6d9265ec017c88,9.0,0,2,0,2.0,1.0
CoderEval-Java-CodeLlama-7B-AQLM,CodeLlama-7B,AQLM,636767431a6d9265ec017c8d,10.0,0,1,0,2.0,1.0
CoderEval-Java-CodeLlama-7B-AQLM,CodeLlama-7B,AQLM,636767441a6d9265ec017cc1,10.0,0,1,0,1.0,0.0
CoderEval-Java-CodeLlama-7B-AQLM,CodeLlama-7B,AQLM,636767461a6d9265ec017d0e,11.0,0,1,0,2.0,1.0
CoderEval-Java-CodeLlama-7B-AQLM,CodeLlama-7B,AQLM,636767491a6d9265ec017d90,11.0,0,2,0,7.0,3.0
CoderEval-Java-CodeLlama-7B-AQLM,CodeLlama-7B,AQLM,6367674a1a6d9265ec017da9,13.0,0,2,0,3.0,2.0
CoderEval-Java-CodeLlama-7B-AQLM,CodeLlama-7B,AQLM,6367674a1a6d9265ec017dab,6.0,0,2,0,2.0,1.0
CoderEval-Java-CodeLlama-7B-AQLM,CodeLlama-7B,AQLM,6367674b1a6d9265ec017dc0,12.0,0,2,0,3.0,3.0
CoderEval-Java-CodeLlama-7B-AQLM,CodeLlama-7B,AQLM,6367674f1a6d9265ec017e74,12.0,0,1,0,3.0,3.0
CoderEval-Java-CodeLlama-7B-AQLM,CodeLlama-7B,AQLM,636767501a6d9265ec017e86,5.0,0,1,0,1.0,0.0
CoderEval-Java-CodeLlama-7B-AQLM,CodeLlama-7B,AQLM,636767511a6d9265ec017eb0,10.0,0,1,0,3.0,3.0
CoderEval-Java-CodeLlama-7B-AQLM,CodeLlama-7B,AQLM,636767511a6d9265ec017eb6,10.0,0,1,0,3.0,3.0
CoderEval-Java-CodeLlama-7B-AQLM,CodeLlama-7B,AQLM,636767521a6d9265ec017ecc,13.0,0,3,0,1.0,0.0
CoderEval-Java-CodeLlama-7B-AQLM,CodeLlama-7B,AQLM,636767531a6d9265ec017ef1,5.0,0,2,0,2.0,1.0
CoderEval-Java-CodeLlama-7B-AQLM,CodeLlama-7B,AQLM,636767551a6d9265ec017f3f,7.0,0,2,0,1.0,0.0
CoderEval-Java-CodeLlama-7B-AQLM,CodeLlama-7B,AQLM,636767561a6d9265ec017f63,10.0,0,1,0,3.0,3.0
CoderEval-Java-CodeLlama-7B-AQLM,CodeLlama-7B,AQLM,636767561a6d9265ec017f7c,9.0,0,2,0,2.0,1.0
CoderEval-Java-CodeLlama-7B-AQLM,CodeLlama-7B,AQLM,636767581a6d9265ec017fb4,9.0,0,2,0,2.0,1.0
CoderEval-Java-CodeLlama-7B-AQLM,CodeLlama-7B,AQLM,636767581a6d9265ec017fc4,8.0,0,2,0,2.0,2.0
CoderEval-Java-CodeLlama-7B-AQLM,CodeLlama-7B,AQLM,6367675c1a6d9265ec018058,8.0,0,2,0,2.0,0.0
CoderEval-Java-CodeLlama-7B-AQLM,CodeLlama-7B,AQLM,6367675c1a6d9265ec01805b,10.0,0,1,0,3.0,2.0
CoderEval-Java-CodeLlama-7B-AQLM,CodeLlama-7B,AQLM,6367675d1a6d9265ec018082,5.0,0,1,0,1.0,0.0
CoderEval-Java-CodeLlama-7B-AQLM,CodeLlama-7B,AQLM,6367675f1a6d9265ec0180cf,15.0,0,4,0,7.0,8.0
CoderEval-Java-CodeLlama-7B-AQLM,CodeLlama-7B,AQLM,6367675f1a6d9265ec0180d3,5.0,0,3,0,1.0,0.0
CoderEval-Java-CodeLlama-7B-AQLM,CodeLlama-7B,AQLM,636767601a6d9265ec0180e2,12.0,0,2,0,3.0,3.0
CoderEval-Java-CodeLlama-7B-AQLM,CodeLlama-7B,AQLM,636767611a6d9265ec018112,5.0,0,1,0,1.0,0.0
CoderEval-Java-CodeLlama-7B-AQLM,CodeLlama-7B,AQLM,636767611a6d9265ec018116,11.0,0,2,0,3.0,3.0
CoderEval-Java-CodeLlama-7B-AQLM,CodeLlama-7B,AQLM,636767631a6d9265ec018171,17.0,0,1,0,4.0,3.0
CoderEval-Java-CodeLlama-7B-AQLM,CodeLlama-7B,AQLM,636767691a6d9265ec0181a6,9.0,0,2,0,2.0,1.0
CoderEval-Java-CodeLlama-7B-AQLM,CodeLlama-7B,AQLM,636767691a6d9265ec0181a7,9.0,0,2,0,3.0,2.0
CoderEval-Java-CodeLlama-7B-AQLM,CodeLlama-7B,AQLM,636767691a6d9265ec0181aa,12.0,0,2,0,4.0,4.0
CoderEval-Java-CodeLlama-7B-AQLM,CodeLlama-7B,AQLM,636767691a6d9265ec0181ac,17.0,0,2,0,5.0,4.0
CoderEval-Java-CodeLlama-7B-AQLM,CodeLlama-7B,AQLM,6367676a1a6d9265ec0181bf,8.0,0,2,0,2.0,1.0
CoderEval-Java-CodeLlama-7B-AQLM,CodeLlama-7B,AQLM,6367676a1a6d9265ec0181cd,9.0,0,2,0,3.0,2.0
CoderEval-Java-CodeLlama-7B-AQLM,CodeLlama-7B,AQLM,6367676a1a6d9265ec0181d4,10.0,0,3,0,2.0,1.0
CoderEval-Java-CodeLlama-7B-AQLM,CodeLlama-7B,AQLM,6367676b1a6d9265ec0181dd,14.0,0,2,0,3.0,3.0
CoderEval-Java-CodeLlama-7B-AQLM,CodeLlama-7B,AQLM,6367676b1a6d9265ec0181df,5.0,0,2,0,1.0,0.0
CoderEval-Java-CodeLlama-7B-AQLM,CodeLlama-7B,AQLM,6367676b1a6d9265ec0181e2,12.0,0,2,0,5.0,5.0
CoderEval-Java-CodeLlama-7B-AQLM,CodeLlama-7B,AQLM,6367676b1a6d9265ec0181e9,13.0,0,2,0,4.0,5.0
CoderEval-Java-CodeLlama-7B-AQLM,CodeLlama-7B,AQLM,6367676b1a6d9265ec0181ee,9.0,0,2,0,3.0,2.0
CoderEval-Java-CodeLlama-7B-AQLM,CodeLlama-7B,AQLM,6367676c1a6d9265ec018204,12.0,0,3,0,3.0,2.0
CoderEval-Java-CodeLlama-7B-AQLM,CodeLlama-7B,AQLM,6367676c1a6d9265ec018220,7.0,0,2,0,2.0,1.0
CoderEval-Java-CodeLlama-7B-AQLM,CodeLlama-7B,AQLM,6367676c1a6d9265ec018223,11.0,0,2,0,4.0,4.0
CoderEval-Java-CodeLlama-7B-AQLM,CodeLlama-7B,AQLM,6367676c1a6d9265ec01820b,20.0,0,2,0,5.0,8.0
CoderEval-Java-CodeLlama-7B-AQLM,CodeLlama-7B,AQLM,6367676d1a6d9265ec018229,9.0,0,2,0,2.0,1.0
CoderEval-Java-CodeLlama-7B-AQLM,CodeLlama-7B,AQLM,636767781a6d9265ec018250,8.0,0,1,0,2.0,1.0
CoderEval-Java-CodeLlama-7B-AQLM,CodeLlama-7B,AQLM,636767791a6d9265ec01826d,8.0,0,2,0,2.0,1.0
CoderEval-Java-CodeLlama-7B-AQLM,CodeLlama-7B,AQLM,6367677b1a6d9265ec0182bd,0.0,0,0,0,0.0,0.0
CoderEval-Java-CodeLlama-7B-AQLM,CodeLlama-7B,AQLM,6367677d1a6d9265ec0182fd,9.0,0,3,0,4.0,3.0
CoderEval-Java-CodeLlama-7B-AQLM,CodeLlama-7B,AQLM,6367677e1a6d9265ec01830f,10.0,0,1,0,2.0,1.0
CoderEval-Java-CodeLlama-7B-AQLM,CodeLlama-7B,AQLM,6367677e1a6d9265ec01832e,9.0,0,1,0,2.0,1.0
CoderEval-Java-CodeLlama-7B-AQLM,CodeLlama-7B,AQLM,6367677f1a6d9265ec018347,7.0,0,1,0,2.0,1.0
CoderEval-Java-CodeLlama-7B-AQLM,CodeLlama-7B,AQLM,6367677f1a6d9265ec01834b,16.0,0,1,0,4.0,3.0
CoderEval-Java-CodeLlama-7B-AQLM,CodeLlama-7B,AQLM,636767821a6d9265ec0183a0,8.0,0,2,0,2.0,1.0
CoderEval-Java-CodeLlama-7B-AQLM,CodeLlama-7B,AQLM,636767821a6d9265ec0183ab,5.0,0,1,0,1.0,0.0
CoderEval-Java-CodeLlama-7B-AQLM,CodeLlama-7B,AQLM,636767831a6d9265ec0183c9,8.0,0,2,0,2.0,1.0
CoderEval-Java-CodeLlama-7B-AQLM,CodeLlama-7B,AQLM,636767841a6d9265ec0183e8,14.0,0,1,0,4.0,3.0
CoderEval-Java-CodeLlama-7B-AQLM,CodeLlama-7B,AQLM,636767861a6d9265ec018440,15.0,0,1,0,4.0,4.0
CoderEval-Java-CodeLlama-7B-AQLM,CodeLlama-7B,AQLM,636767861a6d9265ec01844c,7.0,0,1,0,2.0,1.0
CoderEval-Java-CodeLlama-7B-AQLM,CodeLlama-7B,AQLM,636767871a6d9265ec01846d,8.0,0,2,0,2.0,1.0
CoderEval-Java-CodeLlama-7B-AQLM,CodeLlama-7B,AQLM,636767a21a6d9265ec018517,12.0,0,1,0,3.0,2.0
CoderEval-Java-CodeLlama-7B-AQLM,CodeLlama-7B,AQLM,636767a31a6d9265ec018552,13.0,0,1,0,3.0,2.0
CoderEval-Java-CodeLlama-7B-AQLM,CodeLlama-7B,AQLM,636767a31a6d9265ec01854f,17.0,0,1,0,5.0,6.0
CoderEval-Java-CodeLlama-7B-AQLM,CodeLlama-7B,AQLM,636767a41a6d9265ec018572,13.0,0,1,0,3.0,3.0
CoderEval-Java-CodeLlama-7B-AQLM,CodeLlama-7B,AQLM,636767a41a6d9265ec018582,9.0,0,2,0,1.0,0.0
CoderEval-Java-CodeLlama-7B-AQLM,CodeLlama-7B,AQLM,636767a41a6d9265ec01856c,18.0,0,2,0,5.0,6.0
CoderEval-Java-CodeLlama-7B-AQLM,CodeLlama-7B,AQLM,636767a41a6d9265ec01857e,7.0,0,3,0,3.0,2.0
CoderEval-Java-CodeLlama-7B-AQLM,CodeLlama-7B,AQLM,636767a51a6d9265ec01859d,9.0,0,2,0,4.0,4.0
CoderEval-Java-CodeLlama-7B-AQLM,CodeLlama-7B,AQLM,636767a61a6d9265ec0185b7,14.0,0,2,0,7.0,6.0
CoderEval-Java-CodeLlama-7B-AQLM,CodeLlama-7B,AQLM,636767a81a6d9265ec0185fc,20.0,0,1,0,5.0,7.0
CoderEval-Java-CodeLlama-7B-AQLM,CodeLlama-7B,AQLM,636767aa1a6d9265ec01864a,9.0,0,1,0,2.0,1.0
CoderEval-Java-CodeLlama-7B-AQLM,CodeLlama-7B,AQLM,636767ab1a6d9265ec018676,5.0,0,2,0,6.0,5.0
CoderEval-Java-CodeLlama-7B-AQLM,CodeLlama-7B,AQLM,636767dc1a6d9265ec0186be,11.0,0,3,0,2.0,1.0
CoderEval-Java-CodeLlama-7B-AQLM,CodeLlama-7B,AQLM,636767dc1a6d9265ec0186cb,12.0,0,1,0,3.0,2.0
CoderEval-Java-CodeLlama-7B-AQLM,CodeLlama-7B,AQLM,636767dd1a6d9265ec0186de,0.0,0,0,0,0.0,0.0
CoderEval-Java-CodeLlama-7B-AQLM,CodeLlama-7B,AQLM,636767dd1a6d9265ec0186e5,14.0,0,3,0,9.0,10.0
CoderEval-Java-CodeLlama-7B-AQLM,CodeLlama-7B,AQLM,636767dd1a6d9265ec0186f3,9.0,0,1,0,3.0,3.0
CoderEval-Java-CodeLlama-7B-AQLM,CodeLlama-7B,AQLM,636767de1a6d9265ec01871c,0.0,0,0,0,0.0,0.0
CoderEval-Java-CodeLlama-7B-AQLM,CodeLlama-7B,AQLM,636767df1a6d9265ec018744,0.0,0,0,0,0.0,0.0
CoderEval-Java-CodeLlama-7B-AQLM,CodeLlama-7B,AQLM,636767df1a6d9265ec01873c,5.0,0,1,0,1.0,0.0
CoderEval-Java-CodeLlama-7B-AQLM,CodeLlama-7B,AQLM,636767e01a6d9265ec018755,10.0,0,1,0,1.0,0.0
CoderEval-Java-CodeLlama-7B-AQLM,CodeLlama-7B,AQLM,636767e01a6d9265ec018764,9.0,0,1,0,2.0,1.0
CoderEval-Java-CodeLlama-7B-AQLM,CodeLlama-7B,AQLM,636767e11a6d9265ec018781,0.0,0,0,0,0.0,0.0
CoderEval-Java-CodeLlama-7B-AQLM,CodeLlama-7B,AQLM,636767e11a6d9265ec018795,37.0,0,2,0,13.0,12.0
CoderEval-Java-CodeLlama-7B-AWQ,CodeLlama-7B,AWQ,6367667d1a6d9265ec017401,52.0,0,2,0,13.0,7.0
CoderEval-Java-CodeLlama-7B-AWQ,CodeLlama-7B,AWQ,6367667d1a6d9265ec01741d,9.0,0,2,0,2.0,1.0
CoderEval-Java-CodeLlama-7B-AWQ,CodeLlama-7B,AWQ,6367667e1a6d9265ec01743a,8.0,0,1,0,2.0,1.0
CoderEval-Java-CodeLlama-7B-AWQ,CodeLlama-7B,AWQ,6367667f1a6d9265ec017457,0.0,0,0,0,0.0,0.0
CoderEval-Java-CodeLlama-7B-AWQ,CodeLlama-7B,AWQ,6367667f1a6d9265ec01745d,26.0,0,3,0,6.0,6.0
CoderEval-Java-CodeLlama-7B-AWQ,CodeLlama-7B,AWQ,636766801a6d9265ec017487,5.0,0,2,0,1.0,0.0
CoderEval-Java-CodeLlama-7B-AWQ,CodeLlama-7B,AWQ,636766821a6d9265ec0174b6,14.0,0,2,0,3.0,2.0
CoderEval-Java-CodeLlama-7B-AWQ,CodeLlama-7B,AWQ,636766821a6d9265ec0174bf,7.0,0,2,0,1.0,0.0
CoderEval-Java-CodeLlama-7B-AWQ,CodeLlama-7B,AWQ,636766821a6d9265ec0174c9,10.0,0,2,0,2.0,1.0
CoderEval-Java-CodeLlama-7B-AWQ,CodeLlama-7B,AWQ,636766831a6d9265ec0174eb,7.0,0,1,0,2.0,1.0
CoderEval-Java-CodeLlama-7B-AWQ,CodeLlama-7B,AWQ,636766851a6d9265ec01751b,9.0,0,2,0,2.0,1.0
CoderEval-Java-CodeLlama-7B-AWQ,CodeLlama-7B,AWQ,636766861a6d9265ec017553,5.0,0,1,0,1.0,0.0
CoderEval-Java-CodeLlama-7B-AWQ,CodeLlama-7B,AWQ,636766861a6d9265ec01755a,5.0,0,1,0,1.0,0.0
CoderEval-Java-CodeLlama-7B-AWQ,CodeLlama-7B,AWQ,636766a81a6d9265ec017586,7.0,0,1,0,2.0,1.0
CoderEval-Java-CodeLlama-7B-AWQ,CodeLlama-7B,AWQ,636766a81a6d9265ec017595,10.0,0,1,0,2.0,1.0
CoderEval-Java-CodeLlama-7B-AWQ,CodeLlama-7B,AWQ,636766a81a6d9265ec01758e,0.0,0,0,0,0.0,0.0
CoderEval-Java-CodeLlama-7B-AWQ,CodeLlama-7B,AWQ,636766a91a6d9265ec0175ae,20.0,0,1,0,6.0,5.0
CoderEval-Java-CodeLlama-7B-AWQ,CodeLlama-7B,AWQ,636766a91a6d9265ec0175c1,0.0,0,0,0,0.0,0.0
CoderEval-Java-CodeLlama-7B-AWQ,CodeLlama-7B,AWQ,636766a91a6d9265ec0175c2,6.0,0,2,0,1.0,0.0
CoderEval-Java-CodeLlama-7B-AWQ,CodeLlama-7B,AWQ,636766a91a6d9265ec0175c4,38.0,0,1,0,11.0,1.0
CoderEval-Java-CodeLlama-7B-AWQ,CodeLlama-7B,AWQ,636766aa1a6d9265ec0175ce,6.0,0,1,0,1.0,0.0
CoderEval-Java-CodeLlama-7B-AWQ,CodeLlama-7B,AWQ,636766ae1a6d9265ec0175d8,16.0,0,1,0,2.0,2.0
CoderEval-Java-CodeLlama-7B-AWQ,CodeLlama-7B,AWQ,636766ae1a6d9265ec0175dc,5.0,0,1,0,1.0,0.0
CoderEval-Java-CodeLlama-7B-AWQ,CodeLlama-7B,AWQ,636766f01a6d9265ec017639,7.0,0,2,0,2.0,1.0
CoderEval-Java-CodeLlama-7B-AWQ,CodeLlama-7B,AWQ,636766f01a6d9265ec01762e,5.0,0,2,0,2.0,1.0
CoderEval-Java-CodeLlama-7B-AWQ,CodeLlama-7B,AWQ,636766f01a6d9265ec01763e,16.0,0,3,0,11.0,10.0
CoderEval-Java-CodeLlama-7B-AWQ,CodeLlama-7B,AWQ,636766f11a6d9265ec017641,5.0,0,1,0,1.0,0.0
CoderEval-Java-CodeLlama-7B-AWQ,CodeLlama-7B,AWQ,636766f11a6d9265ec017651,5.0,0,2,0,3.0,2.0
CoderEval-Java-CodeLlama-7B-AWQ,CodeLlama-7B,AWQ,636766f11a6d9265ec017658,7.0,0,2,0,1.0,0.0
CoderEval-Java-CodeLlama-7B-AWQ,CodeLlama-7B,AWQ,636766f11a6d9265ec017663,8.0,0,2,0,3.0,2.0
CoderEval-Java-CodeLlama-7B-AWQ,CodeLlama-7B,AWQ,636766f11a6d9265ec01764f,5.0,0,1,0,1.0,0.0
CoderEval-Java-CodeLlama-7B-AWQ,CodeLlama-7B,AWQ,636766f21a6d9265ec017667,5.0,0,1,0,1.0,0.0
CoderEval-Java-CodeLlama-7B-AWQ,CodeLlama-7B,AWQ,636766f21a6d9265ec017677,5.0,0,2,0,1.0,0.0
CoderEval-Java-CodeLlama-7B-AWQ,CodeLlama-7B,AWQ,636766f21a6d9265ec01767d,8.0,0,2,0,2.0,1.0
CoderEval-Java-CodeLlama-7B-AWQ,CodeLlama-7B,AWQ,636766f31a6d9265ec01768f,5.0,0,2,0,1.0,0.0
CoderEval-Java-CodeLlama-7B-AWQ,CodeLlama-7B,AWQ,636766f61a6d9265ec017701,10.0,0,2,0,3.0,2.0
CoderEval-Java-CodeLlama-7B-AWQ,CodeLlama-7B,AWQ,636766f71a6d9265ec017730,8.0,0,2,0,2.0,1.0
CoderEval-Java-CodeLlama-7B-AWQ,CodeLlama-7B,AWQ,636766f81a6d9265ec017758,5.0,0,1,0,1.0,0.0
CoderEval-Java-CodeLlama-7B-AWQ,CodeLlama-7B,AWQ,636766f81a6d9265ec01775b,5.0,0,1,0,1.0,0.0
CoderEval-Java-CodeLlama-7B-AWQ,CodeLlama-7B,AWQ,636766f81a6d9265ec01775c,8.0,0,2,0,2.0,1.0
CoderEval-Java-CodeLlama-7B-AWQ,CodeLlama-7B,AWQ,636766f91a6d9265ec01776e,0.0,0,0,0,0.0,0.0
CoderEval-Java-CodeLlama-7B-AWQ,CodeLlama-7B,AWQ,636766f91a6d9265ec01777d,14.0,0,2,0,7.0,6.0
CoderEval-Java-CodeLlama-7B-AWQ,CodeLlama-7B,AWQ,636766f91a6d9265ec01777f,0.0,0,0,0,0.0,0.0
CoderEval-Java-CodeLlama-7B-AWQ,CodeLlama-7B,AWQ,636766fa1a6d9265ec017796,8.0,0,2,0,2.0,1.0
CoderEval-Java-CodeLlama-7B-AWQ,CodeLlama-7B,AWQ,636766fa1a6d9265ec01779c,14.0,0,1,0,4.0,4.0
CoderEval-Java-CodeLlama-7B-AWQ,CodeLlama-7B,AWQ,636766fa1a6d9265ec01779d,5.0,0,2,0,2.0,1.0
CoderEval-Java-CodeLlama-7B-AWQ,CodeLlama-7B,AWQ,636766fa1a6d9265ec0177a4,0.0,0,0,0,0.0,0.0
CoderEval-Java-CodeLlama-7B-AWQ,CodeLlama-7B,AWQ,636766fa1a6d9265ec0177a9,13.0,0,1,0,2.0,2.0
CoderEval-Java-CodeLlama-7B-AWQ,CodeLlama-7B,AWQ,636766fb1a6d9265ec0177c1,5.0,0,2,0,2.0,1.0
CoderEval-Java-CodeLlama-7B-AWQ,CodeLlama-7B,AWQ,636766fb1a6d9265ec0177c3,5.0,0,2,0,1.0,0.0
CoderEval-Java-CodeLlama-7B-AWQ,CodeLlama-7B,AWQ,636766fc1a6d9265ec0177da,5.0,0,2,0,5.0,1.0
CoderEval-Java-CodeLlama-7B-AWQ,CodeLlama-7B,AWQ,636766fc1a6d9265ec0177ef,14.0,0,3,0,4.0,4.0
CoderEval-Java-CodeLlama-7B-AWQ,CodeLlama-7B,AWQ,636766fd1a6d9265ec017814,10.0,0,2,0,3.0,3.0
CoderEval-Java-CodeLlama-7B-AWQ,CodeLlama-7B,AWQ,636766fe1a6d9265ec017821,11.0,0,1,0,3.0,2.0
CoderEval-Java-CodeLlama-7B-AWQ,CodeLlama-7B,AWQ,636766fe1a6d9265ec017834,5.0,0,2,0,1.0,0.0
CoderEval-Java-CodeLlama-7B-AWQ,CodeLlama-7B,AWQ,636766fe1a6d9265ec017838,15.0,0,3,0,4.0,3.0
CoderEval-Java-CodeLlama-7B-AWQ,CodeLlama-7B,AWQ,636766fe1a6d9265ec01781c,5.0,0,2,0,1.0,0.0
CoderEval-Java-CodeLlama-7B-AWQ,CodeLlama-7B,AWQ,636766fe1a6d9265ec01782a,10.0,0,1,0,3.0,2.0
CoderEval-Java-CodeLlama-7B-AWQ,CodeLlama-7B,AWQ,636766ff1a6d9265ec017842,8.0,0,4,0,3.0,2.0
CoderEval-Java-CodeLlama-7B-AWQ,CodeLlama-7B,AWQ,636766ff1a6d9265ec017851,8.0,0,1,0,3.0,3.0
CoderEval-Java-CodeLlama-7B-AWQ,CodeLlama-7B,AWQ,636766ff1a6d9265ec017853,8.0,0,1,0,2.0,1.0
CoderEval-Java-CodeLlama-7B-AWQ,CodeLlama-7B,AWQ,636766ff1a6d9265ec01783b,9.0,0,3,0,5.0,4.0
CoderEval-Java-CodeLlama-7B-AWQ,CodeLlama-7B,AWQ,636766ff1a6d9265ec01784b,10.0,0,2,0,3.0,3.0
CoderEval-Java-CodeLlama-7B-AWQ,CodeLlama-7B,AWQ,636767001a6d9265ec017873,14.0,0,2,0,3.0,2.0
CoderEval-Java-CodeLlama-7B-AWQ,CodeLlama-7B,AWQ,636767021a6d9265ec0178b2,38.0,0,1,0,11.0,1.0
CoderEval-Java-CodeLlama-7B-AWQ,CodeLlama-7B,AWQ,636767021a6d9265ec0178bb,5.0,0,2,0,3.0,2.0
CoderEval-Java-CodeLlama-7B-AWQ,CodeLlama-7B,AWQ,636767021a6d9265ec0178bc,5.0,0,2,0,1.0,0.0
CoderEval-Java-CodeLlama-7B-AWQ,CodeLlama-7B,AWQ,636767021a6d9265ec0178bf,0.0,0,0,0,0.0,0.0
CoderEval-Java-CodeLlama-7B-AWQ,CodeLlama-7B,AWQ,636767031a6d9265ec0178dd,9.0,0,1,0,1.0,1.0
CoderEval-Java-CodeLlama-7B-AWQ,CodeLlama-7B,AWQ,636767031a6d9265ec0178e6,8.0,0,4,0,3.0,2.0
CoderEval-Java-CodeLlama-7B-AWQ,CodeLlama-7B,AWQ,636767031a6d9265ec0178ef,9.0,0,2,0,1.0,0.0
CoderEval-Java-CodeLlama-7B-AWQ,CodeLlama-7B,AWQ,636767041a6d9265ec017911,7.0,0,2,0,2.0,1.0
CoderEval-Java-CodeLlama-7B-AWQ,CodeLlama-7B,AWQ,636767041a6d9265ec0178f8,9.0,0,2,0,2.0,1.0
CoderEval-Java-CodeLlama-7B-AWQ,CodeLlama-7B,AWQ,636767041a6d9265ec01790f,12.0,0,3,0,3.0,2.0
CoderEval-Java-CodeLlama-7B-AWQ,CodeLlama-7B,AWQ,636767061a6d9265ec01794a,7.0,0,2,0,3.0,2.0
CoderEval-Java-CodeLlama-7B-AWQ,CodeLlama-7B,AWQ,636767081a6d9265ec017989,15.0,0,2,0,4.0,3.0
CoderEval-Java-CodeLlama-7B-AWQ,CodeLlama-7B,AWQ,636767081a6d9265ec0179a2,10.0,0,2,0,3.0,3.0
CoderEval-Java-CodeLlama-7B-AWQ,CodeLlama-7B,AWQ,6367670a1a6d9265ec0179cf,5.0,0,2,0,2.0,1.0
CoderEval-Java-CodeLlama-7B-AWQ,CodeLlama-7B,AWQ,6367670a1a6d9265ec0179d8,5.0,0,1,0,1.0,0.0
CoderEval-Java-CodeLlama-7B-AWQ,CodeLlama-7B,AWQ,6367670a1a6d9265ec0179d9,5.0,0,2,0,2.0,1.0
CoderEval-Java-CodeLlama-7B-AWQ,CodeLlama-7B,AWQ,6367670a1a6d9265ec0179dc,12.0,0,1,0,5.0,7.0
CoderEval-Java-CodeLlama-7B-AWQ,CodeLlama-7B,AWQ,6367670a1a6d9265ec0179e7,0.0,0,0,0,0.0,0.0
CoderEval-Java-CodeLlama-7B-AWQ,CodeLlama-7B,AWQ,6367670a1a6d9265ec0179e8,8.0,0,2,0,3.0,2.0
CoderEval-Java-CodeLlama-7B-AWQ,CodeLlama-7B,AWQ,6367670a1a6d9265ec0179f1,9.0,0,2,0,2.0,1.0
CoderEval-Java-CodeLlama-7B-AWQ,CodeLlama-7B,AWQ,6367670b1a6d9265ec0179f2,5.0,0,1,0,1.0,0.0
CoderEval-Java-CodeLlama-7B-AWQ,CodeLlama-7B,AWQ,6367670b1a6d9265ec0179fe,5.0,0,2,0,1.0,0.0
CoderEval-Java-CodeLlama-7B-AWQ,CodeLlama-7B,AWQ,6367670b1a6d9265ec0179ff,8.0,0,2,0,3.0,2.0
CoderEval-Java-CodeLlama-7B-AWQ,CodeLlama-7B,AWQ,6367670b1a6d9265ec017a00,5.0,0,2,0,1.0,0.0
CoderEval-Java-CodeLlama-7B-AWQ,CodeLlama-7B,AWQ,6367670b1a6d9265ec017a05,5.0,0,2,0,1.0,0.0
CoderEval-Java-CodeLlama-7B-AWQ,CodeLlama-7B,AWQ,6367670b1a6d9265ec017a0f,10.0,0,2,0,3.0,3.0
CoderEval-Java-CodeLlama-7B-AWQ,CodeLlama-7B,AWQ,6367670c1a6d9265ec017a35,20.0,0,3,0,9.0,15.0
CoderEval-Java-CodeLlama-7B-AWQ,CodeLlama-7B,AWQ,6367670c1a6d9265ec017a2a,15.0,0,2,0,4.0,3.0
CoderEval-Java-CodeLlama-7B-AWQ,CodeLlama-7B,AWQ,636767121a6d9265ec017b0a,15.0,0,1,0,5.0,7.0
CoderEval-Java-CodeLlama-7B-AWQ,CodeLlama-7B,AWQ,636767131a6d9265ec017b23,5.0,0,1,0,1.0,0.0
CoderEval-Java-CodeLlama-7B-AWQ,CodeLlama-7B,AWQ,636767151a6d9265ec017b6b,15.0,0,3,0,8.0,13.0
CoderEval-Java-CodeLlama-7B-AWQ,CodeLlama-7B,AWQ,636767191a6d9265ec017c0f,0.0,0,0,0,0.0,0.0
CoderEval-Java-CodeLlama-7B-AWQ,CodeLlama-7B,AWQ,6367671a1a6d9265ec017c15,12.0,0,2,0,6.0,5.0
CoderEval-Java-CodeLlama-7B-AWQ,CodeLlama-7B,AWQ,6367672d1a6d9265ec017c73,11.0,0,2,0,3.0,3.0
CoderEval-Java-CodeLlama-7B-AWQ,CodeLlama-7B,AWQ,6367672d1a6d9265ec017c74,16.0,0,1,0,3.0,5.0
CoderEval-Java-CodeLlama-7B-AWQ,CodeLlama-7B,AWQ,6367672d1a6d9265ec017c78,9.0,0,1,0,2.0,1.0
CoderEval-Java-CodeLlama-7B-AWQ,CodeLlama-7B,AWQ,636767431a6d9265ec017c88,9.0,0,2,0,2.0,1.0
CoderEval-Java-CodeLlama-7B-AWQ,CodeLlama-7B,AWQ,636767431a6d9265ec017c8d,10.0,0,1,0,2.0,1.0
CoderEval-Java-CodeLlama-7B-AWQ,CodeLlama-7B,AWQ,636767441a6d9265ec017cc1,10.0,0,1,0,1.0,0.0
CoderEval-Java-CodeLlama-7B-AWQ,CodeLlama-7B,AWQ,636767461a6d9265ec017d0e,11.0,0,3,0,2.0,1.0
CoderEval-Java-CodeLlama-7B-AWQ,CodeLlama-7B,AWQ,636767491a6d9265ec017d90,9.0,0,2,0,2.0,1.0
CoderEval-Java-CodeLlama-7B-AWQ,CodeLlama-7B,AWQ,6367674a1a6d9265ec017da9,13.0,0,2,0,4.0,3.0
CoderEval-Java-CodeLlama-7B-AWQ,CodeLlama-7B,AWQ,6367674a1a6d9265ec017dab,0.0,0,0,0,0.0,0.0
CoderEval-Java-CodeLlama-7B-AWQ,CodeLlama-7B,AWQ,6367674b1a6d9265ec017dc0,10.0,0,2,0,2.0,1.0
CoderEval-Java-CodeLlama-7B-AWQ,CodeLlama-7B,AWQ,6367674f1a6d9265ec017e74,9.0,0,1,0,2.0,1.0
CoderEval-Java-CodeLlama-7B-AWQ,CodeLlama-7B,AWQ,636767501a6d9265ec017e86,5.0,0,1,0,1.0,0.0
CoderEval-Java-CodeLlama-7B-AWQ,CodeLlama-7B,AWQ,636767511a6d9265ec017eb0,10.0,0,1,0,3.0,3.0
CoderEval-Java-CodeLlama-7B-AWQ,CodeLlama-7B,AWQ,636767511a6d9265ec017eb6,10.0,0,1,0,3.0,3.0
CoderEval-Java-CodeLlama-7B-AWQ,CodeLlama-7B,AWQ,636767521a6d9265ec017ecc,37.0,0,4,0,3.0,0.0
CoderEval-Java-CodeLlama-7B-AWQ,CodeLlama-7B,AWQ,636767531a6d9265ec017ef1,5.0,0,2,0,2.0,1.0
CoderEval-Java-CodeLlama-7B-AWQ,CodeLlama-7B,AWQ,636767551a6d9265ec017f3f,7.0,0,2,0,1.0,0.0
CoderEval-Java-CodeLlama-7B-AWQ,CodeLlama-7B,AWQ,636767561a6d9265ec017f63,10.0,0,1,0,3.0,3.0
CoderEval-Java-CodeLlama-7B-AWQ,CodeLlama-7B,AWQ,636767561a6d9265ec017f7c,9.0,0,2,0,2.0,1.0
CoderEval-Java-CodeLlama-7B-AWQ,CodeLlama-7B,AWQ,636767581a6d9265ec017fb4,9.0,0,2,0,2.0,1.0
CoderEval-Java-CodeLlama-7B-AWQ,CodeLlama-7B,AWQ,636767581a6d9265ec017fc4,8.0,0,2,0,2.0,2.0
CoderEval-Java-CodeLlama-7B-AWQ,CodeLlama-7B,AWQ,6367675c1a6d9265ec018058,5.0,0,2,0,2.0,0.0
CoderEval-Java-CodeLlama-7B-AWQ,CodeLlama-7B,AWQ,6367675c1a6d9265ec01805b,12.0,0,1,0,3.0,2.0
CoderEval-Java-CodeLlama-7B-AWQ,CodeLlama-7B,AWQ,6367675d1a6d9265ec018082,5.0,0,1,0,1.0,0.0
CoderEval-Java-CodeLlama-7B-AWQ,CodeLlama-7B,AWQ,6367675f1a6d9265ec0180cf,13.0,0,3,0,7.0,12.0
CoderEval-Java-CodeLlama-7B-AWQ,CodeLlama-7B,AWQ,6367675f1a6d9265ec0180d3,5.0,0,3,0,1.0,0.0
CoderEval-Java-CodeLlama-7B-AWQ,CodeLlama-7B,AWQ,636767601a6d9265ec0180e2,12.0,0,2,0,3.0,3.0
CoderEval-Java-CodeLlama-7B-AWQ,CodeLlama-7B,AWQ,636767611a6d9265ec018112,0.0,0,0,0,0.0,0.0
CoderEval-Java-CodeLlama-7B-AWQ,CodeLlama-7B,AWQ,636767611a6d9265ec018116,11.0,0,2,0,3.0,3.0
CoderEval-Java-CodeLlama-7B-AWQ,CodeLlama-7B,AWQ,636767631a6d9265ec018171,0.0,0,0,0,0.0,0.0
CoderEval-Java-CodeLlama-7B-AWQ,CodeLlama-7B,AWQ,636767691a6d9265ec0181a6,9.0,0,2,0,2.0,1.0
CoderEval-Java-CodeLlama-7B-AWQ,CodeLlama-7B,AWQ,636767691a6d9265ec0181a7,9.0,0,2,0,3.0,2.0
CoderEval-Java-CodeLlama-7B-AWQ,CodeLlama-7B,AWQ,636767691a6d9265ec0181aa,12.0,0,2,0,3.0,2.0
CoderEval-Java-CodeLlama-7B-AWQ,CodeLlama-7B,AWQ,636767691a6d9265ec0181ac,13.0,0,2,0,4.0,3.0
CoderEval-Java-CodeLlama-7B-AWQ,CodeLlama-7B,AWQ,6367676a1a6d9265ec0181bf,8.0,0,2,0,2.0,1.0
CoderEval-Java-CodeLlama-7B-AWQ,CodeLlama-7B,AWQ,6367676a1a6d9265ec0181cd,9.0,0,2,0,3.0,2.0
CoderEval-Java-CodeLlama-7B-AWQ,CodeLlama-7B,AWQ,6367676a1a6d9265ec0181d4,10.0,0,3,0,2.0,1.0
CoderEval-Java-CodeLlama-7B-AWQ,CodeLlama-7B,AWQ,6367676b1a6d9265ec0181dd,11.0,0,2,0,3.0,3.0
CoderEval-Java-CodeLlama-7B-AWQ,CodeLlama-7B,AWQ,6367676b1a6d9265ec0181df,5.0,0,2,0,1.0,0.0
CoderEval-Java-CodeLlama-7B-AWQ,CodeLlama-7B,AWQ,6367676b1a6d9265ec0181e2,12.0,0,2,0,3.0,3.0
CoderEval-Java-CodeLlama-7B-AWQ,CodeLlama-7B,AWQ,6367676b1a6d9265ec0181e9,14.0,0,2,0,7.0,7.0
CoderEval-Java-CodeLlama-7B-AWQ,CodeLlama-7B,AWQ,6367676b1a6d9265ec0181ee,10.0,0,2,0,3.0,2.0
CoderEval-Java-CodeLlama-7B-AWQ,CodeLlama-7B,AWQ,6367676c1a6d9265ec018204,8.0,0,2,0,1.0,0.0
CoderEval-Java-CodeLlama-7B-AWQ,CodeLlama-7B,AWQ,6367676c1a6d9265ec018220,7.0,0,2,0,2.0,1.0
CoderEval-Java-CodeLlama-7B-AWQ,CodeLlama-7B,AWQ,6367676c1a6d9265ec018223,11.0,0,2,0,4.0,4.0
CoderEval-Java-CodeLlama-7B-AWQ,CodeLlama-7B,AWQ,6367676c1a6d9265ec01820b,9.0,0,2,0,2.0,1.0
CoderEval-Java-CodeLlama-7B-AWQ,CodeLlama-7B,AWQ,6367676d1a6d9265ec018229,9.0,0,2,0,2.0,1.0
CoderEval-Java-CodeLlama-7B-AWQ,CodeLlama-7B,AWQ,636767781a6d9265ec018250,0.0,0,0,0,0.0,0.0
CoderEval-Java-CodeLlama-7B-AWQ,CodeLlama-7B,AWQ,636767791a6d9265ec01826d,9.0,0,2,0,2.0,2.0
CoderEval-Java-CodeLlama-7B-AWQ,CodeLlama-7B,AWQ,6367677b1a6d9265ec0182bd,0.0,0,0,0,0.0,0.0
CoderEval-Java-CodeLlama-7B-AWQ,CodeLlama-7B,AWQ,6367677d1a6d9265ec0182fd,9.0,0,3,0,6.0,5.0
CoderEval-Java-CodeLlama-7B-AWQ,CodeLlama-7B,AWQ,6367677e1a6d9265ec01830f,37.0,0,2,0,11.0,28.0
CoderEval-Java-CodeLlama-7B-AWQ,CodeLlama-7B,AWQ,6367677e1a6d9265ec01832e,9.0,0,1,0,2.0,1.0
CoderEval-Java-CodeLlama-7B-AWQ,CodeLlama-7B,AWQ,6367677f1a6d9265ec018347,7.0,0,1,0,2.0,1.0
CoderEval-Java-CodeLlama-7B-AWQ,CodeLlama-7B,AWQ,6367677f1a6d9265ec01834b,13.0,0,1,0,4.0,4.0
CoderEval-Java-CodeLlama-7B-AWQ,CodeLlama-7B,AWQ,636767821a6d9265ec0183a0,8.0,0,2,0,2.0,1.0
CoderEval-Java-CodeLlama-7B-AWQ,CodeLlama-7B,AWQ,636767821a6d9265ec0183ab,5.0,0,1,0,1.0,0.0
CoderEval-Java-CodeLlama-7B-AWQ,CodeLlama-7B,AWQ,636767831a6d9265ec0183c9,8.0,0,2,0,2.0,1.0
CoderEval-Java-CodeLlama-7B-AWQ,CodeLlama-7B,AWQ,636767841a6d9265ec0183e8,12.0,0,1,0,4.0,3.0
CoderEval-Java-CodeLlama-7B-AWQ,CodeLlama-7B,AWQ,636767861a6d9265ec018440,13.0,0,1,0,4.0,4.0
CoderEval-Java-CodeLlama-7B-AWQ,CodeLlama-7B,AWQ,636767861a6d9265ec01844c,7.0,0,1,0,2.0,1.0
CoderEval-Java-CodeLlama-7B-AWQ,CodeLlama-7B,AWQ,636767871a6d9265ec01846d,8.0,0,2,0,2.0,1.0
CoderEval-Java-CodeLlama-7B-AWQ,CodeLlama-7B,AWQ,636767a21a6d9265ec018517,0.0,0,0,0,0.0,0.0
CoderEval-Java-CodeLlama-7B-AWQ,CodeLlama-7B,AWQ,636767a31a6d9265ec018552,0.0,0,0,0,0.0,0.0
CoderEval-Java-CodeLlama-7B-AWQ,CodeLlama-7B,AWQ,636767a31a6d9265ec01854f,14.0,0,1,0,2.0,1.0
CoderEval-Java-CodeLlama-7B-AWQ,CodeLlama-7B,AWQ,636767a41a6d9265ec018572,13.0,0,1,0,3.0,3.0
CoderEval-Java-CodeLlama-7B-AWQ,CodeLlama-7B,AWQ,636767a41a6d9265ec018582,7.0,0,2,0,1.0,0.0
CoderEval-Java-CodeLlama-7B-AWQ,CodeLlama-7B,AWQ,636767a41a6d9265ec01856c,19.0,0,3,0,6.0,7.0
CoderEval-Java-CodeLlama-7B-AWQ,CodeLlama-7B,AWQ,636767a41a6d9265ec01857e,7.0,0,3,0,3.0,2.0
CoderEval-Java-CodeLlama-7B-AWQ,CodeLlama-7B,AWQ,636767a51a6d9265ec01859d,7.0,0,2,0,4.0,4.0
CoderEval-Java-CodeLlama-7B-AWQ,CodeLlama-7B,AWQ,636767a61a6d9265ec0185b7,5.0,0,2,0,1.0,0.0
CoderEval-Java-CodeLlama-7B-AWQ,CodeLlama-7B,AWQ,636767a81a6d9265ec0185fc,12.0,0,1,0,3.0,2.0
CoderEval-Java-CodeLlama-7B-AWQ,CodeLlama-7B,AWQ,636767aa1a6d9265ec01864a,9.0,0,1,0,1.0,0.0
CoderEval-Java-CodeLlama-7B-AWQ,CodeLlama-7B,AWQ,636767ab1a6d9265ec018676,5.0,0,2,0,6.0,5.0
CoderEval-Java-CodeLlama-7B-AWQ,CodeLlama-7B,AWQ,636767dc1a6d9265ec0186be,0.0,0,0,0,0.0,0.0
CoderEval-Java-CodeLlama-7B-AWQ,CodeLlama-7B,AWQ,636767dc1a6d9265ec0186cb,0.0,0,0,0,0.0,0.0
CoderEval-Java-CodeLlama-7B-AWQ,CodeLlama-7B,AWQ,636767dd1a6d9265ec0186de,0.0,0,0,0,0.0,0.0
CoderEval-Java-CodeLlama-7B-AWQ,CodeLlama-7B,AWQ,636767dd1a6d9265ec0186e5,31.0,0,3,0,14.0,17.0
CoderEval-Java-CodeLlama-7B-AWQ,CodeLlama-7B,AWQ,636767dd1a6d9265ec0186f3,9.0,0,1,0,3.0,3.0
CoderEval-Java-CodeLlama-7B-AWQ,CodeLlama-7B,AWQ,636767de1a6d9265ec01871c,0.0,0,0,0,0.0,0.0
CoderEval-Java-CodeLlama-7B-AWQ,CodeLlama-7B,AWQ,636767df1a6d9265ec018744,0.0,0,0,0,0.0,0.0
CoderEval-Java-CodeLlama-7B-AWQ,CodeLlama-7B,AWQ,636767df1a6d9265ec01873c,5.0,0,1,0,1.0,0.0
CoderEval-Java-CodeLlama-7B-AWQ,CodeLlama-7B,AWQ,636767e01a6d9265ec018755,0.0,0,0,0,0.0,0.0
CoderEval-Java-CodeLlama-7B-AWQ,CodeLlama-7B,AWQ,636767e01a6d9265ec018764,9.0,0,1,0,2.0,1.0
CoderEval-Java-CodeLlama-7B-AWQ,CodeLlama-7B,AWQ,636767e11a6d9265ec018781,21.0,0,1,0,5.0,8.0
CoderEval-Java-CodeLlama-7B-AWQ,CodeLlama-7B,AWQ,636767e11a6d9265ec018795,11.0,0,1,0,4.0,4.0
CoderEval-Java-CodeLlama-7B-BitsAndBytes,CodeLlama-7B,BitsAndBytes,6367667d1a6d9265ec017401,0.0,0,0,0,0.0,0.0
CoderEval-Java-CodeLlama-7B-BitsAndBytes,CodeLlama-7B,BitsAndBytes,6367667d1a6d9265ec01741d,0.0,0,0,0,0.0,0.0
CoderEval-Java-CodeLlama-7B-BitsAndBytes,CodeLlama-7B,BitsAndBytes,6367667e1a6d9265ec01743a,5.0,0,1,0,1.0,0.0
CoderEval-Java-CodeLlama-7B-BitsAndBytes,CodeLlama-7B,BitsAndBytes,6367667f1a6d9265ec017457,32.0,0,4,0,14.0,91.0
CoderEval-Java-CodeLlama-7B-BitsAndBytes,CodeLlama-7B,BitsAndBytes,6367667f1a6d9265ec01745d,26.0,0,3,0,6.0,6.0
CoderEval-Java-CodeLlama-7B-BitsAndBytes,CodeLlama-7B,BitsAndBytes,636766801a6d9265ec017487,15.0,0,2,0,4.0,5.0
CoderEval-Java-CodeLlama-7B-BitsAndBytes,CodeLlama-7B,BitsAndBytes,636766821a6d9265ec0174b6,19.0,0,2,0,4.0,6.0
CoderEval-Java-CodeLlama-7B-BitsAndBytes,CodeLlama-7B,BitsAndBytes,636766821a6d9265ec0174bf,7.0,0,2,0,1.0,0.0
CoderEval-Java-CodeLlama-7B-BitsAndBytes,CodeLlama-7B,BitsAndBytes,636766821a6d9265ec0174c9,10.0,0,2,0,2.0,1.0
CoderEval-Java-CodeLlama-7B-BitsAndBytes,CodeLlama-7B,BitsAndBytes,636766831a6d9265ec0174eb,0.0,0,0,0,0.0,0.0
CoderEval-Java-CodeLlama-7B-BitsAndBytes,CodeLlama-7B,BitsAndBytes,636766851a6d9265ec01751b,14.0,0,2,0,7.0,6.0
CoderEval-Java-CodeLlama-7B-BitsAndBytes,CodeLlama-7B,BitsAndBytes,636766861a6d9265ec017553,5.0,0,1,0,1.0,0.0
CoderEval-Java-CodeLlama-7B-BitsAndBytes,CodeLlama-7B,BitsAndBytes,636766861a6d9265ec01755a,0.0,0,0,0,0.0,0.0
CoderEval-Java-CodeLlama-7B-BitsAndBytes,CodeLlama-7B,BitsAndBytes,636766a81a6d9265ec017586,0.0,0,0,0,0.0,0.0
CoderEval-Java-CodeLlama-7B-BitsAndBytes,CodeLlama-7B,BitsAndBytes,636766a81a6d9265ec017595,10.0,0,1,0,2.0,1.0
CoderEval-Java-CodeLlama-7B-BitsAndBytes,CodeLlama-7B,BitsAndBytes,636766a81a6d9265ec01758e,0.0,0,0,0,0.0,0.0
CoderEval-Java-CodeLlama-7B-BitsAndBytes,CodeLlama-7B,BitsAndBytes,636766a91a6d9265ec0175ae,62.0,0,3,0,29.0,28.0
CoderEval-Java-CodeLlama-7B-BitsAndBytes,CodeLlama-7B,BitsAndBytes,636766a91a6d9265ec0175c1,0.0,0,0,0,0.0,0.0
CoderEval-Java-CodeLlama-7B-BitsAndBytes,CodeLlama-7B,BitsAndBytes,636766a91a6d9265ec0175c2,7.0,0,1,0,2.0,1.0
CoderEval-Java-CodeLlama-7B-BitsAndBytes,CodeLlama-7B,BitsAndBytes,636766a91a6d9265ec0175c4,41.0,0,1,0,12.0,1.0
CoderEval-Java-CodeLlama-7B-BitsAndBytes,CodeLlama-7B,BitsAndBytes,636766aa1a6d9265ec0175ce,6.0,0,1,0,1.0,0.0
CoderEval-Java-CodeLlama-7B-BitsAndBytes,CodeLlama-7B,BitsAndBytes,636766ae1a6d9265ec0175d8,16.0,0,1,0,2.0,2.0
CoderEval-Java-CodeLlama-7B-BitsAndBytes,CodeLlama-7B,BitsAndBytes,636766ae1a6d9265ec0175dc,5.0,0,1,0,1.0,0.0
CoderEval-Java-CodeLlama-7B-BitsAndBytes,CodeLlama-7B,BitsAndBytes,636766f01a6d9265ec017639,7.0,0,2,0,2.0,1.0
CoderEval-Java-CodeLlama-7B-BitsAndBytes,CodeLlama-7B,BitsAndBytes,636766f01a6d9265ec01762e,5.0,0,2,0,2.0,1.0
CoderEval-Java-CodeLlama-7B-BitsAndBytes,CodeLlama-7B,BitsAndBytes,636766f01a6d9265ec01763e,0.0,0,0,0,0.0,0.0
CoderEval-Java-CodeLlama-7B-BitsAndBytes,CodeLlama-7B,BitsAndBytes,636766f11a6d9265ec017641,5.0,0,1,0,1.0,0.0
CoderEval-Java-CodeLlama-7B-BitsAndBytes,CodeLlama-7B,BitsAndBytes,636766f11a6d9265ec017651,5.0,0,2,0,3.0,2.0
CoderEval-Java-CodeLlama-7B-BitsAndBytes,CodeLlama-7B,BitsAndBytes,636766f11a6d9265ec017658,0.0,0,0,0,0.0,0.0
CoderEval-Java-CodeLlama-7B-BitsAndBytes,CodeLlama-7B,BitsAndBytes,636766f11a6d9265ec017663,11.0,0,2,0,5.0,4.0
CoderEval-Java-CodeLlama-7B-BitsAndBytes,CodeLlama-7B,BitsAndBytes,636766f11a6d9265ec01764f,0.0,0,0,0,0.0,0.0
CoderEval-Java-CodeLlama-7B-BitsAndBytes,CodeLlama-7B,BitsAndBytes,636766f21a6d9265ec017667,5.0,0,1,0,1.0,0.0
CoderEval-Java-CodeLlama-7B-BitsAndBytes,CodeLlama-7B,BitsAndBytes,636766f21a6d9265ec017677,5.0,0,2,0,1.0,0.0
CoderEval-Java-CodeLlama-7B-BitsAndBytes,CodeLlama-7B,BitsAndBytes,636766f21a6d9265ec01767d,8.0,0,2,0,2.0,1.0
CoderEval-Java-CodeLlama-7B-BitsAndBytes,CodeLlama-7B,BitsAndBytes,636766f31a6d9265ec01768f,5.0,0,2,0,1.0,0.0
CoderEval-Java-CodeLlama-7B-BitsAndBytes,CodeLlama-7B,BitsAndBytes,636766f61a6d9265ec017701,22.0,0,3,0,7.0,16.0
CoderEval-Java-CodeLlama-7B-BitsAndBytes,CodeLlama-7B,BitsAndBytes,636766f71a6d9265ec017730,8.0,0,2,0,2.0,1.0
CoderEval-Java-CodeLlama-7B-BitsAndBytes,CodeLlama-7B,BitsAndBytes,636766f81a6d9265ec017758,5.0,0,1,0,1.0,0.0
CoderEval-Java-CodeLlama-7B-BitsAndBytes,CodeLlama-7B,BitsAndBytes,636766f81a6d9265ec01775b,5.0,0,1,0,1.0,0.0
CoderEval-Java-CodeLlama-7B-BitsAndBytes,CodeLlama-7B,BitsAndBytes,636766f81a6d9265ec01775c,6.0,0,3,0,2.0,1.0
CoderEval-Java-CodeLlama-7B-BitsAndBytes,CodeLlama-7B,BitsAndBytes,636766f91a6d9265ec01776e,0.0,0,0,0,0.0,0.0
CoderEval-Java-CodeLlama-7B-BitsAndBytes,CodeLlama-7B,BitsAndBytes,636766f91a6d9265ec01777d,14.0,0,2,0,7.0,6.0
CoderEval-Java-CodeLlama-7B-BitsAndBytes,CodeLlama-7B,BitsAndBytes,636766f91a6d9265ec01777f,0.0,0,0,0,0.0,0.0
CoderEval-Java-CodeLlama-7B-BitsAndBytes,CodeLlama-7B,BitsAndBytes,636766fa1a6d9265ec017796,9.0,0,3,0,2.0,1.0
CoderEval-Java-CodeLlama-7B-BitsAndBytes,CodeLlama-7B,BitsAndBytes,636766fa1a6d9265ec01779c,17.0,0,1,0,4.0,5.0
CoderEval-Java-CodeLlama-7B-BitsAndBytes,CodeLlama-7B,BitsAndBytes,636766fa1a6d9265ec01779d,5.0,0,2,0,2.0,1.0
CoderEval-Java-CodeLlama-7B-BitsAndBytes,CodeLlama-7B,BitsAndBytes,636766fa1a6d9265ec0177a4,12.0,0,2,0,3.0,2.0
CoderEval-Java-CodeLlama-7B-BitsAndBytes,CodeLlama-7B,BitsAndBytes,636766fa1a6d9265ec0177a9,13.0,0,1,0,2.0,2.0
CoderEval-Java-CodeLlama-7B-BitsAndBytes,CodeLlama-7B,BitsAndBytes,636766fb1a6d9265ec0177c1,5.0,0,2,0,2.0,1.0
CoderEval-Java-CodeLlama-7B-BitsAndBytes,CodeLlama-7B,BitsAndBytes,636766fb1a6d9265ec0177c3,5.0,0,2,0,1.0,0.0
CoderEval-Java-CodeLlama-7B-BitsAndBytes,CodeLlama-7B,BitsAndBytes,636766fc1a6d9265ec0177da,5.0,0,2,0,27.0,1.0
CoderEval-Java-CodeLlama-7B-BitsAndBytes,CodeLlama-7B,BitsAndBytes,636766fc1a6d9265ec0177ef,18.0,0,2,0,5.0,5.0
CoderEval-Java-CodeLlama-7B-BitsAndBytes,CodeLlama-7B,BitsAndBytes,636766fd1a6d9265ec017814,14.0,0,2,0,7.0,7.0
CoderEval-Java-CodeLlama-7B-BitsAndBytes,CodeLlama-7B,BitsAndBytes,636766fe1a6d9265ec017821,13.0,0,1,0,3.0,2.0
CoderEval-Java-CodeLlama-7B-BitsAndBytes,CodeLlama-7B,BitsAndBytes,636766fe1a6d9265ec017834,5.0,0,2,0,1.0,0.0
CoderEval-Java-CodeLlama-7B-BitsAndBytes,CodeLlama-7B,BitsAndBytes,636766fe1a6d9265ec017838,15.0,0,3,0,4.0,3.0
CoderEval-Java-CodeLlama-7B-BitsAndBytes,CodeLlama-7B,BitsAndBytes,636766fe1a6d9265ec01781c,5.0,0,2,0,1.0,0.0
CoderEval-Java-CodeLlama-7B-BitsAndBytes,CodeLlama-7B,BitsAndBytes,636766fe1a6d9265ec01782a,11.0,0,1,0,2.0,1.0
CoderEval-Java-CodeLlama-7B-BitsAndBytes,CodeLlama-7B,BitsAndBytes,636766ff1a6d9265ec017842,10.0,0,4,0,3.0,2.0
CoderEval-Java-CodeLlama-7B-BitsAndBytes,CodeLlama-7B,BitsAndBytes,636766ff1a6d9265ec017851,8.0,0,1,0,3.0,3.0
CoderEval-Java-CodeLlama-7B-BitsAndBytes,CodeLlama-7B,BitsAndBytes,636766ff1a6d9265ec017853,13.0,0,1,0,3.0,3.0
CoderEval-Java-CodeLlama-7B-BitsAndBytes,CodeLlama-7B,BitsAndBytes,636766ff1a6d9265ec01783b,9.0,0,3,0,5.0,4.0
CoderEval-Java-CodeLlama-7B-BitsAndBytes,CodeLlama-7B,BitsAndBytes,636766ff1a6d9265ec01784b,10.0,0,2,0,3.0,3.0
CoderEval-Java-CodeLlama-7B-BitsAndBytes,CodeLlama-7B,BitsAndBytes,636767001a6d9265ec017873,6.0,0,2,0,1.0,0.0
CoderEval-Java-CodeLlama-7B-BitsAndBytes,CodeLlama-7B,BitsAndBytes,636767021a6d9265ec0178b2,32.0,0,1,0,12.0,1.0
CoderEval-Java-CodeLlama-7B-BitsAndBytes,CodeLlama-7B,BitsAndBytes,636767021a6d9265ec0178bb,5.0,0,2,0,3.0,2.0
CoderEval-Java-CodeLlama-7B-BitsAndBytes,CodeLlama-7B,BitsAndBytes,636767021a6d9265ec0178bc,12.0,0,2,0,3.0,3.0
CoderEval-Java-CodeLlama-7B-BitsAndBytes,CodeLlama-7B,BitsAndBytes,636767021a6d9265ec0178bf,0.0,0,0,0,0.0,0.0
CoderEval-Java-CodeLlama-7B-BitsAndBytes,CodeLlama-7B,BitsAndBytes,636767031a6d9265ec0178dd,13.0,0,1,0,2.0,2.0
CoderEval-Java-CodeLlama-7B-BitsAndBytes,CodeLlama-7B,BitsAndBytes,636767031a6d9265ec0178e6,10.0,0,4,0,3.0,2.0
CoderEval-Java-CodeLlama-7B-BitsAndBytes,CodeLlama-7B,BitsAndBytes,636767031a6d9265ec0178ef,0.0,0,0,0,0.0,0.0
CoderEval-Java-CodeLlama-7B-BitsAndBytes,CodeLlama-7B,BitsAndBytes,636767041a6d9265ec017911,7.0,0,2,0,2.0,1.0
CoderEval-Java-CodeLlama-7B-BitsAndBytes,CodeLlama-7B,BitsAndBytes,636767041a6d9265ec0178f8,9.0,0,2,0,2.0,1.0
CoderEval-Java-CodeLlama-7B-BitsAndBytes,CodeLlama-7B,BitsAndBytes,636767041a6d9265ec01790f,12.0,0,3,0,3.0,2.0
CoderEval-Java-CodeLlama-7B-BitsAndBytes,CodeLlama-7B,BitsAndBytes,636767061a6d9265ec01794a,11.0,0,2,0,2.0,2.0
CoderEval-Java-CodeLlama-7B-BitsAndBytes,CodeLlama-7B,BitsAndBytes,636767081a6d9265ec017989,15.0,0,2,0,4.0,3.0
CoderEval-Java-CodeLlama-7B-BitsAndBytes,CodeLlama-7B,BitsAndBytes,636767081a6d9265ec0179a2,10.0,0,2,0,3.0,3.0
CoderEval-Java-CodeLlama-7B-BitsAndBytes,CodeLlama-7B,BitsAndBytes,6367670a1a6d9265ec0179cf,5.0,0,2,0,2.0,1.0
CoderEval-Java-CodeLlama-7B-BitsAndBytes,CodeLlama-7B,BitsAndBytes,6367670a1a6d9265ec0179d8,5.0,0,1,0,1.0,0.0
CoderEval-Java-CodeLlama-7B-BitsAndBytes,CodeLlama-7B,BitsAndBytes,6367670a1a6d9265ec0179d9,5.0,0,2,0,2.0,1.0
CoderEval-Java-CodeLlama-7B-BitsAndBytes,CodeLlama-7B,BitsAndBytes,6367670a1a6d9265ec0179dc,9.0,0,1,0,4.0,4.0
CoderEval-Java-CodeLlama-7B-BitsAndBytes,CodeLlama-7B,BitsAndBytes,6367670a1a6d9265ec0179e7,0.0,0,0,0,0.0,0.0
CoderEval-Java-CodeLlama-7B-BitsAndBytes,CodeLlama-7B,BitsAndBytes,6367670a1a6d9265ec0179e8,5.0,0,2,0,3.0,2.0
CoderEval-Java-CodeLlama-7B-BitsAndBytes,CodeLlama-7B,BitsAndBytes,6367670a1a6d9265ec0179f1,10.0,0,4,0,3.0,2.0
CoderEval-Java-CodeLlama-7B-BitsAndBytes,CodeLlama-7B,BitsAndBytes,6367670b1a6d9265ec0179f2,5.0,0,1,0,1.0,0.0
CoderEval-Java-CodeLlama-7B-BitsAndBytes,CodeLlama-7B,BitsAndBytes,6367670b1a6d9265ec0179fe,5.0,0,2,0,1.0,0.0
CoderEval-Java-CodeLlama-7B-BitsAndBytes,CodeLlama-7B,BitsAndBytes,6367670b1a6d9265ec0179ff,5.0,0,2,0,3.0,2.0
CoderEval-Java-CodeLlama-7B-BitsAndBytes,CodeLlama-7B,BitsAndBytes,6367670b1a6d9265ec017a00,5.0,0,2,0,1.0,0.0
CoderEval-Java-CodeLlama-7B-BitsAndBytes,CodeLlama-7B,BitsAndBytes,6367670b1a6d9265ec017a05,5.0,0,2,0,1.0,0.0
CoderEval-Java-CodeLlama-7B-BitsAndBytes,CodeLlama-7B,BitsAndBytes,6367670b1a6d9265ec017a0f,13.0,0,2,0,6.0,5.0
CoderEval-Java-CodeLlama-7B-BitsAndBytes,CodeLlama-7B,BitsAndBytes,6367670c1a6d9265ec017a35,12.0,0,3,0,6.0,6.0
CoderEval-Java-CodeLlama-7B-BitsAndBytes,CodeLlama-7B,BitsAndBytes,6367670c1a6d9265ec017a2a,15.0,0,3,0,4.0,3.0
CoderEval-Java-CodeLlama-7B-BitsAndBytes,CodeLlama-7B,BitsAndBytes,636767121a6d9265ec017b0a,15.0,0,1,0,5.0,7.0
CoderEval-Java-CodeLlama-7B-BitsAndBytes,CodeLlama-7B,BitsAndBytes,636767131a6d9265ec017b23,5.0,0,1,0,1.0,0.0
CoderEval-Java-CodeLlama-7B-BitsAndBytes,CodeLlama-7B,BitsAndBytes,636767151a6d9265ec017b6b,16.0,0,3,0,8.0,13.0
CoderEval-Java-CodeLlama-7B-BitsAndBytes,CodeLlama-7B,BitsAndBytes,636767191a6d9265ec017c0f,0.0,0,0,0,0.0,0.0
CoderEval-Java-CodeLlama-7B-BitsAndBytes,CodeLlama-7B,BitsAndBytes,6367671a1a6d9265ec017c15,15.0,0,2,0,7.0,5.0
CoderEval-Java-CodeLlama-7B-BitsAndBytes,CodeLlama-7B,BitsAndBytes,6367672d1a6d9265ec017c73,10.0,0,2,0,3.0,3.0
CoderEval-Java-CodeLlama-7B-BitsAndBytes,CodeLlama-7B,BitsAndBytes,6367672d1a6d9265ec017c74,9.0,0,1,0,2.0,1.0
CoderEval-Java-CodeLlama-7B-BitsAndBytes,CodeLlama-7B,BitsAndBytes,6367672d1a6d9265ec017c78,9.0,0,1,0,2.0,1.0
CoderEval-Java-CodeLlama-7B-BitsAndBytes,CodeLlama-7B,BitsAndBytes,636767431a6d9265ec017c88,9.0,0,2,0,2.0,1.0
CoderEval-Java-CodeLlama-7B-BitsAndBytes,CodeLlama-7B,BitsAndBytes,636767431a6d9265ec017c8d,10.0,0,1,0,2.0,1.0
CoderEval-Java-CodeLlama-7B-BitsAndBytes,CodeLlama-7B,BitsAndBytes,636767441a6d9265ec017cc1,10.0,0,1,0,1.0,0.0
CoderEval-Java-CodeLlama-7B-BitsAndBytes,CodeLlama-7B,BitsAndBytes,636767461a6d9265ec017d0e,11.0,0,3,0,2.0,1.0
CoderEval-Java-CodeLlama-7B-BitsAndBytes,CodeLlama-7B,BitsAndBytes,636767491a6d9265ec017d90,11.0,0,2,0,7.0,3.0
CoderEval-Java-CodeLlama-7B-BitsAndBytes,CodeLlama-7B,BitsAndBytes,6367674a1a6d9265ec017da9,11.0,0,2,0,4.0,3.0
CoderEval-Java-CodeLlama-7B-BitsAndBytes,CodeLlama-7B,BitsAndBytes,6367674a1a6d9265ec017dab,0.0,0,0,0,0.0,0.0
CoderEval-Java-CodeLlama-7B-BitsAndBytes,CodeLlama-7B,BitsAndBytes,6367674b1a6d9265ec017dc0,0.0,0,0,0,0.0,0.0
CoderEval-Java-CodeLlama-7B-BitsAndBytes,CodeLlama-7B,BitsAndBytes,6367674f1a6d9265ec017e74,9.0,0,1,0,2.0,1.0
CoderEval-Java-CodeLlama-7B-BitsAndBytes,CodeLlama-7B,BitsAndBytes,636767501a6d9265ec017e86,5.0,0,1,0,1.0,0.0
CoderEval-Java-CodeLlama-7B-BitsAndBytes,CodeLlama-7B,BitsAndBytes,636767511a6d9265ec017eb0,10.0,0,1,0,3.0,3.0
CoderEval-Java-CodeLlama-7B-BitsAndBytes,CodeLlama-7B,BitsAndBytes,636767511a6d9265ec017eb6,10.0,0,1,0,3.0,3.0
CoderEval-Java-CodeLlama-7B-BitsAndBytes,CodeLlama-7B,BitsAndBytes,636767521a6d9265ec017ecc,13.0,0,3,0,1.0,0.0
CoderEval-Java-CodeLlama-7B-BitsAndBytes,CodeLlama-7B,BitsAndBytes,636767531a6d9265ec017ef1,5.0,0,2,0,2.0,1.0
CoderEval-Java-CodeLlama-7B-BitsAndBytes,CodeLlama-7B,BitsAndBytes,636767551a6d9265ec017f3f,7.0,0,2,0,1.0,0.0
CoderEval-Java-CodeLlama-7B-BitsAndBytes,CodeLlama-7B,BitsAndBytes,636767561a6d9265ec017f63,9.0,0,2,0,3.0,3.0
CoderEval-Java-CodeLlama-7B-BitsAndBytes,CodeLlama-7B,BitsAndBytes,636767561a6d9265ec017f7c,9.0,0,2,0,2.0,1.0
CoderEval-Java-CodeLlama-7B-BitsAndBytes,CodeLlama-7B,BitsAndBytes,636767581a6d9265ec017fb4,9.0,0,2,0,2.0,1.0
CoderEval-Java-CodeLlama-7B-BitsAndBytes,CodeLlama-7B,BitsAndBytes,636767581a6d9265ec017fc4,8.0,0,2,0,2.0,2.0
CoderEval-Java-CodeLlama-7B-BitsAndBytes,CodeLlama-7B,BitsAndBytes,6367675c1a6d9265ec018058,5.0,0,2,0,2.0,0.0
CoderEval-Java-CodeLlama-7B-BitsAndBytes,CodeLlama-7B,BitsAndBytes,6367675c1a6d9265ec01805b,10.0,0,1,0,3.0,2.0
CoderEval-Java-CodeLlama-7B-BitsAndBytes,CodeLlama-7B,BitsAndBytes,6367675d1a6d9265ec018082,5.0,0,1,0,1.0,0.0
CoderEval-Java-CodeLlama-7B-BitsAndBytes,CodeLlama-7B,BitsAndBytes,6367675f1a6d9265ec0180cf,16.0,0,3,0,9.0,14.0
CoderEval-Java-CodeLlama-7B-BitsAndBytes,CodeLlama-7B,BitsAndBytes,6367675f1a6d9265ec0180d3,5.0,0,3,0,1.0,0.0
CoderEval-Java-CodeLlama-7B-BitsAndBytes,CodeLlama-7B,BitsAndBytes,636767601a6d9265ec0180e2,27.0,0,6,0,13.0,16.0
CoderEval-Java-CodeLlama-7B-BitsAndBytes,CodeLlama-7B,BitsAndBytes,636767611a6d9265ec018112,13.0,0,1,0,3.0,2.0
CoderEval-Java-CodeLlama-7B-BitsAndBytes,CodeLlama-7B,BitsAndBytes,636767611a6d9265ec018116,11.0,0,2,0,3.0,3.0
CoderEval-Java-CodeLlama-7B-BitsAndBytes,CodeLlama-7B,BitsAndBytes,636767631a6d9265ec018171,0.0,0,0,0,0.0,0.0
CoderEval-Java-CodeLlama-7B-BitsAndBytes,CodeLlama-7B,BitsAndBytes,636767691a6d9265ec0181a6,11.0,0,2,0,2.0,1.0
CoderEval-Java-CodeLlama-7B-BitsAndBytes,CodeLlama-7B,BitsAndBytes,636767691a6d9265ec0181a7,9.0,0,2,0,3.0,2.0
CoderEval-Java-CodeLlama-7B-BitsAndBytes,CodeLlama-7B,BitsAndBytes,636767691a6d9265ec0181aa,12.0,0,2,0,3.0,2.0
CoderEval-Java-CodeLlama-7B-BitsAndBytes,CodeLlama-7B,BitsAndBytes,636767691a6d9265ec0181ac,0.0,0,0,0,0.0,0.0
CoderEval-Java-CodeLlama-7B-BitsAndBytes,CodeLlama-7B,BitsAndBytes,6367676a1a6d9265ec0181bf,8.0,0,2,0,2.0,1.0
CoderEval-Java-CodeLlama-7B-BitsAndBytes,CodeLlama-7B,BitsAndBytes,6367676a1a6d9265ec0181cd,13.0,0,2,0,4.0,3.0
CoderEval-Java-CodeLlama-7B-BitsAndBytes,CodeLlama-7B,BitsAndBytes,6367676a1a6d9265ec0181d4,10.0,0,3,0,2.0,1.0
CoderEval-Java-CodeLlama-7B-BitsAndBytes,CodeLlama-7B,BitsAndBytes,6367676b1a6d9265ec0181dd,11.0,0,2,0,3.0,3.0
CoderEval-Java-CodeLlama-7B-BitsAndBytes,CodeLlama-7B,BitsAndBytes,6367676b1a6d9265ec0181df,5.0,0,2,0,1.0,0.0
CoderEval-Java-CodeLlama-7B-BitsAndBytes,CodeLlama-7B,BitsAndBytes,6367676b1a6d9265ec0181e2,11.0,0,3,0,5.0,5.0
CoderEval-Java-CodeLlama-7B-BitsAndBytes,CodeLlama-7B,BitsAndBytes,6367676b1a6d9265ec0181e9,11.0,0,2,0,4.0,4.0
CoderEval-Java-CodeLlama-7B-BitsAndBytes,CodeLlama-7B,BitsAndBytes,6367676b1a6d9265ec0181ee,9.0,0,2,0,3.0,2.0
CoderEval-Java-CodeLlama-7B-BitsAndBytes,CodeLlama-7B,BitsAndBytes,6367676c1a6d9265ec018204,8.0,0,2,0,1.0,0.0
CoderEval-Java-CodeLlama-7B-BitsAndBytes,CodeLlama-7B,BitsAndBytes,6367676c1a6d9265ec018220,7.0,0,2,0,2.0,1.0
CoderEval-Java-CodeLlama-7B-BitsAndBytes,CodeLlama-7B,BitsAndBytes,6367676c1a6d9265ec018223,10.0,0,2,0,4.0,4.0
CoderEval-Java-CodeLlama-7B-BitsAndBytes,CodeLlama-7B,BitsAndBytes,6367676c1a6d9265ec01820b,9.0,0,2,0,2.0,1.0
CoderEval-Java-CodeLlama-7B-BitsAndBytes,CodeLlama-7B,BitsAndBytes,6367676d1a6d9265ec018229,5.0,0,2,0,1.0,0.0
CoderEval-Java-CodeLlama-7B-BitsAndBytes,CodeLlama-7B,BitsAndBytes,636767781a6d9265ec018250,10.0,0,1,0,2.0,2.0
CoderEval-Java-CodeLlama-7B-BitsAndBytes,CodeLlama-7B,BitsAndBytes,636767791a6d9265ec01826d,12.0,0,2,0,2.0,2.0
CoderEval-Java-CodeLlama-7B-BitsAndBytes,CodeLlama-7B,BitsAndBytes,6367677b1a6d9265ec0182bd,5.0,0,1,0,1.0,0.0
CoderEval-Java-CodeLlama-7B-BitsAndBytes,CodeLlama-7B,BitsAndBytes,6367677d1a6d9265ec0182fd,9.0,0,3,0,4.0,3.0
CoderEval-Java-CodeLlama-7B-BitsAndBytes,CodeLlama-7B,BitsAndBytes,6367677e1a6d9265ec01830f,0.0,0,0,0,0.0,0.0
CoderEval-Java-CodeLlama-7B-BitsAndBytes,CodeLlama-7B,BitsAndBytes,6367677e1a6d9265ec01832e,5.0,0,1,0,1.0,0.0
CoderEval-Java-CodeLlama-7B-BitsAndBytes,CodeLlama-7B,BitsAndBytes,6367677f1a6d9265ec018347,7.0,0,1,0,2.0,1.0
CoderEval-Java-CodeLlama-7B-BitsAndBytes,CodeLlama-7B,BitsAndBytes,6367677f1a6d9265ec01834b,17.0,0,1,0,4.0,5.0
CoderEval-Java-CodeLlama-7B-BitsAndBytes,CodeLlama-7B,BitsAndBytes,636767821a6d9265ec0183a0,0.0,0,0,0,0.0,0.0
CoderEval-Java-CodeLlama-7B-BitsAndBytes,CodeLlama-7B,BitsAndBytes,636767821a6d9265ec0183ab,5.0,0,1,0,1.0,0.0
CoderEval-Java-CodeLlama-7B-BitsAndBytes,CodeLlama-7B,BitsAndBytes,636767831a6d9265ec0183c9,8.0,0,2,0,2.0,1.0
CoderEval-Java-CodeLlama-7B-BitsAndBytes,CodeLlama-7B,BitsAndBytes,636767841a6d9265ec0183e8,9.0,0,1,0,2.0,2.0
CoderEval-Java-CodeLlama-7B-BitsAndBytes,CodeLlama-7B,BitsAndBytes,636767861a6d9265ec018440,19.0,0,1,0,4.0,7.0
CoderEval-Java-CodeLlama-7B-BitsAndBytes,CodeLlama-7B,BitsAndBytes,636767861a6d9265ec01844c,12.0,0,1,0,3.0,2.0
CoderEval-Java-CodeLlama-7B-BitsAndBytes,CodeLlama-7B,BitsAndBytes,636767871a6d9265ec01846d,8.0,0,2,0,2.0,1.0
CoderEval-Java-CodeLlama-7B-BitsAndBytes,CodeLlama-7B,BitsAndBytes,636767a21a6d9265ec018517,0.0,0,0,0,0.0,0.0
CoderEval-Java-CodeLlama-7B-BitsAndBytes,CodeLlama-7B,BitsAndBytes,636767a31a6d9265ec018552,0.0,0,0,0,0.0,0.0
CoderEval-Java-CodeLlama-7B-BitsAndBytes,CodeLlama-7B,BitsAndBytes,636767a31a6d9265ec01854f,36.0,0,1,0,11.0,14.0
CoderEval-Java-CodeLlama-7B-BitsAndBytes,CodeLlama-7B,BitsAndBytes,636767a41a6d9265ec018572,13.0,0,1,0,2.0,1.0
CoderEval-Java-CodeLlama-7B-BitsAndBytes,CodeLlama-7B,BitsAndBytes,636767a41a6d9265ec018582,8.0,0,2,0,1.0,0.0
CoderEval-Java-CodeLlama-7B-BitsAndBytes,CodeLlama-7B,BitsAndBytes,636767a41a6d9265ec01856c,22.0,0,2,0,7.0,8.0
CoderEval-Java-CodeLlama-7B-BitsAndBytes,CodeLlama-7B,BitsAndBytes,636767a41a6d9265ec01857e,7.0,0,3,0,3.0,2.0
CoderEval-Java-CodeLlama-7B-BitsAndBytes,CodeLlama-7B,BitsAndBytes,636767a51a6d9265ec01859d,9.0,0,2,0,4.0,4.0
CoderEval-Java-CodeLlama-7B-BitsAndBytes,CodeLlama-7B,BitsAndBytes,636767a61a6d9265ec0185b7,5.0,0,2,0,1.0,0.0
CoderEval-Java-CodeLlama-7B-BitsAndBytes,CodeLlama-7B,BitsAndBytes,636767a81a6d9265ec0185fc,12.0,0,1,0,3.0,3.0
CoderEval-Java-CodeLlama-7B-BitsAndBytes,CodeLlama-7B,BitsAndBytes,636767aa1a6d9265ec01864a,9.0,0,1,0,1.0,0.0
CoderEval-Java-CodeLlama-7B-BitsAndBytes,CodeLlama-7B,BitsAndBytes,636767ab1a6d9265ec018676,5.0,0,2,0,6.0,5.0
CoderEval-Java-CodeLlama-7B-BitsAndBytes,CodeLlama-7B,BitsAndBytes,636767dc1a6d9265ec0186be,0.0,0,0,0,0.0,0.0
CoderEval-Java-CodeLlama-7B-BitsAndBytes,CodeLlama-7B,BitsAndBytes,636767dc1a6d9265ec0186cb,42.0,0,1,0,2.0,1.0
CoderEval-Java-CodeLlama-7B-BitsAndBytes,CodeLlama-7B,BitsAndBytes,636767dd1a6d9265ec0186de,0.0,0,0,0,0.0,0.0
CoderEval-Java-CodeLlama-7B-BitsAndBytes,CodeLlama-7B,BitsAndBytes,636767dd1a6d9265ec0186e5,30.0,0,3,0,13.0,16.0
CoderEval-Java-CodeLlama-7B-BitsAndBytes,CodeLlama-7B,BitsAndBytes,636767dd1a6d9265ec0186f3,9.0,0,1,0,3.0,3.0
CoderEval-Java-CodeLlama-7B-BitsAndBytes,CodeLlama-7B,BitsAndBytes,636767de1a6d9265ec01871c,0.0,0,0,0,0.0,0.0
CoderEval-Java-CodeLlama-7B-BitsAndBytes,CodeLlama-7B,BitsAndBytes,636767df1a6d9265ec018744,0.0,0,0,0,0.0,0.0
CoderEval-Java-CodeLlama-7B-BitsAndBytes,CodeLlama-7B,BitsAndBytes,636767df1a6d9265ec01873c,5.0,0,1,0,1.0,0.0
CoderEval-Java-CodeLlama-7B-BitsAndBytes,CodeLlama-7B,BitsAndBytes,636767e01a6d9265ec018755,0.0,0,0,0,0.0,0.0
CoderEval-Java-CodeLlama-7B-BitsAndBytes,CodeLlama-7B,BitsAndBytes,636767e01a6d9265ec018764,9.0,0,1,0,2.0,1.0
CoderEval-Java-CodeLlama-7B-BitsAndBytes,CodeLlama-7B,BitsAndBytes,636767e11a6d9265ec018781,26.0,0,1,0,7.0,13.0
CoderEval-Java-CodeLlama-7B-BitsAndBytes,CodeLlama-7B,BitsAndBytes,636767e11a6d9265ec018795,13.0,0,1,0,4.0,4.0
CoderEval-Java-CodeLlama-7B-FP,CodeLlama-7B,FP,6367667d1a6d9265ec017401,56.0,0,2,0,14.0,7.0
CoderEval-Java-CodeLlama-7B-FP,CodeLlama-7B,FP,6367667d1a6d9265ec01741d,13.0,0,2,0,3.0,2.0
CoderEval-Java-CodeLlama-7B-FP,CodeLlama-7B,FP,6367667e1a6d9265ec01743a,5.0,0,1,0,1.0,0.0
CoderEval-Java-CodeLlama-7B-FP,CodeLlama-7B,FP,6367667f1a6d9265ec017457,29.0,0,3,0,7.0,16.0
CoderEval-Java-CodeLlama-7B-FP,CodeLlama-7B,FP,6367667f1a6d9265ec01745d,26.0,0,3,0,6.0,6.0
CoderEval-Java-CodeLlama-7B-FP,CodeLlama-7B,FP,636766801a6d9265ec017487,5.0,0,2,0,1.0,0.0
CoderEval-Java-CodeLlama-7B-FP,CodeLlama-7B,FP,636766821a6d9265ec0174b6,19.0,0,2,0,4.0,4.0
CoderEval-Java-CodeLlama-7B-FP,CodeLlama-7B,FP,636766821a6d9265ec0174bf,7.0,0,2,0,1.0,0.0
CoderEval-Java-CodeLlama-7B-FP,CodeLlama-7B,FP,636766821a6d9265ec0174c9,10.0,0,2,0,2.0,1.0
CoderEval-Java-CodeLlama-7B-FP,CodeLlama-7B,FP,636766831a6d9265ec0174eb,7.0,0,1,0,2.0,1.0
CoderEval-Java-CodeLlama-7B-FP,CodeLlama-7B,FP,636766851a6d9265ec01751b,14.0,0,2,0,7.0,6.0
CoderEval-Java-CodeLlama-7B-FP,CodeLlama-7B,FP,636766861a6d9265ec017553,5.0,0,1,0,1.0,0.0
CoderEval-Java-CodeLlama-7B-FP,CodeLlama-7B,FP,636766861a6d9265ec01755a,5.0,0,1,0,1.0,0.0
CoderEval-Java-CodeLlama-7B-FP,CodeLlama-7B,FP,636766a81a6d9265ec017586,10.0,0,1,0,3.0,3.0
CoderEval-Java-CodeLlama-7B-FP,CodeLlama-7B,FP,636766a81a6d9265ec017595,10.0,0,1,0,2.0,1.0
CoderEval-Java-CodeLlama-7B-FP,CodeLlama-7B,FP,636766a81a6d9265ec01758e,0.0,0,0,0,0.0,0.0
CoderEval-Java-CodeLlama-7B-FP,CodeLlama-7B,FP,636766a91a6d9265ec0175ae,20.0,0,1,0,6.0,5.0
CoderEval-Java-CodeLlama-7B-FP,CodeLlama-7B,FP,636766a91a6d9265ec0175c1,0.0,0,0,0,0.0,0.0
CoderEval-Java-CodeLlama-7B-FP,CodeLlama-7B,FP,636766a91a6d9265ec0175c2,6.0,0,2,0,1.0,0.0
CoderEval-Java-CodeLlama-7B-FP,CodeLlama-7B,FP,636766a91a6d9265ec0175c4,24.0,0,1,0,11.0,1.0
CoderEval-Java-CodeLlama-7B-FP,CodeLlama-7B,FP,636766aa1a6d9265ec0175ce,6.0,0,1,0,1.0,0.0
CoderEval-Java-CodeLlama-7B-FP,CodeLlama-7B,FP,636766ae1a6d9265ec0175d8,16.0,0,1,0,2.0,2.0
CoderEval-Java-CodeLlama-7B-FP,CodeLlama-7B,FP,636766ae1a6d9265ec0175dc,5.0,0,1,0,1.0,0.0
CoderEval-Java-CodeLlama-7B-FP,CodeLlama-7B,FP,636766f01a6d9265ec017639,7.0,0,2,0,2.0,1.0
CoderEval-Java-CodeLlama-7B-FP,CodeLlama-7B,FP,636766f01a6d9265ec01762e,5.0,0,2,0,1.0,0.0
CoderEval-Java-CodeLlama-7B-FP,CodeLlama-7B,FP,636766f01a6d9265ec01763e,0.0,0,0,0,0.0,0.0
CoderEval-Java-CodeLlama-7B-FP,CodeLlama-7B,FP,636766f11a6d9265ec017641,5.0,0,1,0,1.0,0.0
CoderEval-Java-CodeLlama-7B-FP,CodeLlama-7B,FP,636766f11a6d9265ec017651,5.0,0,2,0,3.0,2.0
CoderEval-Java-CodeLlama-7B-FP,CodeLlama-7B,FP,636766f11a6d9265ec017658,7.0,0,2,0,1.0,0.0
CoderEval-Java-CodeLlama-7B-FP,CodeLlama-7B,FP,636766f11a6d9265ec017663,8.0,0,2,0,3.0,2.0
CoderEval-Java-CodeLlama-7B-FP,CodeLlama-7B,FP,636766f11a6d9265ec01764f,5.0,0,1,0,1.0,0.0
CoderEval-Java-CodeLlama-7B-FP,CodeLlama-7B,FP,636766f21a6d9265ec017667,5.0,0,1,0,1.0,0.0
CoderEval-Java-CodeLlama-7B-FP,CodeLlama-7B,FP,636766f21a6d9265ec017677,5.0,0,2,0,1.0,0.0
CoderEval-Java-CodeLlama-7B-FP,CodeLlama-7B,FP,636766f21a6d9265ec01767d,8.0,0,2,0,2.0,1.0
CoderEval-Java-CodeLlama-7B-FP,CodeLlama-7B,FP,636766f31a6d9265ec01768f,6.0,0,3,0,2.0,1.0
CoderEval-Java-CodeLlama-7B-FP,CodeLlama-7B,FP,636766f61a6d9265ec017701,23.0,0,3,0,8.0,19.0
CoderEval-Java-CodeLlama-7B-FP,CodeLlama-7B,FP,636766f71a6d9265ec017730,8.0,0,2,0,2.0,1.0
CoderEval-Java-CodeLlama-7B-FP,CodeLlama-7B,FP,636766f81a6d9265ec017758,7.0,0,1,0,1.0,0.0
CoderEval-Java-CodeLlama-7B-FP,CodeLlama-7B,FP,636766f81a6d9265ec01775b,5.0,0,1,0,1.0,0.0
CoderEval-Java-CodeLlama-7B-FP,CodeLlama-7B,FP,636766f81a6d9265ec01775c,8.0,0,2,0,2.0,1.0
CoderEval-Java-CodeLlama-7B-FP,CodeLlama-7B,FP,636766f91a6d9265ec01776e,0.0,0,0,0,0.0,0.0
CoderEval-Java-CodeLlama-7B-FP,CodeLlama-7B,FP,636766f91a6d9265ec01777d,14.0,0,2,0,7.0,6.0
CoderEval-Java-CodeLlama-7B-FP,CodeLlama-7B,FP,636766f91a6d9265ec01777f,5.0,0,3,0,2.0,1.0
CoderEval-Java-CodeLlama-7B-FP,CodeLlama-7B,FP,636766fa1a6d9265ec017796,8.0,0,4,0,3.0,2.0
CoderEval-Java-CodeLlama-7B-FP,CodeLlama-7B,FP,636766fa1a6d9265ec01779c,16.0,0,1,0,4.0,5.0
CoderEval-Java-CodeLlama-7B-FP,CodeLlama-7B,FP,636766fa1a6d9265ec01779d,5.0,0,2,0,2.0,1.0
CoderEval-Java-CodeLlama-7B-FP,CodeLlama-7B,FP,636766fa1a6d9265ec0177a4,12.0,0,2,0,3.0,2.0
CoderEval-Java-CodeLlama-7B-FP,CodeLlama-7B,FP,636766fa1a6d9265ec0177a9,8.0,0,1,0,2.0,1.0
CoderEval-Java-CodeLlama-7B-FP,CodeLlama-7B,FP,636766fb1a6d9265ec0177c1,5.0,0,2,0,2.0,1.0
CoderEval-Java-CodeLlama-7B-FP,CodeLlama-7B,FP,636766fb1a6d9265ec0177c3,5.0,0,2,0,1.0,0.0
CoderEval-Java-CodeLlama-7B-FP,CodeLlama-7B,FP,636766fc1a6d9265ec0177da,5.0,0,2,0,5.0,1.0
CoderEval-Java-CodeLlama-7B-FP,CodeLlama-7B,FP,636766fc1a6d9265ec0177ef,21.0,0,2,0,6.0,7.0
CoderEval-Java-CodeLlama-7B-FP,CodeLlama-7B,FP,636766fd1a6d9265ec017814,10.0,0,2,0,3.0,3.0
CoderEval-Java-CodeLlama-7B-FP,CodeLlama-7B,FP,636766fe1a6d9265ec017821,13.0,0,1,0,3.0,2.0
CoderEval-Java-CodeLlama-7B-FP,CodeLlama-7B,FP,636766fe1a6d9265ec017834,5.0,0,2,0,1.0,0.0
CoderEval-Java-CodeLlama-7B-FP,CodeLlama-7B,FP,636766fe1a6d9265ec017838,15.0,0,3,0,4.0,3.0
CoderEval-Java-CodeLlama-7B-FP,CodeLlama-7B,FP,636766fe1a6d9265ec01781c,5.0,0,2,0,1.0,0.0
CoderEval-Java-CodeLlama-7B-FP,CodeLlama-7B,FP,636766fe1a6d9265ec01782a,10.0,0,1,0,3.0,2.0
CoderEval-Java-CodeLlama-7B-FP,CodeLlama-7B,FP,636766ff1a6d9265ec017842,10.0,0,4,0,3.0,2.0
CoderEval-Java-CodeLlama-7B-FP,CodeLlama-7B,FP,636766ff1a6d9265ec017851,8.0,0,1,0,3.0,3.0
CoderEval-Java-CodeLlama-7B-FP,CodeLlama-7B,FP,636766ff1a6d9265ec017853,8.0,0,1,0,2.0,1.0
CoderEval-Java-CodeLlama-7B-FP,CodeLlama-7B,FP,636766ff1a6d9265ec01783b,9.0,0,3,0,5.0,4.0
CoderEval-Java-CodeLlama-7B-FP,CodeLlama-7B,FP,636766ff1a6d9265ec01784b,10.0,0,2,0,3.0,3.0
CoderEval-Java-CodeLlama-7B-FP,CodeLlama-7B,FP,636767001a6d9265ec017873,18.0,0,2,0,3.0,2.0
CoderEval-Java-CodeLlama-7B-FP,CodeLlama-7B,FP,636767021a6d9265ec0178b2,33.0,0,1,0,11.0,1.0
CoderEval-Java-CodeLlama-7B-FP,CodeLlama-7B,FP,636767021a6d9265ec0178bb,5.0,0,2,0,3.0,2.0
CoderEval-Java-CodeLlama-7B-FP,CodeLlama-7B,FP,636767021a6d9265ec0178bc,14.0,0,3,0,4.0,6.0
CoderEval-Java-CodeLlama-7B-FP,CodeLlama-7B,FP,636767021a6d9265ec0178bf,0.0,0,0,0,0.0,0.0
CoderEval-Java-CodeLlama-7B-FP,CodeLlama-7B,FP,636767031a6d9265ec0178dd,13.0,0,1,0,2.0,2.0
CoderEval-Java-CodeLlama-7B-FP,CodeLlama-7B,FP,636767031a6d9265ec0178e6,10.0,0,4,0,3.0,2.0
CoderEval-Java-CodeLlama-7B-FP,CodeLlama-7B,FP,636767031a6d9265ec0178ef,13.0,0,2,0,3.0,2.0
CoderEval-Java-CodeLlama-7B-FP,CodeLlama-7B,FP,636767041a6d9265ec017911,7.0,0,2,0,2.0,1.0
CoderEval-Java-CodeLlama-7B-FP,CodeLlama-7B,FP,636767041a6d9265ec0178f8,9.0,0,2,0,2.0,1.0
CoderEval-Java-CodeLlama-7B-FP,CodeLlama-7B,FP,636767041a6d9265ec01790f,12.0,0,3,0,3.0,2.0
CoderEval-Java-CodeLlama-7B-FP,CodeLlama-7B,FP,636767061a6d9265ec01794a,7.0,0,2,0,2.0,1.0
CoderEval-Java-CodeLlama-7B-FP,CodeLlama-7B,FP,636767081a6d9265ec017989,15.0,0,2,0,4.0,3.0
CoderEval-Java-CodeLlama-7B-FP,CodeLlama-7B,FP,636767081a6d9265ec0179a2,10.0,0,2,0,3.0,3.0
CoderEval-Java-CodeLlama-7B-FP,CodeLlama-7B,FP,6367670a1a6d9265ec0179cf,5.0,0,2,0,2.0,1.0
CoderEval-Java-CodeLlama-7B-FP,CodeLlama-7B,FP,6367670a1a6d9265ec0179d8,5.0,0,1,0,1.0,0.0
CoderEval-Java-CodeLlama-7B-FP,CodeLlama-7B,FP,6367670a1a6d9265ec0179d9,5.0,0,2,0,2.0,1.0
CoderEval-Java-CodeLlama-7B-FP,CodeLlama-7B,FP,6367670a1a6d9265ec0179dc,10.0,0,1,0,3.0,3.0
CoderEval-Java-CodeLlama-7B-FP,CodeLlama-7B,FP,6367670a1a6d9265ec0179e7,0.0,0,0,0,0.0,0.0
CoderEval-Java-CodeLlama-7B-FP,CodeLlama-7B,FP,6367670a1a6d9265ec0179e8,8.0,0,2,0,3.0,2.0
CoderEval-Java-CodeLlama-7B-FP,CodeLlama-7B,FP,6367670a1a6d9265ec0179f1,9.0,0,2,0,2.0,1.0
CoderEval-Java-CodeLlama-7B-FP,CodeLlama-7B,FP,6367670b1a6d9265ec0179f2,5.0,0,1,0,1.0,0.0
CoderEval-Java-CodeLlama-7B-FP,CodeLlama-7B,FP,6367670b1a6d9265ec0179fe,5.0,0,2,0,1.0,0.0
CoderEval-Java-CodeLlama-7B-FP,CodeLlama-7B,FP,6367670b1a6d9265ec0179ff,5.0,0,2,0,3.0,2.0
CoderEval-Java-CodeLlama-7B-FP,CodeLlama-7B,FP,6367670b1a6d9265ec017a00,8.0,0,3,0,2.0,1.0
CoderEval-Java-CodeLlama-7B-FP,CodeLlama-7B,FP,6367670b1a6d9265ec017a05,5.0,0,2,0,1.0,0.0
CoderEval-Java-CodeLlama-7B-FP,CodeLlama-7B,FP,6367670b1a6d9265ec017a0f,13.0,0,2,0,6.0,5.0
CoderEval-Java-CodeLlama-7B-FP,CodeLlama-7B,FP,6367670c1a6d9265ec017a35,19.0,0,4,0,11.0,18.0
CoderEval-Java-CodeLlama-7B-FP,CodeLlama-7B,FP,6367670c1a6d9265ec017a2a,15.0,0,3,0,4.0,3.0
CoderEval-Java-CodeLlama-7B-FP,CodeLlama-7B,FP,636767121a6d9265ec017b0a,15.0,0,1,0,5.0,7.0
CoderEval-Java-CodeLlama-7B-FP,CodeLlama-7B,FP,636767131a6d9265ec017b23,5.0,0,1,0,1.0,0.0
CoderEval-Java-CodeLlama-7B-FP,CodeLlama-7B,FP,636767151a6d9265ec017b6b,16.0,0,3,0,8.0,14.0
CoderEval-Java-CodeLlama-7B-FP,CodeLlama-7B,FP,636767191a6d9265ec017c0f,7.0,0,1,0,1.0,0.0
CoderEval-Java-CodeLlama-7B-FP,CodeLlama-7B,FP,6367671a1a6d9265ec017c15,24.0,0,1,0,7.0,7.0
CoderEval-Java-CodeLlama-7B-FP,CodeLlama-7B,FP,6367672d1a6d9265ec017c73,9.0,0,1,0,3.0,2.0
CoderEval-Java-CodeLlama-7B-FP,CodeLlama-7B,FP,6367672d1a6d9265ec017c74,15.0,0,1,0,3.0,4.0
CoderEval-Java-CodeLlama-7B-FP,CodeLlama-7B,FP,6367672d1a6d9265ec017c78,9.0,0,1,0,2.0,1.0
CoderEval-Java-CodeLlama-7B-FP,CodeLlama-7B,FP,636767431a6d9265ec017c88,9.0,0,2,0,2.0,1.0
CoderEval-Java-CodeLlama-7B-FP,CodeLlama-7B,FP,636767431a6d9265ec017c8d,10.0,0,1,0,2.0,1.0
CoderEval-Java-CodeLlama-7B-FP,CodeLlama-7B,FP,636767441a6d9265ec017cc1,10.0,0,1,0,1.0,0.0
CoderEval-Java-CodeLlama-7B-FP,CodeLlama-7B,FP,636767461a6d9265ec017d0e,11.0,0,3,0,2.0,1.0
CoderEval-Java-CodeLlama-7B-FP,CodeLlama-7B,FP,636767491a6d9265ec017d90,11.0,0,2,0,7.0,3.0
CoderEval-Java-CodeLlama-7B-FP,CodeLlama-7B,FP,6367674a1a6d9265ec017da9,14.0,0,1,0,4.0,3.0
CoderEval-Java-CodeLlama-7B-FP,CodeLlama-7B,FP,6367674a1a6d9265ec017dab,7.0,0,1,0,2.0,1.0
CoderEval-Java-CodeLlama-7B-FP,CodeLlama-7B,FP,6367674b1a6d9265ec017dc0,10.0,0,2,0,2.0,1.0
CoderEval-Java-CodeLlama-7B-FP,CodeLlama-7B,FP,6367674f1a6d9265ec017e74,11.0,0,1,0,3.0,3.0
CoderEval-Java-CodeLlama-7B-FP,CodeLlama-7B,FP,636767501a6d9265ec017e86,5.0,0,1,0,1.0,0.0
CoderEval-Java-CodeLlama-7B-FP,CodeLlama-7B,FP,636767511a6d9265ec017eb0,10.0,0,1,0,3.0,3.0
CoderEval-Java-CodeLlama-7B-FP,CodeLlama-7B,FP,636767511a6d9265ec017eb6,10.0,0,1,0,3.0,3.0
CoderEval-Java-CodeLlama-7B-FP,CodeLlama-7B,FP,636767521a6d9265ec017ecc,13.0,0,3,0,1.0,0.0
CoderEval-Java-CodeLlama-7B-FP,CodeLlama-7B,FP,636767531a6d9265ec017ef1,5.0,0,2,0,2.0,1.0
CoderEval-Java-CodeLlama-7B-FP,CodeLlama-7B,FP,636767551a6d9265ec017f3f,7.0,0,2,0,1.0,0.0
CoderEval-Java-CodeLlama-7B-FP,CodeLlama-7B,FP,636767561a6d9265ec017f63,10.0,0,1,0,3.0,3.0
CoderEval-Java-CodeLlama-7B-FP,CodeLlama-7B,FP,636767561a6d9265ec017f7c,9.0,0,2,0,2.0,1.0
CoderEval-Java-CodeLlama-7B-FP,CodeLlama-7B,FP,636767581a6d9265ec017fb4,9.0,0,2,0,2.0,1.0
CoderEval-Java-CodeLlama-7B-FP,CodeLlama-7B,FP,636767581a6d9265ec017fc4,8.0,0,2,0,2.0,2.0
CoderEval-Java-CodeLlama-7B-FP,CodeLlama-7B,FP,6367675c1a6d9265ec018058,5.0,0,2,0,2.0,0.0
CoderEval-Java-CodeLlama-7B-FP,CodeLlama-7B,FP,6367675c1a6d9265ec01805b,10.0,0,1,0,3.0,2.0
CoderEval-Java-CodeLlama-7B-FP,CodeLlama-7B,FP,6367675d1a6d9265ec018082,5.0,0,1,0,1.0,0.0
CoderEval-Java-CodeLlama-7B-FP,CodeLlama-7B,FP,6367675f1a6d9265ec0180cf,13.0,0,3,0,6.0,8.0
CoderEval-Java-CodeLlama-7B-FP,CodeLlama-7B,FP,6367675f1a6d9265ec0180d3,5.0,0,3,0,1.0,0.0
CoderEval-Java-CodeLlama-7B-FP,CodeLlama-7B,FP,636767601a6d9265ec0180e2,12.0,0,2,0,3.0,3.0
CoderEval-Java-CodeLlama-7B-FP,CodeLlama-7B,FP,636767611a6d9265ec018112,0.0,0,0,0,0.0,0.0
CoderEval-Java-CodeLlama-7B-FP,CodeLlama-7B,FP,636767611a6d9265ec018116,11.0,0,2,0,3.0,3.0
CoderEval-Java-CodeLlama-7B-FP,CodeLlama-7B,FP,636767631a6d9265ec018171,0.0,0,0,0,0.0,0.0
CoderEval-Java-CodeLlama-7B-FP,CodeLlama-7B,FP,636767691a6d9265ec0181a6,9.0,0,2,0,2.0,1.0
CoderEval-Java-CodeLlama-7B-FP,CodeLlama-7B,FP,636767691a6d9265ec0181a7,9.0,0,2,0,3.0,2.0
CoderEval-Java-CodeLlama-7B-FP,CodeLlama-7B,FP,636767691a6d9265ec0181aa,12.0,0,2,0,3.0,2.0
CoderEval-Java-CodeLlama-7B-FP,CodeLlama-7B,FP,636767691a6d9265ec0181ac,14.0,0,2,0,3.0,2.0
CoderEval-Java-CodeLlama-7B-FP,CodeLlama-7B,FP,6367676a1a6d9265ec0181bf,8.0,0,2,0,2.0,1.0
CoderEval-Java-CodeLlama-7B-FP,CodeLlama-7B,FP,6367676a1a6d9265ec0181cd,9.0,0,2,0,3.0,2.0
CoderEval-Java-CodeLlama-7B-FP,CodeLlama-7B,FP,6367676a1a6d9265ec0181d4,10.0,0,3,0,2.0,1.0
CoderEval-Java-CodeLlama-7B-FP,CodeLlama-7B,FP,6367676b1a6d9265ec0181dd,12.0,0,3,0,3.0,3.0
CoderEval-Java-CodeLlama-7B-FP,CodeLlama-7B,FP,6367676b1a6d9265ec0181df,5.0,0,2,0,1.0,0.0
CoderEval-Java-CodeLlama-7B-FP,CodeLlama-7B,FP,6367676b1a6d9265ec0181e2,10.0,0,3,0,5.0,5.0
CoderEval-Java-CodeLlama-7B-FP,CodeLlama-7B,FP,6367676b1a6d9265ec0181e9,11.0,0,2,0,4.0,4.0
CoderEval-Java-CodeLlama-7B-FP,CodeLlama-7B,FP,6367676b1a6d9265ec0181ee,11.0,0,2,0,5.0,4.0
CoderEval-Java-CodeLlama-7B-FP,CodeLlama-7B,FP,6367676c1a6d9265ec018204,8.0,0,2,0,1.0,0.0
CoderEval-Java-CodeLlama-7B-FP,CodeLlama-7B,FP,6367676c1a6d9265ec018220,7.0,0,2,0,2.0,1.0
CoderEval-Java-CodeLlama-7B-FP,CodeLlama-7B,FP,6367676c1a6d9265ec018223,11.0,0,2,0,4.0,4.0
CoderEval-Java-CodeLlama-7B-FP,CodeLlama-7B,FP,6367676c1a6d9265ec01820b,9.0,0,2,0,2.0,1.0
CoderEval-Java-CodeLlama-7B-FP,CodeLlama-7B,FP,6367676d1a6d9265ec018229,9.0,0,2,0,2.0,1.0
CoderEval-Java-CodeLlama-7B-FP,CodeLlama-7B,FP,636767781a6d9265ec018250,8.0,0,1,0,2.0,1.0
CoderEval-Java-CodeLlama-7B-FP,CodeLlama-7B,FP,636767791a6d9265ec01826d,8.0,0,2,0,2.0,1.0
CoderEval-Java-CodeLlama-7B-FP,CodeLlama-7B,FP,6367677b1a6d9265ec0182bd,0.0,0,0,0,0.0,0.0
CoderEval-Java-CodeLlama-7B-FP,CodeLlama-7B,FP,6367677d1a6d9265ec0182fd,9.0,0,3,0,8.0,5.0
CoderEval-Java-CodeLlama-7B-FP,CodeLlama-7B,FP,6367677e1a6d9265ec01830f,42.0,0,2,0,17.0,34.0
CoderEval-Java-CodeLlama-7B-FP,CodeLlama-7B,FP,6367677e1a6d9265ec01832e,9.0,0,1,0,2.0,1.0
CoderEval-Java-CodeLlama-7B-FP,CodeLlama-7B,FP,6367677f1a6d9265ec018347,8.0,0,2,0,4.0,4.0
CoderEval-Java-CodeLlama-7B-FP,CodeLlama-7B,FP,6367677f1a6d9265ec01834b,16.0,0,1,0,4.0,3.0
CoderEval-Java-CodeLlama-7B-FP,CodeLlama-7B,FP,636767821a6d9265ec0183a0,0.0,0,0,0,0.0,0.0
CoderEval-Java-CodeLlama-7B-FP,CodeLlama-7B,FP,636767821a6d9265ec0183ab,5.0,0,1,0,1.0,0.0
CoderEval-Java-CodeLlama-7B-FP,CodeLlama-7B,FP,636767831a6d9265ec0183c9,8.0,0,2,0,2.0,1.0
CoderEval-Java-CodeLlama-7B-FP,CodeLlama-7B,FP,636767841a6d9265ec0183e8,14.0,0,1,0,4.0,3.0
CoderEval-Java-CodeLlama-7B-FP,CodeLlama-7B,FP,636767861a6d9265ec018440,16.0,0,1,0,4.0,6.0
CoderEval-Java-CodeLlama-7B-FP,CodeLlama-7B,FP,636767861a6d9265ec01844c,7.0,0,1,0,2.0,1.0
CoderEval-Java-CodeLlama-7B-FP,CodeLlama-7B,FP,636767871a6d9265ec01846d,8.0,0,2,0,2.0,1.0
CoderEval-Java-CodeLlama-7B-FP,CodeLlama-7B,FP,636767a21a6d9265ec018517,10.0,0,1,0,2.0,1.0
CoderEval-Java-CodeLlama-7B-FP,CodeLlama-7B,FP,636767a31a6d9265ec018552,8.0,0,1,0,1.0,0.0
CoderEval-Java-CodeLlama-7B-FP,CodeLlama-7B,FP,636767a31a6d9265ec01854f,41.0,0,1,0,2.0,1.0
CoderEval-Java-CodeLlama-7B-FP,CodeLlama-7B,FP,636767a41a6d9265ec018572,17.0,0,1,0,4.0,5.0
CoderEval-Java-CodeLlama-7B-FP,CodeLlama-7B,FP,636767a41a6d9265ec018582,8.0,0,2,0,1.0,0.0
CoderEval-Java-CodeLlama-7B-FP,CodeLlama-7B,FP,636767a41a6d9265ec01856c,19.0,0,3,0,6.0,7.0
CoderEval-Java-CodeLlama-7B-FP,CodeLlama-7B,FP,636767a41a6d9265ec01857e,7.0,0,3,0,3.0,2.0
CoderEval-Java-CodeLlama-7B-FP,CodeLlama-7B,FP,636767a51a6d9265ec01859d,7.0,0,2,0,4.0,4.0
CoderEval-Java-CodeLlama-7B-FP,CodeLlama-7B,FP,636767a61a6d9265ec0185b7,5.0,0,2,0,1.0,0.0
CoderEval-Java-CodeLlama-7B-FP,CodeLlama-7B,FP,636767a81a6d9265ec0185fc,12.0,0,1,0,3.0,2.0
CoderEval-Java-CodeLlama-7B-FP,CodeLlama-7B,FP,636767aa1a6d9265ec01864a,5.0,0,1,0,1.0,0.0
CoderEval-Java-CodeLlama-7B-FP,CodeLlama-7B,FP,636767ab1a6d9265ec018676,5.0,0,2,0,6.0,5.0
CoderEval-Java-CodeLlama-7B-FP,CodeLlama-7B,FP,636767dc1a6d9265ec0186be,0.0,0,0,0,0.0,0.0
CoderEval-Java-CodeLlama-7B-FP,CodeLlama-7B,FP,636767dc1a6d9265ec0186cb,0.0,0,0,0,0.0,0.0
CoderEval-Java-CodeLlama-7B-FP,CodeLlama-7B,FP,636767dd1a6d9265ec0186de,0.0,0,0,0,0.0,0.0
CoderEval-Java-CodeLlama-7B-FP,CodeLlama-7B,FP,636767dd1a6d9265ec0186e5,31.0,0,2,0,13.0,18.0
CoderEval-Java-CodeLlama-7B-FP,CodeLlama-7B,FP,636767dd1a6d9265ec0186f3,9.0,0,1,0,3.0,3.0
CoderEval-Java-CodeLlama-7B-FP,CodeLlama-7B,FP,636767de1a6d9265ec01871c,0.0,0,0,0,0.0,0.0
CoderEval-Java-CodeLlama-7B-FP,CodeLlama-7B,FP,636767df1a6d9265ec018744,0.0,0,0,0,0.0,0.0
CoderEval-Java-CodeLlama-7B-FP,CodeLlama-7B,FP,636767df1a6d9265ec01873c,5.0,0,1,0,1.0,0.0
CoderEval-Java-CodeLlama-7B-FP,CodeLlama-7B,FP,636767e01a6d9265ec018755,0.0,0,0,0,0.0,0.0
CoderEval-Java-CodeLlama-7B-FP,CodeLlama-7B,FP,636767e01a6d9265ec018764,9.0,0,1,0,2.0,1.0
CoderEval-Java-CodeLlama-7B-FP,CodeLlama-7B,FP,636767e11a6d9265ec018781,34.0,0,4,0,31.0,30.0
CoderEval-Java-CodeLlama-7B-FP,CodeLlama-7B,FP,636767e11a6d9265ec018795,11.0,0,1,0,4.0,4.0
CoderEval-Java-CodeLlama-7B-GGUF,CodeLlama-7B,GGUF,6367667d1a6d9265ec017401,0.0,0,0,0,0.0,0.0
CoderEval-Java-CodeLlama-7B-GGUF,CodeLlama-7B,GGUF,6367667d1a6d9265ec01741d,13.0,0,2,0,3.0,2.0
CoderEval-Java-CodeLlama-7B-GGUF,CodeLlama-7B,GGUF,6367667e1a6d9265ec01743a,5.0,0,1,0,1.0,0.0
CoderEval-Java-CodeLlama-7B-GGUF,CodeLlama-7B,GGUF,6367667f1a6d9265ec017457,0.0,0,0,0,0.0,0.0
CoderEval-Java-CodeLlama-7B-GGUF,CodeLlama-7B,GGUF,6367667f1a6d9265ec01745d,26.0,0,3,0,6.0,6.0
CoderEval-Java-CodeLlama-7B-GGUF,CodeLlama-7B,GGUF,636766801a6d9265ec017487,15.0,0,2,0,4.0,5.0
CoderEval-Java-CodeLlama-7B-GGUF,CodeLlama-7B,GGUF,636766821a6d9265ec0174b6,26.0,0,3,0,6.0,16.0
CoderEval-Java-CodeLlama-7B-GGUF,CodeLlama-7B,GGUF,636766821a6d9265ec0174bf,7.0,0,2,0,1.0,0.0
CoderEval-Java-CodeLlama-7B-GGUF,CodeLlama-7B,GGUF,636766821a6d9265ec0174c9,10.0,0,2,0,2.0,1.0
CoderEval-Java-CodeLlama-7B-GGUF,CodeLlama-7B,GGUF,636766831a6d9265ec0174eb,7.0,0,1,0,2.0,1.0
CoderEval-Java-CodeLlama-7B-GGUF,CodeLlama-7B,GGUF,636766851a6d9265ec01751b,14.0,0,2,0,7.0,6.0
CoderEval-Java-CodeLlama-7B-GGUF,CodeLlama-7B,GGUF,636766861a6d9265ec017553,5.0,0,1,0,1.0,0.0
CoderEval-Java-CodeLlama-7B-GGUF,CodeLlama-7B,GGUF,636766861a6d9265ec01755a,5.0,0,1,0,1.0,0.0
CoderEval-Java-CodeLlama-7B-GGUF,CodeLlama-7B,GGUF,636766a81a6d9265ec017586,7.0,0,1,0,2.0,1.0
CoderEval-Java-CodeLlama-7B-GGUF,CodeLlama-7B,GGUF,636766a81a6d9265ec017595,10.0,0,1,0,2.0,1.0
CoderEval-Java-CodeLlama-7B-GGUF,CodeLlama-7B,GGUF,636766a81a6d9265ec01758e,0.0,0,0,0,0.0,0.0
CoderEval-Java-CodeLlama-7B-GGUF,CodeLlama-7B,GGUF,636766a91a6d9265ec0175ae,0.0,0,0,0,0.0,0.0
CoderEval-Java-CodeLlama-7B-GGUF,CodeLlama-7B,GGUF,636766a91a6d9265ec0175c1,0.0,0,0,0,0.0,0.0
CoderEval-Java-CodeLlama-7B-GGUF,CodeLlama-7B,GGUF,636766a91a6d9265ec0175c2,6.0,0,2,0,1.0,0.0
CoderEval-Java-CodeLlama-7B-GGUF,CodeLlama-7B,GGUF,636766a91a6d9265ec0175c4,25.0,0,1,0,11.0,1.0
CoderEval-Java-CodeLlama-7B-GGUF,CodeLlama-7B,GGUF,636766aa1a6d9265ec0175ce,6.0,0,1,0,1.0,0.0
CoderEval-Java-CodeLlama-7B-GGUF,CodeLlama-7B,GGUF,636766ae1a6d9265ec0175d8,16.0,0,1,0,2.0,2.0
CoderEval-Java-CodeLlama-7B-GGUF,CodeLlama-7B,GGUF,636766ae1a6d9265ec0175dc,5.0,0,1,0,1.0,0.0
CoderEval-Java-CodeLlama-7B-GGUF,CodeLlama-7B,GGUF,636766f01a6d9265ec017639,0.0,0,0,0,0.0,0.0
CoderEval-Java-CodeLlama-7B-GGUF,CodeLlama-7B,GGUF,636766f01a6d9265ec01762e,5.0,0,2,0,1.0,0.0
CoderEval-Java-CodeLlama-7B-GGUF,CodeLlama-7B,GGUF,636766f01a6d9265ec01763e,0.0,0,0,0,0.0,0.0
CoderEval-Java-CodeLlama-7B-GGUF,CodeLlama-7B,GGUF,636766f11a6d9265ec017641,5.0,0,1,0,1.0,0.0
CoderEval-Java-CodeLlama-7B-GGUF,CodeLlama-7B,GGUF,636766f11a6d9265ec017651,5.0,0,2,0,3.0,2.0
CoderEval-Java-CodeLlama-7B-GGUF,CodeLlama-7B,GGUF,636766f11a6d9265ec017658,10.0,0,2,0,2.0,1.0
CoderEval-Java-CodeLlama-7B-GGUF,CodeLlama-7B,GGUF,636766f11a6d9265ec017663,14.0,0,3,0,6.0,5.0
CoderEval-Java-CodeLlama-7B-GGUF,CodeLlama-7B,GGUF,636766f11a6d9265ec01764f,5.0,0,1,0,1.0,0.0
CoderEval-Java-CodeLlama-7B-GGUF,CodeLlama-7B,GGUF,636766f21a6d9265ec017667,5.0,0,1,0,1.0,0.0
CoderEval-Java-CodeLlama-7B-GGUF,CodeLlama-7B,GGUF,636766f21a6d9265ec017677,5.0,0,2,0,1.0,0.0
CoderEval-Java-CodeLlama-7B-GGUF,CodeLlama-7B,GGUF,636766f21a6d9265ec01767d,8.0,0,2,0,2.0,1.0
CoderEval-Java-CodeLlama-7B-GGUF,CodeLlama-7B,GGUF,636766f31a6d9265ec01768f,6.0,0,3,0,2.0,1.0
CoderEval-Java-CodeLlama-7B-GGUF,CodeLlama-7B,GGUF,636766f61a6d9265ec017701,22.0,0,3,0,8.0,18.0
CoderEval-Java-CodeLlama-7B-GGUF,CodeLlama-7B,GGUF,636766f71a6d9265ec017730,8.0,0,2,0,2.0,1.0
CoderEval-Java-CodeLlama-7B-GGUF,CodeLlama-7B,GGUF,636766f81a6d9265ec017758,9.0,0,1,0,2.0,1.0
CoderEval-Java-CodeLlama-7B-GGUF,CodeLlama-7B,GGUF,636766f81a6d9265ec01775b,5.0,0,1,0,1.0,0.0
CoderEval-Java-CodeLlama-7B-GGUF,CodeLlama-7B,GGUF,636766f81a6d9265ec01775c,8.0,0,2,0,2.0,1.0
CoderEval-Java-CodeLlama-7B-GGUF,CodeLlama-7B,GGUF,636766f91a6d9265ec01776e,0.0,0,0,0,0.0,0.0
CoderEval-Java-CodeLlama-7B-GGUF,CodeLlama-7B,GGUF,636766f91a6d9265ec01777d,14.0,0,2,0,7.0,6.0
CoderEval-Java-CodeLlama-7B-GGUF,CodeLlama-7B,GGUF,636766f91a6d9265ec01777f,5.0,0,3,0,2.0,1.0
CoderEval-Java-CodeLlama-7B-GGUF,CodeLlama-7B,GGUF,636766fa1a6d9265ec017796,9.0,0,3,0,2.0,1.0
CoderEval-Java-CodeLlama-7B-GGUF,CodeLlama-7B,GGUF,636766fa1a6d9265ec01779c,15.0,0,1,0,4.0,5.0
CoderEval-Java-CodeLlama-7B-GGUF,CodeLlama-7B,GGUF,636766fa1a6d9265ec01779d,5.0,0,2,0,1.0,0.0
CoderEval-Java-CodeLlama-7B-GGUF,CodeLlama-7B,GGUF,636766fa1a6d9265ec0177a4,12.0,0,2,0,3.0,2.0
CoderEval-Java-CodeLlama-7B-GGUF,CodeLlama-7B,GGUF,636766fa1a6d9265ec0177a9,8.0,0,1,0,2.0,1.0
CoderEval-Java-CodeLlama-7B-GGUF,CodeLlama-7B,GGUF,636766fb1a6d9265ec0177c1,5.0,0,2,0,2.0,1.0
CoderEval-Java-CodeLlama-7B-GGUF,CodeLlama-7B,GGUF,636766fb1a6d9265ec0177c3,5.0,0,2,0,1.0,0.0
CoderEval-Java-CodeLlama-7B-GGUF,CodeLlama-7B,GGUF,636766fc1a6d9265ec0177da,5.0,0,2,0,26.0,1.0
CoderEval-Java-CodeLlama-7B-GGUF,CodeLlama-7B,GGUF,636766fc1a6d9265ec0177ef,20.0,0,2,0,5.0,6.0
CoderEval-Java-CodeLlama-7B-GGUF,CodeLlama-7B,GGUF,636766fd1a6d9265ec017814,10.0,0,2,0,6.0,5.0
CoderEval-Java-CodeLlama-7B-GGUF,CodeLlama-7B,GGUF,636766fe1a6d9265ec017821,13.0,0,1,0,3.0,2.0
CoderEval-Java-CodeLlama-7B-GGUF,CodeLlama-7B,GGUF,636766fe1a6d9265ec017834,5.0,0,2,0,1.0,0.0
CoderEval-Java-CodeLlama-7B-GGUF,CodeLlama-7B,GGUF,636766fe1a6d9265ec017838,15.0,0,3,0,4.0,3.0
CoderEval-Java-CodeLlama-7B-GGUF,CodeLlama-7B,GGUF,636766fe1a6d9265ec01781c,5.0,0,2,0,1.0,0.0
CoderEval-Java-CodeLlama-7B-GGUF,CodeLlama-7B,GGUF,636766fe1a6d9265ec01782a,12.0,0,1,0,2.0,1.0
CoderEval-Java-CodeLlama-7B-GGUF,CodeLlama-7B,GGUF,636766ff1a6d9265ec017842,10.0,0,4,0,3.0,2.0
CoderEval-Java-CodeLlama-7B-GGUF,CodeLlama-7B,GGUF,636766ff1a6d9265ec017851,10.0,0,1,0,3.0,3.0
CoderEval-Java-CodeLlama-7B-GGUF,CodeLlama-7B,GGUF,636766ff1a6d9265ec017853,8.0,0,1,0,2.0,1.0
CoderEval-Java-CodeLlama-7B-GGUF,CodeLlama-7B,GGUF,636766ff1a6d9265ec01783b,0.0,0,0,0,0.0,0.0
CoderEval-Java-CodeLlama-7B-GGUF,CodeLlama-7B,GGUF,636766ff1a6d9265ec01784b,10.0,0,2,0,3.0,3.0
CoderEval-Java-CodeLlama-7B-GGUF,CodeLlama-7B,GGUF,636767001a6d9265ec017873,6.0,0,2,0,1.0,0.0
CoderEval-Java-CodeLlama-7B-GGUF,CodeLlama-7B,GGUF,636767021a6d9265ec0178b2,33.0,0,1,0,11.0,1.0
CoderEval-Java-CodeLlama-7B-GGUF,CodeLlama-7B,GGUF,636767021a6d9265ec0178bb,5.0,0,2,0,3.0,2.0
CoderEval-Java-CodeLlama-7B-GGUF,CodeLlama-7B,GGUF,636767021a6d9265ec0178bc,14.0,0,3,0,4.0,6.0
CoderEval-Java-CodeLlama-7B-GGUF,CodeLlama-7B,GGUF,636767021a6d9265ec0178bf,0.0,0,0,0,0.0,0.0
CoderEval-Java-CodeLlama-7B-GGUF,CodeLlama-7B,GGUF,636767031a6d9265ec0178dd,13.0,0,1,0,2.0,2.0
CoderEval-Java-CodeLlama-7B-GGUF,CodeLlama-7B,GGUF,636767031a6d9265ec0178e6,10.0,0,3,0,3.0,2.0
CoderEval-Java-CodeLlama-7B-GGUF,CodeLlama-7B,GGUF,636767031a6d9265ec0178ef,13.0,0,2,0,3.0,2.0
CoderEval-Java-CodeLlama-7B-GGUF,CodeLlama-7B,GGUF,636767041a6d9265ec017911,7.0,0,2,0,2.0,1.0
CoderEval-Java-CodeLlama-7B-GGUF,CodeLlama-7B,GGUF,636767041a6d9265ec0178f8,9.0,0,2,0,2.0,1.0
CoderEval-Java-CodeLlama-7B-GGUF,CodeLlama-7B,GGUF,636767041a6d9265ec01790f,10.0,0,4,0,3.0,2.0
CoderEval-Java-CodeLlama-7B-GGUF,CodeLlama-7B,GGUF,636767061a6d9265ec01794a,16.0,0,3,0,5.0,5.0
CoderEval-Java-CodeLlama-7B-GGUF,CodeLlama-7B,GGUF,636767081a6d9265ec017989,15.0,0,2,0,4.0,3.0
CoderEval-Java-CodeLlama-7B-GGUF,CodeLlama-7B,GGUF,636767081a6d9265ec0179a2,9.0,0,2,0,3.0,3.0
CoderEval-Java-CodeLlama-7B-GGUF,CodeLlama-7B,GGUF,6367670a1a6d9265ec0179cf,5.0,0,2,0,2.0,1.0
CoderEval-Java-CodeLlama-7B-GGUF,CodeLlama-7B,GGUF,6367670a1a6d9265ec0179d8,5.0,0,1,0,1.0,0.0
CoderEval-Java-CodeLlama-7B-GGUF,CodeLlama-7B,GGUF,6367670a1a6d9265ec0179d9,5.0,0,2,0,2.0,1.0
CoderEval-Java-CodeLlama-7B-GGUF,CodeLlama-7B,GGUF,6367670a1a6d9265ec0179dc,9.0,0,1,0,4.0,4.0
CoderEval-Java-CodeLlama-7B-GGUF,CodeLlama-7B,GGUF,6367670a1a6d9265ec0179e7,0.0,0,0,0,0.0,0.0
CoderEval-Java-CodeLlama-7B-GGUF,CodeLlama-7B,GGUF,6367670a1a6d9265ec0179e8,5.0,0,2,0,1.0,0.0
CoderEval-Java-CodeLlama-7B-GGUF,CodeLlama-7B,GGUF,6367670a1a6d9265ec0179f1,13.0,0,3,0,3.0,4.0
CoderEval-Java-CodeLlama-7B-GGUF,CodeLlama-7B,GGUF,6367670b1a6d9265ec0179f2,5.0,0,1,0,1.0,0.0
CoderEval-Java-CodeLlama-7B-GGUF,CodeLlama-7B,GGUF,6367670b1a6d9265ec0179fe,5.0,0,2,0,1.0,0.0
CoderEval-Java-CodeLlama-7B-GGUF,CodeLlama-7B,GGUF,6367670b1a6d9265ec0179ff,5.0,0,2,0,3.0,2.0
CoderEval-Java-CodeLlama-7B-GGUF,CodeLlama-7B,GGUF,6367670b1a6d9265ec017a00,8.0,0,3,0,2.0,1.0
CoderEval-Java-CodeLlama-7B-GGUF,CodeLlama-7B,GGUF,6367670b1a6d9265ec017a05,5.0,0,2,0,1.0,0.0
CoderEval-Java-CodeLlama-7B-GGUF,CodeLlama-7B,GGUF,6367670b1a6d9265ec017a0f,13.0,0,2,0,6.0,5.0
CoderEval-Java-CodeLlama-7B-GGUF,CodeLlama-7B,GGUF,6367670c1a6d9265ec017a35,12.0,0,3,0,6.0,6.0
CoderEval-Java-CodeLlama-7B-GGUF,CodeLlama-7B,GGUF,6367670c1a6d9265ec017a2a,15.0,0,3,0,4.0,3.0
CoderEval-Java-CodeLlama-7B-GGUF,CodeLlama-7B,GGUF,636767121a6d9265ec017b0a,12.0,0,1,0,4.0,4.0
CoderEval-Java-CodeLlama-7B-GGUF,CodeLlama-7B,GGUF,636767131a6d9265ec017b23,5.0,0,1,0,1.0,0.0
CoderEval-Java-CodeLlama-7B-GGUF,CodeLlama-7B,GGUF,636767151a6d9265ec017b6b,10.0,0,3,0,4.0,4.0
CoderEval-Java-CodeLlama-7B-GGUF,CodeLlama-7B,GGUF,636767191a6d9265ec017c0f,0.0,0,0,0,0.0,0.0
CoderEval-Java-CodeLlama-7B-GGUF,CodeLlama-7B,GGUF,6367671a1a6d9265ec017c15,19.0,0,1,0,7.0,5.0
CoderEval-Java-CodeLlama-7B-GGUF,CodeLlama-7B,GGUF,6367672d1a6d9265ec017c73,9.0,0,1,0,3.0,2.0
CoderEval-Java-CodeLlama-7B-GGUF,CodeLlama-7B,GGUF,6367672d1a6d9265ec017c74,17.0,0,1,0,3.0,5.0
CoderEval-Java-CodeLlama-7B-GGUF,CodeLlama-7B,GGUF,6367672d1a6d9265ec017c78,9.0,0,1,0,2.0,1.0
CoderEval-Java-CodeLlama-7B-GGUF,CodeLlama-7B,GGUF,636767431a6d9265ec017c88,9.0,0,2,0,2.0,1.0
CoderEval-Java-CodeLlama-7B-GGUF,CodeLlama-7B,GGUF,636767431a6d9265ec017c8d,0.0,0,0,0,0.0,0.0
CoderEval-Java-CodeLlama-7B-GGUF,CodeLlama-7B,GGUF,636767441a6d9265ec017cc1,10.0,0,1,0,1.0,0.0
CoderEval-Java-CodeLlama-7B-GGUF,CodeLlama-7B,GGUF,636767461a6d9265ec017d0e,11.0,0,3,0,2.0,1.0
CoderEval-Java-CodeLlama-7B-GGUF,CodeLlama-7B,GGUF,636767491a6d9265ec017d90,9.0,0,2,0,2.0,1.0
CoderEval-Java-CodeLlama-7B-GGUF,CodeLlama-7B,GGUF,6367674a1a6d9265ec017da9,14.0,0,1,0,4.0,3.0
CoderEval-Java-CodeLlama-7B-GGUF,CodeLlama-7B,GGUF,6367674a1a6d9265ec017dab,0.0,0,0,0,0.0,0.0
CoderEval-Java-CodeLlama-7B-GGUF,CodeLlama-7B,GGUF,6367674b1a6d9265ec017dc0,0.0,0,0,0,0.0,0.0
CoderEval-Java-CodeLlama-7B-GGUF,CodeLlama-7B,GGUF,6367674f1a6d9265ec017e74,9.0,0,1,0,2.0,1.0
CoderEval-Java-CodeLlama-7B-GGUF,CodeLlama-7B,GGUF,636767501a6d9265ec017e86,5.0,0,1,0,1.0,0.0
CoderEval-Java-CodeLlama-7B-GGUF,CodeLlama-7B,GGUF,636767511a6d9265ec017eb0,10.0,0,1,0,3.0,3.0
CoderEval-Java-CodeLlama-7B-GGUF,CodeLlama-7B,GGUF,636767511a6d9265ec017eb6,10.0,0,1,0,3.0,3.0
CoderEval-Java-CodeLlama-7B-GGUF,CodeLlama-7B,GGUF,636767521a6d9265ec017ecc,13.0,0,3,0,1.0,0.0
CoderEval-Java-CodeLlama-7B-GGUF,CodeLlama-7B,GGUF,636767531a6d9265ec017ef1,5.0,0,2,0,2.0,1.0
CoderEval-Java-CodeLlama-7B-GGUF,CodeLlama-7B,GGUF,636767551a6d9265ec017f3f,7.0,0,2,0,1.0,0.0
CoderEval-Java-CodeLlama-7B-GGUF,CodeLlama-7B,GGUF,636767561a6d9265ec017f63,10.0,0,2,0,3.0,3.0
CoderEval-Java-CodeLlama-7B-GGUF,CodeLlama-7B,GGUF,636767561a6d9265ec017f7c,9.0,0,2,0,2.0,1.0
CoderEval-Java-CodeLlama-7B-GGUF,CodeLlama-7B,GGUF,636767581a6d9265ec017fb4,9.0,0,2,0,2.0,1.0
CoderEval-Java-CodeLlama-7B-GGUF,CodeLlama-7B,GGUF,636767581a6d9265ec017fc4,8.0,0,2,0,2.0,2.0
CoderEval-Java-CodeLlama-7B-GGUF,CodeLlama-7B,GGUF,6367675c1a6d9265ec018058,5.0,0,2,0,2.0,0.0
CoderEval-Java-CodeLlama-7B-GGUF,CodeLlama-7B,GGUF,6367675c1a6d9265ec01805b,10.0,0,1,0,3.0,2.0
CoderEval-Java-CodeLlama-7B-GGUF,CodeLlama-7B,GGUF,6367675d1a6d9265ec018082,5.0,0,1,0,1.0,0.0
CoderEval-Java-CodeLlama-7B-GGUF,CodeLlama-7B,GGUF,6367675f1a6d9265ec0180cf,9.0,0,3,0,2.0,1.0
CoderEval-Java-CodeLlama-7B-GGUF,CodeLlama-7B,GGUF,6367675f1a6d9265ec0180d3,5.0,0,3,0,1.0,0.0
CoderEval-Java-CodeLlama-7B-GGUF,CodeLlama-7B,GGUF,636767601a6d9265ec0180e2,12.0,0,2,0,3.0,3.0
CoderEval-Java-CodeLlama-7B-GGUF,CodeLlama-7B,GGUF,636767611a6d9265ec018112,5.0,0,1,0,1.0,0.0
CoderEval-Java-CodeLlama-7B-GGUF,CodeLlama-7B,GGUF,636767611a6d9265ec018116,11.0,0,2,0,3.0,3.0
CoderEval-Java-CodeLlama-7B-GGUF,CodeLlama-7B,GGUF,636767631a6d9265ec018171,14.0,0,1,0,4.0,3.0
CoderEval-Java-CodeLlama-7B-GGUF,CodeLlama-7B,GGUF,636767691a6d9265ec0181a6,9.0,0,2,0,2.0,1.0
CoderEval-Java-CodeLlama-7B-GGUF,CodeLlama-7B,GGUF,636767691a6d9265ec0181a7,9.0,0,2,0,3.0,2.0
CoderEval-Java-CodeLlama-7B-GGUF,CodeLlama-7B,GGUF,636767691a6d9265ec0181aa,12.0,0,2,0,3.0,2.0
CoderEval-Java-CodeLlama-7B-GGUF,CodeLlama-7B,GGUF,636767691a6d9265ec0181ac,0.0,0,0,0,0.0,0.0
CoderEval-Java-CodeLlama-7B-GGUF,CodeLlama-7B,GGUF,6367676a1a6d9265ec0181bf,8.0,0,2,0,2.0,1.0
CoderEval-Java-CodeLlama-7B-GGUF,CodeLlama-7B,GGUF,6367676a1a6d9265ec0181cd,9.0,0,2,0,3.0,2.0
CoderEval-Java-CodeLlama-7B-GGUF,CodeLlama-7B,GGUF,6367676a1a6d9265ec0181d4,10.0,0,3,0,2.0,1.0
CoderEval-Java-CodeLlama-7B-GGUF,CodeLlama-7B,GGUF,6367676b1a6d9265ec0181dd,22.0,0,2,0,7.0,15.0
CoderEval-Java-CodeLlama-7B-GGUF,CodeLlama-7B,GGUF,6367676b1a6d9265ec0181df,5.0,0,2,0,1.0,0.0
CoderEval-Java-CodeLlama-7B-GGUF,CodeLlama-7B,GGUF,6367676b1a6d9265ec0181e2,10.0,0,3,0,5.0,5.0
CoderEval-Java-CodeLlama-7B-GGUF,CodeLlama-7B,GGUF,6367676b1a6d9265ec0181e9,10.0,0,2,0,4.0,4.0
CoderEval-Java-CodeLlama-7B-GGUF,CodeLlama-7B,GGUF,6367676b1a6d9265ec0181ee,11.0,0,2,0,5.0,4.0
CoderEval-Java-CodeLlama-7B-GGUF,CodeLlama-7B,GGUF,6367676c1a6d9265ec018204,8.0,0,2,0,1.0,0.0
CoderEval-Java-CodeLlama-7B-GGUF,CodeLlama-7B,GGUF,6367676c1a6d9265ec018220,8.0,0,2,0,2.0,1.0
CoderEval-Java-CodeLlama-7B-GGUF,CodeLlama-7B,GGUF,6367676c1a6d9265ec018223,11.0,0,2,0,4.0,4.0
CoderEval-Java-CodeLlama-7B-GGUF,CodeLlama-7B,GGUF,6367676c1a6d9265ec01820b,14.0,0,3,0,4.0,6.0
CoderEval-Java-CodeLlama-7B-GGUF,CodeLlama-7B,GGUF,6367676d1a6d9265ec018229,9.0,0,2,0,2.0,1.0
CoderEval-Java-CodeLlama-7B-GGUF,CodeLlama-7B,GGUF,636767781a6d9265ec018250,10.0,0,1,0,2.0,2.0
CoderEval-Java-CodeLlama-7B-GGUF,CodeLlama-7B,GGUF,636767791a6d9265ec01826d,8.0,0,2,0,2.0,1.0
CoderEval-Java-CodeLlama-7B-GGUF,CodeLlama-7B,GGUF,6367677b1a6d9265ec0182bd,0.0,0,0,0,0.0,0.0
CoderEval-Java-CodeLlama-7B-GGUF,CodeLlama-7B,GGUF,6367677d1a6d9265ec0182fd,9.0,0,3,0,4.0,3.0
CoderEval-Java-CodeLlama-7B-GGUF,CodeLlama-7B,GGUF,6367677e1a6d9265ec01830f,28.0,0,1,0,6.0,14.0
CoderEval-Java-CodeLlama-7B-GGUF,CodeLlama-7B,GGUF,6367677e1a6d9265ec01832e,9.0,0,1,0,2.0,1.0
CoderEval-Java-CodeLlama-7B-GGUF,CodeLlama-7B,GGUF,6367677f1a6d9265ec018347,7.0,0,1,0,2.0,1.0
CoderEval-Java-CodeLlama-7B-GGUF,CodeLlama-7B,GGUF,6367677f1a6d9265ec01834b,9.0,0,1,0,3.0,2.0
CoderEval-Java-CodeLlama-7B-GGUF,CodeLlama-7B,GGUF,636767821a6d9265ec0183a0,0.0,0,0,0,0.0,0.0
CoderEval-Java-CodeLlama-7B-GGUF,CodeLlama-7B,GGUF,636767821a6d9265ec0183ab,5.0,0,1,0,1.0,0.0
CoderEval-Java-CodeLlama-7B-GGUF,CodeLlama-7B,GGUF,636767831a6d9265ec0183c9,8.0,0,2,0,2.0,1.0
CoderEval-Java-CodeLlama-7B-GGUF,CodeLlama-7B,GGUF,636767841a6d9265ec0183e8,20.0,0,1,0,6.0,5.0
CoderEval-Java-CodeLlama-7B-GGUF,CodeLlama-7B,GGUF,636767861a6d9265ec018440,16.0,0,1,0,4.0,6.0
CoderEval-Java-CodeLlama-7B-GGUF,CodeLlama-7B,GGUF,636767861a6d9265ec01844c,7.0,0,1,0,2.0,1.0
CoderEval-Java-CodeLlama-7B-GGUF,CodeLlama-7B,GGUF,636767871a6d9265ec01846d,8.0,0,2,0,2.0,1.0
CoderEval-Java-CodeLlama-7B-GGUF,CodeLlama-7B,GGUF,636767a21a6d9265ec018517,10.0,0,1,0,2.0,1.0
CoderEval-Java-CodeLlama-7B-GGUF,CodeLlama-7B,GGUF,636767a31a6d9265ec018552,0.0,0,0,0,0.0,0.0
CoderEval-Java-CodeLlama-7B-GGUF,CodeLlama-7B,GGUF,636767a31a6d9265ec01854f,41.0,0,1,0,2.0,1.0
CoderEval-Java-CodeLlama-7B-GGUF,CodeLlama-7B,GGUF,636767a41a6d9265ec018572,17.0,0,1,0,4.0,5.0
CoderEval-Java-CodeLlama-7B-GGUF,CodeLlama-7B,GGUF,636767a41a6d9265ec018582,8.0,0,2,0,1.0,0.0
CoderEval-Java-CodeLlama-7B-GGUF,CodeLlama-7B,GGUF,636767a41a6d9265ec01856c,22.0,0,2,0,7.0,8.0
CoderEval-Java-CodeLlama-7B-GGUF,CodeLlama-7B,GGUF,636767a41a6d9265ec01857e,7.0,0,3,0,3.0,2.0
CoderEval-Java-CodeLlama-7B-GGUF,CodeLlama-7B,GGUF,636767a51a6d9265ec01859d,9.0,0,2,0,4.0,4.0
CoderEval-Java-CodeLlama-7B-GGUF,CodeLlama-7B,GGUF,636767a61a6d9265ec0185b7,5.0,0,2,0,1.0,0.0
CoderEval-Java-CodeLlama-7B-GGUF,CodeLlama-7B,GGUF,636767a81a6d9265ec0185fc,43.0,0,2,0,12.0,19.0
CoderEval-Java-CodeLlama-7B-GGUF,CodeLlama-7B,GGUF,636767aa1a6d9265ec01864a,5.0,0,1,0,1.0,0.0
CoderEval-Java-CodeLlama-7B-GGUF,CodeLlama-7B,GGUF,636767ab1a6d9265ec018676,5.0,0,2,0,6.0,5.0
CoderEval-Java-CodeLlama-7B-GGUF,CodeLlama-7B,GGUF,636767dc1a6d9265ec0186be,0.0,0,0,0,0.0,0.0
CoderEval-Java-CodeLlama-7B-GGUF,CodeLlama-7B,GGUF,636767dc1a6d9265ec0186cb,0.0,0,0,0,0.0,0.0
CoderEval-Java-CodeLlama-7B-GGUF,CodeLlama-7B,GGUF,636767dd1a6d9265ec0186de,0.0,0,0,0,0.0,0.0
CoderEval-Java-CodeLlama-7B-GGUF,CodeLlama-7B,GGUF,636767dd1a6d9265ec0186e5,21.0,0,2,0,9.0,10.0
CoderEval-Java-CodeLlama-7B-GGUF,CodeLlama-7B,GGUF,636767dd1a6d9265ec0186f3,9.0,0,1,0,3.0,3.0
CoderEval-Java-CodeLlama-7B-GGUF,CodeLlama-7B,GGUF,636767de1a6d9265ec01871c,0.0,0,0,0,0.0,0.0
CoderEval-Java-CodeLlama-7B-GGUF,CodeLlama-7B,GGUF,636767df1a6d9265ec018744,0.0,0,0,0,0.0,0.0
CoderEval-Java-CodeLlama-7B-GGUF,CodeLlama-7B,GGUF,636767df1a6d9265ec01873c,5.0,0,1,0,1.0,0.0
CoderEval-Java-CodeLlama-7B-GGUF,CodeLlama-7B,GGUF,636767e01a6d9265ec018755,0.0,0,0,0,0.0,0.0
CoderEval-Java-CodeLlama-7B-GGUF,CodeLlama-7B,GGUF,636767e01a6d9265ec018764,0.0,0,0,0,0.0,0.0
CoderEval-Java-CodeLlama-7B-GGUF,CodeLlama-7B,GGUF,636767e11a6d9265ec018781,13.0,0,1,0,4.0,5.0
CoderEval-Java-CodeLlama-7B-GGUF,CodeLlama-7B,GGUF,636767e11a6d9265ec018795,15.0,0,1,0,6.0,8.0
CoderEval-Java-CodeLlama-7B-GPTQ,CodeLlama-7B,GPTQ,6367667d1a6d9265ec017401,52.0,1,3,0,13.0,21.0
CoderEval-Java-CodeLlama-7B-GPTQ,CodeLlama-7B,GPTQ,6367667d1a6d9265ec01741d,0.0,0,0,0,0.0,0.0
CoderEval-Java-CodeLlama-7B-GPTQ,CodeLlama-7B,GPTQ,6367667e1a6d9265ec01743a,8.0,0,1,0,2.0,1.0
CoderEval-Java-CodeLlama-7B-GPTQ,CodeLlama-7B,GPTQ,6367667f1a6d9265ec017457,23.0,0,2,0,8.0,8.0
CoderEval-Java-CodeLlama-7B-GPTQ,CodeLlama-7B,GPTQ,6367667f1a6d9265ec01745d,24.0,0,3,0,7.0,9.0
CoderEval-Java-CodeLlama-7B-GPTQ,CodeLlama-7B,GPTQ,636766801a6d9265ec017487,5.0,0,2,0,1.0,0.0
CoderEval-Java-CodeLlama-7B-GPTQ,CodeLlama-7B,GPTQ,636766821a6d9265ec0174b6,19.0,0,2,0,4.0,6.0
CoderEval-Java-CodeLlama-7B-GPTQ,CodeLlama-7B,GPTQ,636766821a6d9265ec0174bf,7.0,0,2,0,1.0,0.0
CoderEval-Java-CodeLlama-7B-GPTQ,CodeLlama-7B,GPTQ,636766821a6d9265ec0174c9,10.0,0,2,0,2.0,1.0
CoderEval-Java-CodeLlama-7B-GPTQ,CodeLlama-7B,GPTQ,636766831a6d9265ec0174eb,7.0,0,1,0,2.0,1.0
CoderEval-Java-CodeLlama-7B-GPTQ,CodeLlama-7B,GPTQ,636766851a6d9265ec01751b,14.0,0,2,0,7.0,6.0
CoderEval-Java-CodeLlama-7B-GPTQ,CodeLlama-7B,GPTQ,636766861a6d9265ec017553,5.0,0,1,0,1.0,0.0
CoderEval-Java-CodeLlama-7B-GPTQ,CodeLlama-7B,GPTQ,636766861a6d9265ec01755a,0.0,0,0,0,0.0,0.0
CoderEval-Java-CodeLlama-7B-GPTQ,CodeLlama-7B,GPTQ,636766a81a6d9265ec017586,0.0,0,0,0,0.0,0.0
CoderEval-Java-CodeLlama-7B-GPTQ,CodeLlama-7B,GPTQ,636766a81a6d9265ec017595,10.0,0,1,0,2.0,1.0
CoderEval-Java-CodeLlama-7B-GPTQ,CodeLlama-7B,GPTQ,636766a81a6d9265ec01758e,12.0,0,2,0,3.0,3.0
CoderEval-Java-CodeLlama-7B-GPTQ,CodeLlama-7B,GPTQ,636766a91a6d9265ec0175ae,0.0,0,0,0,0.0,0.0
CoderEval-Java-CodeLlama-7B-GPTQ,CodeLlama-7B,GPTQ,636766a91a6d9265ec0175c1,0.0,0,0,0,0.0,0.0
CoderEval-Java-CodeLlama-7B-GPTQ,CodeLlama-7B,GPTQ,636766a91a6d9265ec0175c2,8.0,0,1,0,2.0,1.0
CoderEval-Java-CodeLlama-7B-GPTQ,CodeLlama-7B,GPTQ,636766a91a6d9265ec0175c4,24.0,0,1,0,10.0,1.0
CoderEval-Java-CodeLlama-7B-GPTQ,CodeLlama-7B,GPTQ,636766aa1a6d9265ec0175ce,6.0,0,1,0,1.0,0.0
CoderEval-Java-CodeLlama-7B-GPTQ,CodeLlama-7B,GPTQ,636766ae1a6d9265ec0175d8,11.0,0,1,0,1.0,0.0
CoderEval-Java-CodeLlama-7B-GPTQ,CodeLlama-7B,GPTQ,636766ae1a6d9265ec0175dc,5.0,0,1,0,1.0,0.0
CoderEval-Java-CodeLlama-7B-GPTQ,CodeLlama-7B,GPTQ,636766f01a6d9265ec017639,6.0,0,3,0,2.0,1.0
CoderEval-Java-CodeLlama-7B-GPTQ,CodeLlama-7B,GPTQ,636766f01a6d9265ec01762e,5.0,0,2,0,1.0,0.0
CoderEval-Java-CodeLlama-7B-GPTQ,CodeLlama-7B,GPTQ,636766f01a6d9265ec01763e,0.0,0,0,0,0.0,0.0
CoderEval-Java-CodeLlama-7B-GPTQ,CodeLlama-7B,GPTQ,636766f11a6d9265ec017641,0.0,0,0,0,0.0,0.0
CoderEval-Java-CodeLlama-7B-GPTQ,CodeLlama-7B,GPTQ,636766f11a6d9265ec017651,5.0,0,2,0,3.0,2.0
CoderEval-Java-CodeLlama-7B-GPTQ,CodeLlama-7B,GPTQ,636766f11a6d9265ec017658,7.0,0,2,0,1.0,0.0
CoderEval-Java-CodeLlama-7B-GPTQ,CodeLlama-7B,GPTQ,636766f11a6d9265ec017663,11.0,0,2,0,5.0,4.0
CoderEval-Java-CodeLlama-7B-GPTQ,CodeLlama-7B,GPTQ,636766f11a6d9265ec01764f,5.0,0,1,0,1.0,0.0
CoderEval-Java-CodeLlama-7B-GPTQ,CodeLlama-7B,GPTQ,636766f21a6d9265ec017667,5.0,0,1,0,1.0,0.0
CoderEval-Java-CodeLlama-7B-GPTQ,CodeLlama-7B,GPTQ,636766f21a6d9265ec017677,5.0,0,2,0,1.0,0.0
CoderEval-Java-CodeLlama-7B-GPTQ,CodeLlama-7B,GPTQ,636766f21a6d9265ec01767d,8.0,0,2,0,2.0,1.0
CoderEval-Java-CodeLlama-7B-GPTQ,CodeLlama-7B,GPTQ,636766f31a6d9265ec01768f,5.0,0,2,0,1.0,0.0
CoderEval-Java-CodeLlama-7B-GPTQ,CodeLlama-7B,GPTQ,636766f61a6d9265ec017701,23.0,0,2,0,6.0,13.0
CoderEval-Java-CodeLlama-7B-GPTQ,CodeLlama-7B,GPTQ,636766f71a6d9265ec017730,8.0,0,2,0,2.0,1.0
CoderEval-Java-CodeLlama-7B-GPTQ,CodeLlama-7B,GPTQ,636766f81a6d9265ec017758,7.0,0,1,0,2.0,1.0
CoderEval-Java-CodeLlama-7B-GPTQ,CodeLlama-7B,GPTQ,636766f81a6d9265ec01775b,5.0,0,1,0,1.0,0.0
CoderEval-Java-CodeLlama-7B-GPTQ,CodeLlama-7B,GPTQ,636766f81a6d9265ec01775c,8.0,0,2,0,2.0,1.0
CoderEval-Java-CodeLlama-7B-GPTQ,CodeLlama-7B,GPTQ,636766f91a6d9265ec01776e,0.0,0,0,0,0.0,0.0
CoderEval-Java-CodeLlama-7B-GPTQ,CodeLlama-7B,GPTQ,636766f91a6d9265ec01777d,14.0,0,2,0,7.0,6.0
CoderEval-Java-CodeLlama-7B-GPTQ,CodeLlama-7B,GPTQ,636766f91a6d9265ec01777f,5.0,0,3,0,2.0,1.0
CoderEval-Java-CodeLlama-7B-GPTQ,CodeLlama-7B,GPTQ,636766fa1a6d9265ec017796,9.0,0,3,0,2.0,1.0
CoderEval-Java-CodeLlama-7B-GPTQ,CodeLlama-7B,GPTQ,636766fa1a6d9265ec01779c,21.0,0,2,0,5.0,7.0
CoderEval-Java-CodeLlama-7B-GPTQ,CodeLlama-7B,GPTQ,636766fa1a6d9265ec01779d,5.0,0,2,0,2.0,1.0
CoderEval-Java-CodeLlama-7B-GPTQ,CodeLlama-7B,GPTQ,636766fa1a6d9265ec0177a4,9.0,0,2,0,2.0,1.0
CoderEval-Java-CodeLlama-7B-GPTQ,CodeLlama-7B,GPTQ,636766fa1a6d9265ec0177a9,13.0,0,1,0,2.0,2.0
CoderEval-Java-CodeLlama-7B-GPTQ,CodeLlama-7B,GPTQ,636766fb1a6d9265ec0177c1,5.0,0,2,0,2.0,1.0
CoderEval-Java-CodeLlama-7B-GPTQ,CodeLlama-7B,GPTQ,636766fb1a6d9265ec0177c3,5.0,0,2,0,1.0,0.0
CoderEval-Java-CodeLlama-7B-GPTQ,CodeLlama-7B,GPTQ,636766fc1a6d9265ec0177da,5.0,0,2,0,21.0,1.0
CoderEval-Java-CodeLlama-7B-GPTQ,CodeLlama-7B,GPTQ,636766fc1a6d9265ec0177ef,19.0,0,2,0,5.0,5.0
CoderEval-Java-CodeLlama-7B-GPTQ,CodeLlama-7B,GPTQ,636766fd1a6d9265ec017814,10.0,0,2,0,3.0,3.0
CoderEval-Java-CodeLlama-7B-GPTQ,CodeLlama-7B,GPTQ,636766fe1a6d9265ec017821,13.0,0,1,0,3.0,2.0
CoderEval-Java-CodeLlama-7B-GPTQ,CodeLlama-7B,GPTQ,636766fe1a6d9265ec017834,5.0,0,2,0,1.0,0.0
CoderEval-Java-CodeLlama-7B-GPTQ,CodeLlama-7B,GPTQ,636766fe1a6d9265ec017838,15.0,0,3,0,4.0,3.0
CoderEval-Java-CodeLlama-7B-GPTQ,CodeLlama-7B,GPTQ,636766fe1a6d9265ec01781c,5.0,0,2,0,1.0,0.0
CoderEval-Java-CodeLlama-7B-GPTQ,CodeLlama-7B,GPTQ,636766fe1a6d9265ec01782a,15.0,0,1,0,2.0,1.0
CoderEval-Java-CodeLlama-7B-GPTQ,CodeLlama-7B,GPTQ,636766ff1a6d9265ec017842,13.0,0,2,0,3.0,2.0
CoderEval-Java-CodeLlama-7B-GPTQ,CodeLlama-7B,GPTQ,636766ff1a6d9265ec017851,8.0,0,1,0,3.0,3.0
CoderEval-Java-CodeLlama-7B-GPTQ,CodeLlama-7B,GPTQ,636766ff1a6d9265ec017853,8.0,0,1,0,2.0,1.0
CoderEval-Java-CodeLlama-7B-GPTQ,CodeLlama-7B,GPTQ,636766ff1a6d9265ec01783b,9.0,0,3,0,5.0,4.0
CoderEval-Java-CodeLlama-7B-GPTQ,CodeLlama-7B,GPTQ,636766ff1a6d9265ec01784b,10.0,0,2,0,3.0,3.0
CoderEval-Java-CodeLlama-7B-GPTQ,CodeLlama-7B,GPTQ,636767001a6d9265ec017873,18.0,0,2,0,3.0,2.0
CoderEval-Java-CodeLlama-7B-GPTQ,CodeLlama-7B,GPTQ,636767021a6d9265ec0178b2,36.0,0,1,0,11.0,1.0
CoderEval-Java-CodeLlama-7B-GPTQ,CodeLlama-7B,GPTQ,636767021a6d9265ec0178bb,5.0,0,2,0,3.0,2.0
CoderEval-Java-CodeLlama-7B-GPTQ,CodeLlama-7B,GPTQ,636767021a6d9265ec0178bc,14.0,0,3,0,4.0,6.0
CoderEval-Java-CodeLlama-7B-GPTQ,CodeLlama-7B,GPTQ,636767021a6d9265ec0178bf,15.0,0,1,0,4.0,4.0
CoderEval-Java-CodeLlama-7B-GPTQ,CodeLlama-7B,GPTQ,636767031a6d9265ec0178dd,9.0,0,1,0,1.0,1.0
CoderEval-Java-CodeLlama-7B-GPTQ,CodeLlama-7B,GPTQ,636767031a6d9265ec0178e6,10.0,0,3,0,3.0,2.0
CoderEval-Java-CodeLlama-7B-GPTQ,CodeLlama-7B,GPTQ,636767031a6d9265ec0178ef,9.0,0,2,0,1.0,0.0
CoderEval-Java-CodeLlama-7B-GPTQ,CodeLlama-7B,GPTQ,636767041a6d9265ec017911,7.0,0,2,0,2.0,1.0
CoderEval-Java-CodeLlama-7B-GPTQ,CodeLlama-7B,GPTQ,636767041a6d9265ec0178f8,9.0,0,2,0,2.0,1.0
CoderEval-Java-CodeLlama-7B-GPTQ,CodeLlama-7B,GPTQ,636767041a6d9265ec01790f,12.0,0,3,0,3.0,2.0
CoderEval-Java-CodeLlama-7B-GPTQ,CodeLlama-7B,GPTQ,636767061a6d9265ec01794a,17.0,0,2,0,5.0,5.0
CoderEval-Java-CodeLlama-7B-GPTQ,CodeLlama-7B,GPTQ,636767081a6d9265ec017989,15.0,0,2,0,4.0,3.0
CoderEval-Java-CodeLlama-7B-GPTQ,CodeLlama-7B,GPTQ,636767081a6d9265ec0179a2,10.0,0,2,0,3.0,3.0
CoderEval-Java-CodeLlama-7B-GPTQ,CodeLlama-7B,GPTQ,6367670a1a6d9265ec0179cf,5.0,0,2,0,2.0,1.0
CoderEval-Java-CodeLlama-7B-GPTQ,CodeLlama-7B,GPTQ,6367670a1a6d9265ec0179d8,5.0,0,1,0,1.0,0.0
CoderEval-Java-CodeLlama-7B-GPTQ,CodeLlama-7B,GPTQ,6367670a1a6d9265ec0179d9,5.0,0,2,0,2.0,1.0
CoderEval-Java-CodeLlama-7B-GPTQ,CodeLlama-7B,GPTQ,6367670a1a6d9265ec0179dc,9.0,0,1,0,4.0,4.0
CoderEval-Java-CodeLlama-7B-GPTQ,CodeLlama-7B,GPTQ,6367670a1a6d9265ec0179e7,0.0,0,0,0,0.0,0.0
CoderEval-Java-CodeLlama-7B-GPTQ,CodeLlama-7B,GPTQ,6367670a1a6d9265ec0179e8,5.0,0,2,0,3.0,2.0
CoderEval-Java-CodeLlama-7B-GPTQ,CodeLlama-7B,GPTQ,6367670a1a6d9265ec0179f1,14.0,0,2,0,4.0,3.0
CoderEval-Java-CodeLlama-7B-GPTQ,CodeLlama-7B,GPTQ,6367670b1a6d9265ec0179f2,5.0,0,1,0,1.0,0.0
CoderEval-Java-CodeLlama-7B-GPTQ,CodeLlama-7B,GPTQ,6367670b1a6d9265ec0179fe,5.0,0,2,0,1.0,0.0
CoderEval-Java-CodeLlama-7B-GPTQ,CodeLlama-7B,GPTQ,6367670b1a6d9265ec0179ff,5.0,0,2,0,3.0,2.0
CoderEval-Java-CodeLlama-7B-GPTQ,CodeLlama-7B,GPTQ,6367670b1a6d9265ec017a00,5.0,0,2,0,1.0,0.0
CoderEval-Java-CodeLlama-7B-GPTQ,CodeLlama-7B,GPTQ,6367670b1a6d9265ec017a05,5.0,0,2,0,1.0,0.0
CoderEval-Java-CodeLlama-7B-GPTQ,CodeLlama-7B,GPTQ,6367670b1a6d9265ec017a0f,13.0,0,2,0,6.0,5.0
CoderEval-Java-CodeLlama-7B-GPTQ,CodeLlama-7B,GPTQ,6367670c1a6d9265ec017a35,13.0,0,3,0,9.0,11.0
CoderEval-Java-CodeLlama-7B-GPTQ,CodeLlama-7B,GPTQ,6367670c1a6d9265ec017a2a,15.0,0,2,0,4.0,3.0
CoderEval-Java-CodeLlama-7B-GPTQ,CodeLlama-7B,GPTQ,636767121a6d9265ec017b0a,9.0,0,1,0,3.0,2.0
CoderEval-Java-CodeLlama-7B-GPTQ,CodeLlama-7B,GPTQ,636767131a6d9265ec017b23,5.0,0,1,0,1.0,0.0
CoderEval-Java-CodeLlama-7B-GPTQ,CodeLlama-7B,GPTQ,636767151a6d9265ec017b6b,22.0,0,2,0,8.0,13.0
CoderEval-Java-CodeLlama-7B-GPTQ,CodeLlama-7B,GPTQ,636767191a6d9265ec017c0f,0.0,0,0,0,0.0,0.0
CoderEval-Java-CodeLlama-7B-GPTQ,CodeLlama-7B,GPTQ,6367671a1a6d9265ec017c15,25.0,0,1,0,7.0,6.0
CoderEval-Java-CodeLlama-7B-GPTQ,CodeLlama-7B,GPTQ,6367672d1a6d9265ec017c73,9.0,0,2,0,3.0,3.0
CoderEval-Java-CodeLlama-7B-GPTQ,CodeLlama-7B,GPTQ,6367672d1a6d9265ec017c74,16.0,0,1,0,3.0,5.0
CoderEval-Java-CodeLlama-7B-GPTQ,CodeLlama-7B,GPTQ,6367672d1a6d9265ec017c78,9.0,0,1,0,2.0,1.0
CoderEval-Java-CodeLlama-7B-GPTQ,CodeLlama-7B,GPTQ,636767431a6d9265ec017c88,9.0,0,2,0,2.0,1.0
CoderEval-Java-CodeLlama-7B-GPTQ,CodeLlama-7B,GPTQ,636767431a6d9265ec017c8d,10.0,0,1,0,2.0,1.0
CoderEval-Java-CodeLlama-7B-GPTQ,CodeLlama-7B,GPTQ,636767441a6d9265ec017cc1,10.0,0,1,0,1.0,0.0
CoderEval-Java-CodeLlama-7B-GPTQ,CodeLlama-7B,GPTQ,636767461a6d9265ec017d0e,11.0,0,3,0,2.0,1.0
CoderEval-Java-CodeLlama-7B-GPTQ,CodeLlama-7B,GPTQ,636767491a6d9265ec017d90,9.0,0,2,0,2.0,1.0
CoderEval-Java-CodeLlama-7B-GPTQ,CodeLlama-7B,GPTQ,6367674a1a6d9265ec017da9,8.0,0,2,0,2.0,1.0
CoderEval-Java-CodeLlama-7B-GPTQ,CodeLlama-7B,GPTQ,6367674a1a6d9265ec017dab,0.0,0,0,0,0.0,0.0
CoderEval-Java-CodeLlama-7B-GPTQ,CodeLlama-7B,GPTQ,6367674b1a6d9265ec017dc0,0.0,0,0,0,0.0,0.0
CoderEval-Java-CodeLlama-7B-GPTQ,CodeLlama-7B,GPTQ,6367674f1a6d9265ec017e74,9.0,0,1,0,2.0,1.0
CoderEval-Java-CodeLlama-7B-GPTQ,CodeLlama-7B,GPTQ,636767501a6d9265ec017e86,5.0,0,1,0,1.0,0.0
CoderEval-Java-CodeLlama-7B-GPTQ,CodeLlama-7B,GPTQ,636767511a6d9265ec017eb0,5.0,0,1,0,1.0,0.0
CoderEval-Java-CodeLlama-7B-GPTQ,CodeLlama-7B,GPTQ,636767511a6d9265ec017eb6,12.0,0,1,0,3.0,3.0
CoderEval-Java-CodeLlama-7B-GPTQ,CodeLlama-7B,GPTQ,636767521a6d9265ec017ecc,13.0,0,3,0,1.0,0.0
CoderEval-Java-CodeLlama-7B-GPTQ,CodeLlama-7B,GPTQ,636767531a6d9265ec017ef1,5.0,0,2,0,2.0,1.0
CoderEval-Java-CodeLlama-7B-GPTQ,CodeLlama-7B,GPTQ,636767551a6d9265ec017f3f,7.0,0,2,0,1.0,0.0
CoderEval-Java-CodeLlama-7B-GPTQ,CodeLlama-7B,GPTQ,636767561a6d9265ec017f63,10.0,0,1,0,3.0,3.0
CoderEval-Java-CodeLlama-7B-GPTQ,CodeLlama-7B,GPTQ,636767561a6d9265ec017f7c,9.0,0,2,0,2.0,1.0
CoderEval-Java-CodeLlama-7B-GPTQ,CodeLlama-7B,GPTQ,636767581a6d9265ec017fb4,9.0,0,2,0,2.0,1.0
CoderEval-Java-CodeLlama-7B-GPTQ,CodeLlama-7B,GPTQ,636767581a6d9265ec017fc4,8.0,0,2,0,2.0,2.0
CoderEval-Java-CodeLlama-7B-GPTQ,CodeLlama-7B,GPTQ,6367675c1a6d9265ec018058,10.0,0,2,0,2.0,0.0
CoderEval-Java-CodeLlama-7B-GPTQ,CodeLlama-7B,GPTQ,6367675c1a6d9265ec01805b,12.0,0,1,0,3.0,2.0
CoderEval-Java-CodeLlama-7B-GPTQ,CodeLlama-7B,GPTQ,6367675d1a6d9265ec018082,5.0,0,1,0,1.0,0.0
CoderEval-Java-CodeLlama-7B-GPTQ,CodeLlama-7B,GPTQ,6367675f1a6d9265ec0180cf,10.0,0,4,0,3.0,2.0
CoderEval-Java-CodeLlama-7B-GPTQ,CodeLlama-7B,GPTQ,6367675f1a6d9265ec0180d3,5.0,0,3,0,1.0,0.0
CoderEval-Java-CodeLlama-7B-GPTQ,CodeLlama-7B,GPTQ,636767601a6d9265ec0180e2,12.0,0,2,0,3.0,3.0
CoderEval-Java-CodeLlama-7B-GPTQ,CodeLlama-7B,GPTQ,636767611a6d9265ec018112,5.0,0,1,0,1.0,0.0
CoderEval-Java-CodeLlama-7B-GPTQ,CodeLlama-7B,GPTQ,636767611a6d9265ec018116,11.0,0,2,0,3.0,3.0
CoderEval-Java-CodeLlama-7B-GPTQ,CodeLlama-7B,GPTQ,636767631a6d9265ec018171,0.0,0,0,0,0.0,0.0
CoderEval-Java-CodeLlama-7B-GPTQ,CodeLlama-7B,GPTQ,636767691a6d9265ec0181a6,9.0,0,2,0,2.0,1.0
CoderEval-Java-CodeLlama-7B-GPTQ,CodeLlama-7B,GPTQ,636767691a6d9265ec0181a7,9.0,0,2,0,3.0,2.0
CoderEval-Java-CodeLlama-7B-GPTQ,CodeLlama-7B,GPTQ,636767691a6d9265ec0181aa,12.0,0,2,0,3.0,2.0
CoderEval-Java-CodeLlama-7B-GPTQ,CodeLlama-7B,GPTQ,636767691a6d9265ec0181ac,0.0,0,0,0,0.0,0.0
CoderEval-Java-CodeLlama-7B-GPTQ,CodeLlama-7B,GPTQ,6367676a1a6d9265ec0181bf,8.0,0,2,0,2.0,1.0
CoderEval-Java-CodeLlama-7B-GPTQ,CodeLlama-7B,GPTQ,6367676a1a6d9265ec0181cd,9.0,0,2,0,3.0,2.0
CoderEval-Java-CodeLlama-7B-GPTQ,CodeLlama-7B,GPTQ,6367676a1a6d9265ec0181d4,10.0,0,3,0,2.0,1.0
CoderEval-Java-CodeLlama-7B-GPTQ,CodeLlama-7B,GPTQ,6367676b1a6d9265ec0181dd,11.0,0,2,0,3.0,3.0
CoderEval-Java-CodeLlama-7B-GPTQ,CodeLlama-7B,GPTQ,6367676b1a6d9265ec0181df,5.0,0,2,0,1.0,0.0
CoderEval-Java-CodeLlama-7B-GPTQ,CodeLlama-7B,GPTQ,6367676b1a6d9265ec0181e2,12.0,0,2,0,3.0,3.0
CoderEval-Java-CodeLlama-7B-GPTQ,CodeLlama-7B,GPTQ,6367676b1a6d9265ec0181e9,10.0,0,2,0,3.0,3.0
CoderEval-Java-CodeLlama-7B-GPTQ,CodeLlama-7B,GPTQ,6367676b1a6d9265ec0181ee,10.0,0,2,0,3.0,2.0
CoderEval-Java-CodeLlama-7B-GPTQ,CodeLlama-7B,GPTQ,6367676c1a6d9265ec018204,8.0,0,2,0,1.0,0.0
CoderEval-Java-CodeLlama-7B-GPTQ,CodeLlama-7B,GPTQ,6367676c1a6d9265ec018220,0.0,0,0,0,0.0,0.0
CoderEval-Java-CodeLlama-7B-GPTQ,CodeLlama-7B,GPTQ,6367676c1a6d9265ec018223,12.0,0,2,0,4.0,4.0
CoderEval-Java-CodeLlama-7B-GPTQ,CodeLlama-7B,GPTQ,6367676c1a6d9265ec01820b,13.0,0,2,0,3.0,3.0
CoderEval-Java-CodeLlama-7B-GPTQ,CodeLlama-7B,GPTQ,6367676d1a6d9265ec018229,9.0,0,2,0,2.0,1.0
CoderEval-Java-CodeLlama-7B-GPTQ,CodeLlama-7B,GPTQ,636767781a6d9265ec018250,0.0,0,0,0,0.0,0.0
CoderEval-Java-CodeLlama-7B-GPTQ,CodeLlama-7B,GPTQ,636767791a6d9265ec01826d,13.0,0,2,0,2.0,2.0
CoderEval-Java-CodeLlama-7B-GPTQ,CodeLlama-7B,GPTQ,6367677b1a6d9265ec0182bd,0.0,0,0,0,0.0,0.0
CoderEval-Java-CodeLlama-7B-GPTQ,CodeLlama-7B,GPTQ,6367677d1a6d9265ec0182fd,9.0,0,3,0,4.0,3.0
CoderEval-Java-CodeLlama-7B-GPTQ,CodeLlama-7B,GPTQ,6367677e1a6d9265ec01830f,66.0,0,27,0,1.0,0.0
CoderEval-Java-CodeLlama-7B-GPTQ,CodeLlama-7B,GPTQ,6367677e1a6d9265ec01832e,9.0,0,1,0,2.0,1.0
CoderEval-Java-CodeLlama-7B-GPTQ,CodeLlama-7B,GPTQ,6367677f1a6d9265ec018347,7.0,0,1,0,2.0,1.0
CoderEval-Java-CodeLlama-7B-GPTQ,CodeLlama-7B,GPTQ,6367677f1a6d9265ec01834b,17.0,0,1,0,4.0,3.0
CoderEval-Java-CodeLlama-7B-GPTQ,CodeLlama-7B,GPTQ,636767821a6d9265ec0183a0,0.0,0,0,0,0.0,0.0
CoderEval-Java-CodeLlama-7B-GPTQ,CodeLlama-7B,GPTQ,636767821a6d9265ec0183ab,5.0,0,1,0,1.0,0.0
CoderEval-Java-CodeLlama-7B-GPTQ,CodeLlama-7B,GPTQ,636767831a6d9265ec0183c9,8.0,0,2,0,2.0,1.0
CoderEval-Java-CodeLlama-7B-GPTQ,CodeLlama-7B,GPTQ,636767841a6d9265ec0183e8,12.0,0,1,0,3.0,4.0
CoderEval-Java-CodeLlama-7B-GPTQ,CodeLlama-7B,GPTQ,636767861a6d9265ec018440,13.0,0,1,0,3.0,2.0
CoderEval-Java-CodeLlama-7B-GPTQ,CodeLlama-7B,GPTQ,636767861a6d9265ec01844c,7.0,0,1,0,2.0,1.0
CoderEval-Java-CodeLlama-7B-GPTQ,CodeLlama-7B,GPTQ,636767871a6d9265ec01846d,9.0,0,2,0,2.0,1.0
CoderEval-Java-CodeLlama-7B-GPTQ,CodeLlama-7B,GPTQ,636767a21a6d9265ec018517,0.0,0,0,0,0.0,0.0
CoderEval-Java-CodeLlama-7B-GPTQ,CodeLlama-7B,GPTQ,636767a31a6d9265ec018552,0.0,0,0,0,0.0,0.0
CoderEval-Java-CodeLlama-7B-GPTQ,CodeLlama-7B,GPTQ,636767a31a6d9265ec01854f,8.0,0,1,0,2.0,1.0
CoderEval-Java-CodeLlama-7B-GPTQ,CodeLlama-7B,GPTQ,636767a41a6d9265ec018572,25.0,0,1,0,6.0,5.0
CoderEval-Java-CodeLlama-7B-GPTQ,CodeLlama-7B,GPTQ,636767a41a6d9265ec018582,6.0,0,2,0,1.0,0.0
CoderEval-Java-CodeLlama-7B-GPTQ,CodeLlama-7B,GPTQ,636767a41a6d9265ec01856c,18.0,0,2,0,5.0,6.0
CoderEval-Java-CodeLlama-7B-GPTQ,CodeLlama-7B,GPTQ,636767a41a6d9265ec01857e,7.0,0,3,0,3.0,2.0
CoderEval-Java-CodeLlama-7B-GPTQ,CodeLlama-7B,GPTQ,636767a51a6d9265ec01859d,7.0,0,2,0,4.0,4.0
CoderEval-Java-CodeLlama-7B-GPTQ,CodeLlama-7B,GPTQ,636767a61a6d9265ec0185b7,5.0,0,2,0,1.0,0.0
CoderEval-Java-CodeLlama-7B-GPTQ,CodeLlama-7B,GPTQ,636767a81a6d9265ec0185fc,12.0,0,1,0,3.0,2.0
CoderEval-Java-CodeLlama-7B-GPTQ,CodeLlama-7B,GPTQ,636767aa1a6d9265ec01864a,0.0,0,0,0,0.0,0.0
CoderEval-Java-CodeLlama-7B-GPTQ,CodeLlama-7B,GPTQ,636767ab1a6d9265ec018676,5.0,0,2,0,6.0,5.0
CoderEval-Java-CodeLlama-7B-GPTQ,CodeLlama-7B,GPTQ,636767dc1a6d9265ec0186be,15.0,0,3,0,1.0,0.0
CoderEval-Java-CodeLlama-7B-GPTQ,CodeLlama-7B,GPTQ,636767dc1a6d9265ec0186cb,7.0,0,1,0,2.0,1.0
CoderEval-Java-CodeLlama-7B-GPTQ,CodeLlama-7B,GPTQ,636767dd1a6d9265ec0186de,0.0,0,0,0,0.0,0.0
CoderEval-Java-CodeLlama-7B-GPTQ,CodeLlama-7B,GPTQ,636767dd1a6d9265ec0186e5,34.0,0,4,0,16.0,27.0
CoderEval-Java-CodeLlama-7B-GPTQ,CodeLlama-7B,GPTQ,636767dd1a6d9265ec0186f3,9.0,0,1,0,3.0,3.0
CoderEval-Java-CodeLlama-7B-GPTQ,CodeLlama-7B,GPTQ,636767de1a6d9265ec01871c,0.0,0,0,0,0.0,0.0
CoderEval-Java-CodeLlama-7B-GPTQ,CodeLlama-7B,GPTQ,636767df1a6d9265ec018744,14.0,0,2,0,2.0,1.0
CoderEval-Java-CodeLlama-7B-GPTQ,CodeLlama-7B,GPTQ,636767df1a6d9265ec01873c,5.0,0,1,0,1.0,0.0
CoderEval-Java-CodeLlama-7B-GPTQ,CodeLlama-7B,GPTQ,636767e01a6d9265ec018755,0.0,0,0,0,0.0,0.0
CoderEval-Java-CodeLlama-7B-GPTQ,CodeLlama-7B,GPTQ,636767e01a6d9265ec018764,9.0,0,1,0,2.0,1.0
CoderEval-Java-CodeLlama-7B-GPTQ,CodeLlama-7B,GPTQ,636767e11a6d9265ec018781,0.0,0,0,0,0.0,0.0
CoderEval-Java-CodeLlama-7B-GPTQ,CodeLlama-7B,GPTQ,636767e11a6d9265ec018795,13.0,0,1,0,4.0,4.0
CoderEval-Java-CodeLlama-7B-QUIP,CodeLlama-7B,QUIP,6367667d1a6d9265ec017401,45.0,0,2,0,12.0,11.0
CoderEval-Java-CodeLlama-7B-QUIP,CodeLlama-7B,QUIP,6367667d1a6d9265ec01741d,0.0,0,0,0,0.0,0.0
CoderEval-Java-CodeLlama-7B-QUIP,CodeLlama-7B,QUIP,6367667e1a6d9265ec01743a,5.0,0,1,0,1.0,0.0
CoderEval-Java-CodeLlama-7B-QUIP,CodeLlama-7B,QUIP,6367667f1a6d9265ec017457,41.0,0,5,0,16.0,78.0
CoderEval-Java-CodeLlama-7B-QUIP,CodeLlama-7B,QUIP,6367667f1a6d9265ec01745d,0.0,0,0,0,0.0,0.0
CoderEval-Java-CodeLlama-7B-QUIP,CodeLlama-7B,QUIP,636766801a6d9265ec017487,18.0,0,2,0,4.0,5.0
CoderEval-Java-CodeLlama-7B-QUIP,CodeLlama-7B,QUIP,636766821a6d9265ec0174b6,44.0,0,5,0,16.0,51.0
CoderEval-Java-CodeLlama-7B-QUIP,CodeLlama-7B,QUIP,636766821a6d9265ec0174bf,13.0,0,3,0,2.0,1.0
CoderEval-Java-CodeLlama-7B-QUIP,CodeLlama-7B,QUIP,636766821a6d9265ec0174c9,13.0,0,2,0,3.0,3.0
CoderEval-Java-CodeLlama-7B-QUIP,CodeLlama-7B,QUIP,636766831a6d9265ec0174eb,7.0,0,1,0,2.0,1.0
CoderEval-Java-CodeLlama-7B-QUIP,CodeLlama-7B,QUIP,636766851a6d9265ec01751b,14.0,0,2,0,7.0,6.0
CoderEval-Java-CodeLlama-7B-QUIP,CodeLlama-7B,QUIP,636766861a6d9265ec017553,5.0,0,1,0,1.0,0.0
CoderEval-Java-CodeLlama-7B-QUIP,CodeLlama-7B,QUIP,636766861a6d9265ec01755a,39.0,0,3,0,36.0,35.0
CoderEval-Java-CodeLlama-7B-QUIP,CodeLlama-7B,QUIP,636766a81a6d9265ec017586,7.0,0,1,0,2.0,1.0
CoderEval-Java-CodeLlama-7B-QUIP,CodeLlama-7B,QUIP,636766a81a6d9265ec017595,10.0,0,1,0,2.0,1.0
CoderEval-Java-CodeLlama-7B-QUIP,CodeLlama-7B,QUIP,636766a81a6d9265ec01758e,0.0,0,0,0,0.0,0.0
CoderEval-Java-CodeLlama-7B-QUIP,CodeLlama-7B,QUIP,636766a91a6d9265ec0175ae,0.0,0,0,0,0.0,0.0
CoderEval-Java-CodeLlama-7B-QUIP,CodeLlama-7B,QUIP,636766a91a6d9265ec0175c1,10.0,0,2,0,2.0,1.0
CoderEval-Java-CodeLlama-7B-QUIP,CodeLlama-7B,QUIP,636766a91a6d9265ec0175c2,7.0,0,1,0,1.0,0.0
CoderEval-Java-CodeLlama-7B-QUIP,CodeLlama-7B,QUIP,636766a91a6d9265ec0175c4,29.0,1,1,0,12.0,12.0
CoderEval-Java-CodeLlama-7B-QUIP,CodeLlama-7B,QUIP,636766aa1a6d9265ec0175ce,6.0,0,1,0,1.0,0.0
CoderEval-Java-CodeLlama-7B-QUIP,CodeLlama-7B,QUIP,636766ae1a6d9265ec0175d8,8.0,0,1,0,2.0,1.0
CoderEval-Java-CodeLlama-7B-QUIP,CodeLlama-7B,QUIP,636766ae1a6d9265ec0175dc,5.0,0,1,0,1.0,0.0
CoderEval-Java-CodeLlama-7B-QUIP,CodeLlama-7B,QUIP,636766f01a6d9265ec017639,6.0,0,4,0,2.0,1.0
CoderEval-Java-CodeLlama-7B-QUIP,CodeLlama-7B,QUIP,636766f01a6d9265ec01762e,5.0,0,2,0,2.0,1.0
CoderEval-Java-CodeLlama-7B-QUIP,CodeLlama-7B,QUIP,636766f01a6d9265ec01763e,0.0,0,0,0,0.0,0.0
CoderEval-Java-CodeLlama-7B-QUIP,CodeLlama-7B,QUIP,636766f11a6d9265ec017641,5.0,0,1,0,1.0,0.0
CoderEval-Java-CodeLlama-7B-QUIP,CodeLlama-7B,QUIP,636766f11a6d9265ec017651,8.0,0,2,0,3.0,2.0
CoderEval-Java-CodeLlama-7B-QUIP,CodeLlama-7B,QUIP,636766f11a6d9265ec017658,9.0,0,2,0,2.0,1.0
CoderEval-Java-CodeLlama-7B-QUIP,CodeLlama-7B,QUIP,636766f11a6d9265ec017663,14.0,0,3,0,6.0,5.0
CoderEval-Java-CodeLlama-7B-QUIP,CodeLlama-7B,QUIP,636766f11a6d9265ec01764f,5.0,0,1,0,1.0,0.0
CoderEval-Java-CodeLlama-7B-QUIP,CodeLlama-7B,QUIP,636766f21a6d9265ec017667,5.0,0,1,0,1.0,0.0
CoderEval-Java-CodeLlama-7B-QUIP,CodeLlama-7B,QUIP,636766f21a6d9265ec017677,5.0,0,2,0,1.0,0.0
CoderEval-Java-CodeLlama-7B-QUIP,CodeLlama-7B,QUIP,636766f21a6d9265ec01767d,8.0,0,2,0,2.0,1.0
CoderEval-Java-CodeLlama-7B-QUIP,CodeLlama-7B,QUIP,636766f31a6d9265ec01768f,5.0,0,2,0,1.0,0.0
CoderEval-Java-CodeLlama-7B-QUIP,CodeLlama-7B,QUIP,636766f61a6d9265ec017701,0.0,0,0,0,0.0,0.0
CoderEval-Java-CodeLlama-7B-QUIP,CodeLlama-7B,QUIP,636766f71a6d9265ec017730,8.0,0,2,0,2.0,1.0
CoderEval-Java-CodeLlama-7B-QUIP,CodeLlama-7B,QUIP,636766f81a6d9265ec017758,5.0,0,1,0,1.0,0.0
CoderEval-Java-CodeLlama-7B-QUIP,CodeLlama-7B,QUIP,636766f81a6d9265ec01775b,5.0,0,1,0,1.0,0.0
CoderEval-Java-CodeLlama-7B-QUIP,CodeLlama-7B,QUIP,636766f81a6d9265ec01775c,7.0,0,2,0,2.0,1.0
CoderEval-Java-CodeLlama-7B-QUIP,CodeLlama-7B,QUIP,636766f91a6d9265ec01776e,71.0,0,4,0,19.0,18.0
CoderEval-Java-CodeLlama-7B-QUIP,CodeLlama-7B,QUIP,636766f91a6d9265ec01777d,14.0,0,2,0,7.0,6.0
CoderEval-Java-CodeLlama-7B-QUIP,CodeLlama-7B,QUIP,636766f91a6d9265ec01777f,6.0,0,3,0,2.0,1.0
CoderEval-Java-CodeLlama-7B-QUIP,CodeLlama-7B,QUIP,636766fa1a6d9265ec017796,12.0,0,3,0,3.0,2.0
CoderEval-Java-CodeLlama-7B-QUIP,CodeLlama-7B,QUIP,636766fa1a6d9265ec01779c,14.0,0,1,0,4.0,5.0
CoderEval-Java-CodeLlama-7B-QUIP,CodeLlama-7B,QUIP,636766fa1a6d9265ec01779d,5.0,0,2,0,4.0,3.0
CoderEval-Java-CodeLlama-7B-QUIP,CodeLlama-7B,QUIP,636766fa1a6d9265ec0177a4,8.0,0,3,0,3.0,2.0
CoderEval-Java-CodeLlama-7B-QUIP,CodeLlama-7B,QUIP,636766fa1a6d9265ec0177a9,5.0,0,1,0,1.0,0.0
CoderEval-Java-CodeLlama-7B-QUIP,CodeLlama-7B,QUIP,636766fb1a6d9265ec0177c1,5.0,0,2,0,2.0,1.0
CoderEval-Java-CodeLlama-7B-QUIP,CodeLlama-7B,QUIP,636766fb1a6d9265ec0177c3,5.0,0,2,0,2.0,1.0
CoderEval-Java-CodeLlama-7B-QUIP,CodeLlama-7B,QUIP,636766fc1a6d9265ec0177da,5.0,0,2,0,5.0,1.0
CoderEval-Java-CodeLlama-7B-QUIP,CodeLlama-7B,QUIP,636766fc1a6d9265ec0177ef,20.0,0,2,0,5.0,5.0
CoderEval-Java-CodeLlama-7B-QUIP,CodeLlama-7B,QUIP,636766fd1a6d9265ec017814,26.0,0,5,0,11.0,12.0
CoderEval-Java-CodeLlama-7B-QUIP,CodeLlama-7B,QUIP,636766fe1a6d9265ec017821,11.0,0,1,0,3.0,2.0
CoderEval-Java-CodeLlama-7B-QUIP,CodeLlama-7B,QUIP,636766fe1a6d9265ec017834,5.0,0,2,0,1.0,0.0
CoderEval-Java-CodeLlama-7B-QUIP,CodeLlama-7B,QUIP,636766fe1a6d9265ec017838,15.0,0,3,0,4.0,3.0
CoderEval-Java-CodeLlama-7B-QUIP,CodeLlama-7B,QUIP,636766fe1a6d9265ec01781c,5.0,0,2,0,1.0,0.0
CoderEval-Java-CodeLlama-7B-QUIP,CodeLlama-7B,QUIP,636766fe1a6d9265ec01782a,45.0,0,1,0,1.0,0.0
CoderEval-Java-CodeLlama-7B-QUIP,CodeLlama-7B,QUIP,636766ff1a6d9265ec017842,8.0,0,2,0,2.0,1.0
CoderEval-Java-CodeLlama-7B-QUIP,CodeLlama-7B,QUIP,636766ff1a6d9265ec017851,7.0,0,1,0,3.0,2.0
CoderEval-Java-CodeLlama-7B-QUIP,CodeLlama-7B,QUIP,636766ff1a6d9265ec017853,10.0,0,1,0,2.0,1.0
CoderEval-Java-CodeLlama-7B-QUIP,CodeLlama-7B,QUIP,636766ff1a6d9265ec01783b,8.0,0,2,0,5.0,2.0
CoderEval-Java-CodeLlama-7B-QUIP,CodeLlama-7B,QUIP,636766ff1a6d9265ec01784b,14.0,0,2,0,4.0,4.0
CoderEval-Java-CodeLlama-7B-QUIP,CodeLlama-7B,QUIP,636767001a6d9265ec017873,8.0,0,2,0,2.0,1.0
CoderEval-Java-CodeLlama-7B-QUIP,CodeLlama-7B,QUIP,636767021a6d9265ec0178b2,29.0,0,1,0,13.0,13.0
CoderEval-Java-CodeLlama-7B-QUIP,CodeLlama-7B,QUIP,636767021a6d9265ec0178bb,8.0,0,2,0,3.0,2.0
CoderEval-Java-CodeLlama-7B-QUIP,CodeLlama-7B,QUIP,636767021a6d9265ec0178bc,12.0,0,2,0,3.0,3.0
CoderEval-Java-CodeLlama-7B-QUIP,CodeLlama-7B,QUIP,636767021a6d9265ec0178bf,0.0,0,0,0,0.0,0.0
CoderEval-Java-CodeLlama-7B-QUIP,CodeLlama-7B,QUIP,636767031a6d9265ec0178dd,11.0,0,1,0,1.0,1.0
CoderEval-Java-CodeLlama-7B-QUIP,CodeLlama-7B,QUIP,636767031a6d9265ec0178e6,12.0,0,2,0,3.0,2.0
CoderEval-Java-CodeLlama-7B-QUIP,CodeLlama-7B,QUIP,636767031a6d9265ec0178ef,14.0,0,3,0,3.0,2.0
CoderEval-Java-CodeLlama-7B-QUIP,CodeLlama-7B,QUIP,636767041a6d9265ec017911,7.0,0,2,0,2.0,1.0
CoderEval-Java-CodeLlama-7B-QUIP,CodeLlama-7B,QUIP,636767041a6d9265ec0178f8,10.0,0,2,0,2.0,1.0
CoderEval-Java-CodeLlama-7B-QUIP,CodeLlama-7B,QUIP,636767041a6d9265ec01790f,10.0,0,2,0,3.0,2.0
CoderEval-Java-CodeLlama-7B-QUIP,CodeLlama-7B,QUIP,636767061a6d9265ec01794a,12.0,0,2,0,5.0,4.0
CoderEval-Java-CodeLlama-7B-QUIP,CodeLlama-7B,QUIP,636767081a6d9265ec017989,13.0,0,2,0,3.0,2.0
CoderEval-Java-CodeLlama-7B-QUIP,CodeLlama-7B,QUIP,636767081a6d9265ec0179a2,10.0,0,2,0,3.0,3.0
CoderEval-Java-CodeLlama-7B-QUIP,CodeLlama-7B,QUIP,6367670a1a6d9265ec0179cf,8.0,0,2,0,2.0,1.0
CoderEval-Java-CodeLlama-7B-QUIP,CodeLlama-7B,QUIP,6367670a1a6d9265ec0179d8,5.0,0,1,0,1.0,0.0
CoderEval-Java-CodeLlama-7B-QUIP,CodeLlama-7B,QUIP,6367670a1a6d9265ec0179d9,8.0,0,2,0,2.0,1.0
CoderEval-Java-CodeLlama-7B-QUIP,CodeLlama-7B,QUIP,6367670a1a6d9265ec0179dc,7.0,0,1,0,2.0,1.0
CoderEval-Java-CodeLlama-7B-QUIP,CodeLlama-7B,QUIP,6367670a1a6d9265ec0179e7,10.0,0,1,0,3.0,3.0
CoderEval-Java-CodeLlama-7B-QUIP,CodeLlama-7B,QUIP,6367670a1a6d9265ec0179e8,8.0,0,2,0,2.0,1.0
CoderEval-Java-CodeLlama-7B-QUIP,CodeLlama-7B,QUIP,6367670a1a6d9265ec0179f1,13.0,0,2,0,3.0,4.0
CoderEval-Java-CodeLlama-7B-QUIP,CodeLlama-7B,QUIP,6367670b1a6d9265ec0179f2,5.0,0,1,0,1.0,0.0
CoderEval-Java-CodeLlama-7B-QUIP,CodeLlama-7B,QUIP,6367670b1a6d9265ec0179fe,7.0,0,2,0,1.0,0.0
CoderEval-Java-CodeLlama-7B-QUIP,CodeLlama-7B,QUIP,6367670b1a6d9265ec0179ff,8.0,0,2,0,2.0,1.0
CoderEval-Java-CodeLlama-7B-QUIP,CodeLlama-7B,QUIP,6367670b1a6d9265ec017a00,11.0,0,2,0,5.0,4.0
CoderEval-Java-CodeLlama-7B-QUIP,CodeLlama-7B,QUIP,6367670b1a6d9265ec017a05,5.0,0,2,0,1.0,0.0
CoderEval-Java-CodeLlama-7B-QUIP,CodeLlama-7B,QUIP,6367670b1a6d9265ec017a0f,13.0,0,2,0,7.0,5.0
CoderEval-Java-CodeLlama-7B-QUIP,CodeLlama-7B,QUIP,6367670c1a6d9265ec017a35,8.0,0,2,0,2.0,1.0
CoderEval-Java-CodeLlama-7B-QUIP,CodeLlama-7B,QUIP,6367670c1a6d9265ec017a2a,12.0,0,2,0,3.0,2.0
CoderEval-Java-CodeLlama-7B-QUIP,CodeLlama-7B,QUIP,636767121a6d9265ec017b0a,15.0,0,2,0,4.0,6.0
CoderEval-Java-CodeLlama-7B-QUIP,CodeLlama-7B,QUIP,636767131a6d9265ec017b23,8.0,0,1,0,2.0,1.0
CoderEval-Java-CodeLlama-7B-QUIP,CodeLlama-7B,QUIP,636767151a6d9265ec017b6b,11.0,0,2,0,6.0,3.0
CoderEval-Java-CodeLlama-7B-QUIP,CodeLlama-7B,QUIP,636767191a6d9265ec017c0f,7.0,0,1,0,1.0,0.0
CoderEval-Java-CodeLlama-7B-QUIP,CodeLlama-7B,QUIP,6367671a1a6d9265ec017c15,39.0,0,1,0,13.0,12.0
CoderEval-Java-CodeLlama-7B-QUIP,CodeLlama-7B,QUIP,6367672d1a6d9265ec017c73,9.0,0,1,0,3.0,2.0
CoderEval-Java-CodeLlama-7B-QUIP,CodeLlama-7B,QUIP,6367672d1a6d9265ec017c74,9.0,0,1,0,2.0,1.0
CoderEval-Java-CodeLlama-7B-QUIP,CodeLlama-7B,QUIP,6367672d1a6d9265ec017c78,9.0,0,1,0,2.0,1.0
CoderEval-Java-CodeLlama-7B-QUIP,CodeLlama-7B,QUIP,636767431a6d9265ec017c88,9.0,0,2,0,2.0,1.0
CoderEval-Java-CodeLlama-7B-QUIP,CodeLlama-7B,QUIP,636767431a6d9265ec017c8d,10.0,0,1,0,2.0,1.0
CoderEval-Java-CodeLlama-7B-QUIP,CodeLlama-7B,QUIP,636767441a6d9265ec017cc1,9.0,0,1,0,1.0,0.0
CoderEval-Java-CodeLlama-7B-QUIP,CodeLlama-7B,QUIP,636767461a6d9265ec017d0e,11.0,0,3,0,2.0,1.0
CoderEval-Java-CodeLlama-7B-QUIP,CodeLlama-7B,QUIP,636767491a6d9265ec017d90,22.0,0,2,0,5.0,4.0
CoderEval-Java-CodeLlama-7B-QUIP,CodeLlama-7B,QUIP,6367674a1a6d9265ec017da9,0.0,0,0,0,0.0,0.0
CoderEval-Java-CodeLlama-7B-QUIP,CodeLlama-7B,QUIP,6367674a1a6d9265ec017dab,10.0,0,2,0,5.0,4.0
CoderEval-Java-CodeLlama-7B-QUIP,CodeLlama-7B,QUIP,6367674b1a6d9265ec017dc0,16.0,0,2,0,4.0,5.0
CoderEval-Java-CodeLlama-7B-QUIP,CodeLlama-7B,QUIP,6367674f1a6d9265ec017e74,10.0,0,1,0,3.0,4.0
CoderEval-Java-CodeLlama-7B-QUIP,CodeLlama-7B,QUIP,636767501a6d9265ec017e86,5.0,0,1,0,1.0,0.0
CoderEval-Java-CodeLlama-7B-QUIP,CodeLlama-7B,QUIP,636767511a6d9265ec017eb0,5.0,0,1,0,1.0,0.0
CoderEval-Java-CodeLlama-7B-QUIP,CodeLlama-7B,QUIP,636767511a6d9265ec017eb6,11.0,0,1,0,3.0,3.0
CoderEval-Java-CodeLlama-7B-QUIP,CodeLlama-7B,QUIP,636767521a6d9265ec017ecc,12.0,0,3,0,1.0,0.0
CoderEval-Java-CodeLlama-7B-QUIP,CodeLlama-7B,QUIP,636767531a6d9265ec017ef1,5.0,0,2,0,2.0,1.0
CoderEval-Java-CodeLlama-7B-QUIP,CodeLlama-7B,QUIP,636767551a6d9265ec017f3f,7.0,0,2,0,1.0,0.0
CoderEval-Java-CodeLlama-7B-QUIP,CodeLlama-7B,QUIP,636767561a6d9265ec017f63,9.0,0,2,0,3.0,3.0
CoderEval-Java-CodeLlama-7B-QUIP,CodeLlama-7B,QUIP,636767561a6d9265ec017f7c,9.0,0,2,0,2.0,1.0
CoderEval-Java-CodeLlama-7B-QUIP,CodeLlama-7B,QUIP,636767581a6d9265ec017fb4,10.0,0,2,0,2.0,1.0
CoderEval-Java-CodeLlama-7B-QUIP,CodeLlama-7B,QUIP,636767581a6d9265ec017fc4,8.0,0,2,0,2.0,2.0
CoderEval-Java-CodeLlama-7B-QUIP,CodeLlama-7B,QUIP,6367675c1a6d9265ec018058,7.0,0,3,0,2.0,0.0
CoderEval-Java-CodeLlama-7B-QUIP,CodeLlama-7B,QUIP,6367675c1a6d9265ec01805b,12.0,0,1,0,3.0,2.0
CoderEval-Java-CodeLlama-7B-QUIP,CodeLlama-7B,QUIP,6367675d1a6d9265ec018082,5.0,0,1,0,1.0,0.0
CoderEval-Java-CodeLlama-7B-QUIP,CodeLlama-7B,QUIP,6367675f1a6d9265ec0180cf,10.0,0,4,0,3.0,2.0
CoderEval-Java-CodeLlama-7B-QUIP,CodeLlama-7B,QUIP,6367675f1a6d9265ec0180d3,5.0,0,3,0,1.0,0.0
CoderEval-Java-CodeLlama-7B-QUIP,CodeLlama-7B,QUIP,636767601a6d9265ec0180e2,0.0,0,0,0,0.0,0.0
CoderEval-Java-CodeLlama-7B-QUIP,CodeLlama-7B,QUIP,636767611a6d9265ec018112,5.0,0,1,0,1.0,0.0
CoderEval-Java-CodeLlama-7B-QUIP,CodeLlama-7B,QUIP,636767611a6d9265ec018116,11.0,0,2,0,3.0,3.0
CoderEval-Java-CodeLlama-7B-QUIP,CodeLlama-7B,QUIP,636767631a6d9265ec018171,0.0,0,0,0,0.0,0.0
CoderEval-Java-CodeLlama-7B-QUIP,CodeLlama-7B,QUIP,636767691a6d9265ec0181a6,9.0,0,2,0,2.0,1.0
CoderEval-Java-CodeLlama-7B-QUIP,CodeLlama-7B,QUIP,636767691a6d9265ec0181a7,12.0,0,2,0,4.0,4.0
CoderEval-Java-CodeLlama-7B-QUIP,CodeLlama-7B,QUIP,636767691a6d9265ec0181aa,9.0,0,2,0,2.0,1.0
CoderEval-Java-CodeLlama-7B-QUIP,CodeLlama-7B,QUIP,636767691a6d9265ec0181ac,13.0,0,2,0,3.0,2.0
CoderEval-Java-CodeLlama-7B-QUIP,CodeLlama-7B,QUIP,6367676a1a6d9265ec0181bf,8.0,0,2,0,2.0,1.0
CoderEval-Java-CodeLlama-7B-QUIP,CodeLlama-7B,QUIP,6367676a1a6d9265ec0181cd,8.0,0,2,0,3.0,2.0
CoderEval-Java-CodeLlama-7B-QUIP,CodeLlama-7B,QUIP,6367676a1a6d9265ec0181d4,13.0,0,3,0,3.0,2.0
CoderEval-Java-CodeLlama-7B-QUIP,CodeLlama-7B,QUIP,6367676b1a6d9265ec0181dd,13.0,0,2,0,3.0,3.0
CoderEval-Java-CodeLlama-7B-QUIP,CodeLlama-7B,QUIP,6367676b1a6d9265ec0181df,5.0,0,2,0,1.0,0.0
CoderEval-Java-CodeLlama-7B-QUIP,CodeLlama-7B,QUIP,6367676b1a6d9265ec0181e2,10.0,0,2,0,3.0,3.0
CoderEval-Java-CodeLlama-7B-QUIP,CodeLlama-7B,QUIP,6367676b1a6d9265ec0181e9,10.0,0,2,0,4.0,4.0
CoderEval-Java-CodeLlama-7B-QUIP,CodeLlama-7B,QUIP,6367676b1a6d9265ec0181ee,9.0,0,2,0,3.0,2.0
CoderEval-Java-CodeLlama-7B-QUIP,CodeLlama-7B,QUIP,6367676c1a6d9265ec018204,12.0,0,3,0,3.0,2.0
CoderEval-Java-CodeLlama-7B-QUIP,CodeLlama-7B,QUIP,6367676c1a6d9265ec018220,5.0,0,2,0,1.0,0.0
CoderEval-Java-CodeLlama-7B-QUIP,CodeLlama-7B,QUIP,6367676c1a6d9265ec018223,11.0,0,2,0,4.0,4.0
CoderEval-Java-CodeLlama-7B-QUIP,CodeLlama-7B,QUIP,6367676c1a6d9265ec01820b,11.0,0,2,0,3.0,3.0
CoderEval-Java-CodeLlama-7B-QUIP,CodeLlama-7B,QUIP,6367676d1a6d9265ec018229,9.0,0,2,0,2.0,1.0
CoderEval-Java-CodeLlama-7B-QUIP,CodeLlama-7B,QUIP,636767781a6d9265ec018250,0.0,0,0,0,0.0,0.0
CoderEval-Java-CodeLlama-7B-QUIP,CodeLlama-7B,QUIP,636767791a6d9265ec01826d,15.0,0,2,0,2.0,2.0
CoderEval-Java-CodeLlama-7B-QUIP,CodeLlama-7B,QUIP,6367677b1a6d9265ec0182bd,0.0,0,0,0,0.0,0.0
CoderEval-Java-CodeLlama-7B-QUIP,CodeLlama-7B,QUIP,6367677d1a6d9265ec0182fd,10.0,0,3,0,5.0,4.0
CoderEval-Java-CodeLlama-7B-QUIP,CodeLlama-7B,QUIP,6367677e1a6d9265ec01830f,17.0,0,1,0,4.0,3.0
CoderEval-Java-CodeLlama-7B-QUIP,CodeLlama-7B,QUIP,6367677e1a6d9265ec01832e,0.0,0,0,0,0.0,0.0
CoderEval-Java-CodeLlama-7B-QUIP,CodeLlama-7B,QUIP,6367677f1a6d9265ec018347,7.0,0,1,0,2.0,1.0
CoderEval-Java-CodeLlama-7B-QUIP,CodeLlama-7B,QUIP,6367677f1a6d9265ec01834b,9.0,0,2,0,3.0,2.0
CoderEval-Java-CodeLlama-7B-QUIP,CodeLlama-7B,QUIP,636767821a6d9265ec0183a0,8.0,0,2,0,2.0,1.0
CoderEval-Java-CodeLlama-7B-QUIP,CodeLlama-7B,QUIP,636767821a6d9265ec0183ab,5.0,0,1,0,1.0,0.0
CoderEval-Java-CodeLlama-7B-QUIP,CodeLlama-7B,QUIP,636767831a6d9265ec0183c9,8.0,0,2,0,2.0,1.0
CoderEval-Java-CodeLlama-7B-QUIP,CodeLlama-7B,QUIP,636767841a6d9265ec0183e8,0.0,0,0,0,0.0,0.0
CoderEval-Java-CodeLlama-7B-QUIP,CodeLlama-7B,QUIP,636767861a6d9265ec018440,19.0,0,1,0,6.0,5.0
CoderEval-Java-CodeLlama-7B-QUIP,CodeLlama-7B,QUIP,636767861a6d9265ec01844c,10.0,0,1,0,3.0,3.0
CoderEval-Java-CodeLlama-7B-QUIP,CodeLlama-7B,QUIP,636767871a6d9265ec01846d,8.0,0,2,0,2.0,1.0
CoderEval-Java-CodeLlama-7B-QUIP,CodeLlama-7B,QUIP,636767a21a6d9265ec018517,7.0,0,1,0,1.0,0.0
CoderEval-Java-CodeLlama-7B-QUIP,CodeLlama-7B,QUIP,636767a31a6d9265ec018552,15.0,0,1,0,5.0,4.0
CoderEval-Java-CodeLlama-7B-QUIP,CodeLlama-7B,QUIP,636767a31a6d9265ec01854f,14.0,0,1,0,4.0,5.0
CoderEval-Java-CodeLlama-7B-QUIP,CodeLlama-7B,QUIP,636767a41a6d9265ec018572,16.0,0,1,0,4.0,5.0
CoderEval-Java-CodeLlama-7B-QUIP,CodeLlama-7B,QUIP,636767a41a6d9265ec018582,0.0,0,0,0,0.0,0.0
CoderEval-Java-CodeLlama-7B-QUIP,CodeLlama-7B,QUIP,636767a41a6d9265ec01856c,0.0,0,0,0,0.0,0.0
CoderEval-Java-CodeLlama-7B-QUIP,CodeLlama-7B,QUIP,636767a41a6d9265ec01857e,5.0,0,3,0,3.0,3.0
CoderEval-Java-CodeLlama-7B-QUIP,CodeLlama-7B,QUIP,636767a51a6d9265ec01859d,15.0,0,1,0,5.0,8.0
CoderEval-Java-CodeLlama-7B-QUIP,CodeLlama-7B,QUIP,636767a61a6d9265ec0185b7,5.0,0,2,0,1.0,0.0
CoderEval-Java-CodeLlama-7B-QUIP,CodeLlama-7B,QUIP,636767a81a6d9265ec0185fc,9.0,0,1,0,2.0,1.0
CoderEval-Java-CodeLlama-7B-QUIP,CodeLlama-7B,QUIP,636767aa1a6d9265ec01864a,12.0,0,1,0,2.0,1.0
CoderEval-Java-CodeLlama-7B-QUIP,CodeLlama-7B,QUIP,636767ab1a6d9265ec018676,5.0,0,2,0,6.0,5.0
CoderEval-Java-CodeLlama-7B-QUIP,CodeLlama-7B,QUIP,636767dc1a6d9265ec0186be,0.0,0,0,0,0.0,0.0
CoderEval-Java-CodeLlama-7B-QUIP,CodeLlama-7B,QUIP,636767dc1a6d9265ec0186cb,8.0,0,1,0,2.0,1.0
CoderEval-Java-CodeLlama-7B-QUIP,CodeLlama-7B,QUIP,636767dd1a6d9265ec0186de,5.0,0,1,0,1.0,0.0
CoderEval-Java-CodeLlama-7B-QUIP,CodeLlama-7B,QUIP,636767dd1a6d9265ec0186e5,19.0,0,1,0,6.0,5.0
CoderEval-Java-CodeLlama-7B-QUIP,CodeLlama-7B,QUIP,636767dd1a6d9265ec0186f3,12.0,0,1,0,4.0,4.0
CoderEval-Java-CodeLlama-7B-QUIP,CodeLlama-7B,QUIP,636767de1a6d9265ec01871c,71.0,0,3,0,24.0,23.0
CoderEval-Java-CodeLlama-7B-QUIP,CodeLlama-7B,QUIP,636767df1a6d9265ec018744,18.0,0,2,0,2.0,1.0
CoderEval-Java-CodeLlama-7B-QUIP,CodeLlama-7B,QUIP,636767df1a6d9265ec01873c,5.0,0,1,0,1.0,0.0
CoderEval-Java-CodeLlama-7B-QUIP,CodeLlama-7B,QUIP,636767e01a6d9265ec018755,9.0,0,1,0,2.0,1.0
CoderEval-Java-CodeLlama-7B-QUIP,CodeLlama-7B,QUIP,636767e01a6d9265ec018764,9.0,0,1,0,2.0,1.0
CoderEval-Java-CodeLlama-7B-QUIP,CodeLlama-7B,QUIP,636767e11a6d9265ec018781,80.0,0,3,0,27.0,26.0
CoderEval-Java-CodeLlama-7B-QUIP,CodeLlama-7B,QUIP,636767e11a6d9265ec018795,13.0,0,1,0,4.0,4.0
CoderEval-Java-Qwen2.5-Coder-7B-AQLM,Qwen2.5-Coder-7B,AQLM,6367667d1a6d9265ec017401,8.0,0,2,0,2.0,1.0
CoderEval-Java-Qwen2.5-Coder-7B-AQLM,Qwen2.5-Coder-7B,AQLM,6367667d1a6d9265ec01741d,0.0,0,0,0,0.0,0.0
CoderEval-Java-Qwen2.5-Coder-7B-AQLM,Qwen2.5-Coder-7B,AQLM,6367667e1a6d9265ec01743a,9.0,0,1,0,2.0,2.0
CoderEval-Java-Qwen2.5-Coder-7B-AQLM,Qwen2.5-Coder-7B,AQLM,6367667f1a6d9265ec017457,4.0,0,6,0,14.0,27.0
CoderEval-Java-Qwen2.5-Coder-7B-AQLM,Qwen2.5-Coder-7B,AQLM,6367667f1a6d9265ec01745d,20.0,0,3,0,5.0,6.0
CoderEval-Java-Qwen2.5-Coder-7B-AQLM,Qwen2.5-Coder-7B,AQLM,636766801a6d9265ec017487,5.0,0,2,0,1.0,0.0
CoderEval-Java-Qwen2.5-Coder-7B-AQLM,Qwen2.5-Coder-7B,AQLM,636766821a6d9265ec0174b6,34.0,0,4,0,8.0,25.0
CoderEval-Java-Qwen2.5-Coder-7B-AQLM,Qwen2.5-Coder-7B,AQLM,636766821a6d9265ec0174bf,7.0,0,2,0,1.0,0.0
CoderEval-Java-Qwen2.5-Coder-7B-AQLM,Qwen2.5-Coder-7B,AQLM,636766821a6d9265ec0174c9,10.0,0,2,0,2.0,1.0
CoderEval-Java-Qwen2.5-Coder-7B-AQLM,Qwen2.5-Coder-7B,AQLM,636766831a6d9265ec0174eb,7.0,0,1,0,2.0,1.0
CoderEval-Java-Qwen2.5-Coder-7B-AQLM,Qwen2.5-Coder-7B,AQLM,636766851a6d9265ec01751b,0.0,0,0,0,0.0,0.0
CoderEval-Java-Qwen2.5-Coder-7B-AQLM,Qwen2.5-Coder-7B,AQLM,636766861a6d9265ec017553,4.0,0,1,0,1.0,0.0
CoderEval-Java-Qwen2.5-Coder-7B-AQLM,Qwen2.5-Coder-7B,AQLM,636766861a6d9265ec01755a,15.0,0,1,0,4.0,3.0
CoderEval-Java-Qwen2.5-Coder-7B-AQLM,Qwen2.5-Coder-7B,AQLM,636766a81a6d9265ec017586,10.0,0,1,0,3.0,2.0
CoderEval-Java-Qwen2.5-Coder-7B-AQLM,Qwen2.5-Coder-7B,AQLM,636766a81a6d9265ec017595,11.0,0,1,0,5.0,2.0
CoderEval-Java-Qwen2.5-Coder-7B-AQLM,Qwen2.5-Coder-7B,AQLM,636766a81a6d9265ec01758e,0.0,0,0,0,0.0,0.0
CoderEval-Java-Qwen2.5-Coder-7B-AQLM,Qwen2.5-Coder-7B,AQLM,636766a91a6d9265ec0175ae,0.0,0,0,0,0.0,0.0
CoderEval-Java-Qwen2.5-Coder-7B-AQLM,Qwen2.5-Coder-7B,AQLM,636766a91a6d9265ec0175c1,0.0,0,0,0,0.0,0.0
CoderEval-Java-Qwen2.5-Coder-7B-AQLM,Qwen2.5-Coder-7B,AQLM,636766a91a6d9265ec0175c2,4.0,0,1,0,1.0,0.0
CoderEval-Java-Qwen2.5-Coder-7B-AQLM,Qwen2.5-Coder-7B,AQLM,636766a91a6d9265ec0175c4,0.0,0,0,0,0.0,0.0
CoderEval-Java-Qwen2.5-Coder-7B-AQLM,Qwen2.5-Coder-7B,AQLM,636766aa1a6d9265ec0175ce,0.0,0,0,0,0.0,0.0
CoderEval-Java-Qwen2.5-Coder-7B-AQLM,Qwen2.5-Coder-7B,AQLM,636766ae1a6d9265ec0175d8,0.0,0,0,0,0.0,0.0
CoderEval-Java-Qwen2.5-Coder-7B-AQLM,Qwen2.5-Coder-7B,AQLM,636766ae1a6d9265ec0175dc,5.0,0,1,0,1.0,0.0
CoderEval-Java-Qwen2.5-Coder-7B-AQLM,Qwen2.5-Coder-7B,AQLM,636766f01a6d9265ec017639,6.0,0,3,0,2.0,1.0
CoderEval-Java-Qwen2.5-Coder-7B-AQLM,Qwen2.5-Coder-7B,AQLM,636766f01a6d9265ec01762e,5.0,0,2,0,2.0,1.0
CoderEval-Java-Qwen2.5-Coder-7B-AQLM,Qwen2.5-Coder-7B,AQLM,636766f01a6d9265ec01763e,0.0,0,0,0,0.0,0.0
CoderEval-Java-Qwen2.5-Coder-7B-AQLM,Qwen2.5-Coder-7B,AQLM,636766f11a6d9265ec017641,4.0,0,1,0,1.0,0.0
CoderEval-Java-Qwen2.5-Coder-7B-AQLM,Qwen2.5-Coder-7B,AQLM,636766f11a6d9265ec017651,8.0,0,2,0,3.0,2.0
CoderEval-Java-Qwen2.5-Coder-7B-AQLM,Qwen2.5-Coder-7B,AQLM,636766f11a6d9265ec017658,10.0,0,2,0,2.0,1.0
CoderEval-Java-Qwen2.5-Coder-7B-AQLM,Qwen2.5-Coder-7B,AQLM,636766f11a6d9265ec017663,11.0,0,2,0,5.0,4.0
CoderEval-Java-Qwen2.5-Coder-7B-AQLM,Qwen2.5-Coder-7B,AQLM,636766f11a6d9265ec01764f,5.0,0,1,0,1.0,0.0
CoderEval-Java-Qwen2.5-Coder-7B-AQLM,Qwen2.5-Coder-7B,AQLM,636766f21a6d9265ec017667,0.0,0,0,0,0.0,0.0
CoderEval-Java-Qwen2.5-Coder-7B-AQLM,Qwen2.5-Coder-7B,AQLM,636766f21a6d9265ec017677,5.0,0,2,0,1.0,0.0
CoderEval-Java-Qwen2.5-Coder-7B-AQLM,Qwen2.5-Coder-7B,AQLM,636766f21a6d9265ec01767d,0.0,0,0,0,0.0,0.0
CoderEval-Java-Qwen2.5-Coder-7B-AQLM,Qwen2.5-Coder-7B,AQLM,636766f31a6d9265ec01768f,8.0,0,2,0,2.0,1.0
CoderEval-Java-Qwen2.5-Coder-7B-AQLM,Qwen2.5-Coder-7B,AQLM,636766f61a6d9265ec017701,0.0,0,0,0,0.0,0.0
CoderEval-Java-Qwen2.5-Coder-7B-AQLM,Qwen2.5-Coder-7B,AQLM,636766f71a6d9265ec017730,14.0,0,2,0,3.0,4.0
CoderEval-Java-Qwen2.5-Coder-7B-AQLM,Qwen2.5-Coder-7B,AQLM,636766f81a6d9265ec017758,4.0,0,1,0,1.0,0.0
CoderEval-Java-Qwen2.5-Coder-7B-AQLM,Qwen2.5-Coder-7B,AQLM,636766f81a6d9265ec01775b,5.0,0,1,0,1.0,0.0
CoderEval-Java-Qwen2.5-Coder-7B-AQLM,Qwen2.5-Coder-7B,AQLM,636766f81a6d9265ec01775c,8.0,0,2,0,2.0,1.0
CoderEval-Java-Qwen2.5-Coder-7B-AQLM,Qwen2.5-Coder-7B,AQLM,636766f91a6d9265ec01776e,0.0,0,0,0,0.0,0.0
CoderEval-Java-Qwen2.5-Coder-7B-AQLM,Qwen2.5-Coder-7B,AQLM,636766f91a6d9265ec01777d,12.0,0,2,0,7.0,7.0
CoderEval-Java-Qwen2.5-Coder-7B-AQLM,Qwen2.5-Coder-7B,AQLM,636766f91a6d9265ec01777f,9.0,0,2,0,2.0,2.0
CoderEval-Java-Qwen2.5-Coder-7B-AQLM,Qwen2.5-Coder-7B,AQLM,636766fa1a6d9265ec017796,12.0,0,3,0,3.0,2.0
CoderEval-Java-Qwen2.5-Coder-7B-AQLM,Qwen2.5-Coder-7B,AQLM,636766fa1a6d9265ec01779c,11.0,0,1,0,3.0,2.0
CoderEval-Java-Qwen2.5-Coder-7B-AQLM,Qwen2.5-Coder-7B,AQLM,636766fa1a6d9265ec01779d,5.0,0,2,0,2.0,1.0
CoderEval-Java-Qwen2.5-Coder-7B-AQLM,Qwen2.5-Coder-7B,AQLM,636766fa1a6d9265ec0177a4,12.0,0,3,0,3.0,2.0
CoderEval-Java-Qwen2.5-Coder-7B-AQLM,Qwen2.5-Coder-7B,AQLM,636766fa1a6d9265ec0177a9,8.0,0,1,0,2.0,1.0
CoderEval-Java-Qwen2.5-Coder-7B-AQLM,Qwen2.5-Coder-7B,AQLM,636766fb1a6d9265ec0177c1,5.0,0,2,0,2.0,1.0
CoderEval-Java-Qwen2.5-Coder-7B-AQLM,Qwen2.5-Coder-7B,AQLM,636766fb1a6d9265ec0177c3,5.0,0,2,0,1.0,0.0
CoderEval-Java-Qwen2.5-Coder-7B-AQLM,Qwen2.5-Coder-7B,AQLM,636766fc1a6d9265ec0177da,5.0,0,2,0,3.0,1.0
CoderEval-Java-Qwen2.5-Coder-7B-AQLM,Qwen2.5-Coder-7B,AQLM,636766fc1a6d9265ec0177ef,14.0,0,3,0,4.0,4.0
CoderEval-Java-Qwen2.5-Coder-7B-AQLM,Qwen2.5-Coder-7B,AQLM,636766fd1a6d9265ec017814,16.0,0,2,0,8.0,7.0
CoderEval-Java-Qwen2.5-Coder-7B-AQLM,Qwen2.5-Coder-7B,AQLM,636766fe1a6d9265ec017821,0.0,0,0,0,0.0,0.0
CoderEval-Java-Qwen2.5-Coder-7B-AQLM,Qwen2.5-Coder-7B,AQLM,636766fe1a6d9265ec017834,4.0,0,2,0,1.0,0.0
CoderEval-Java-Qwen2.5-Coder-7B-AQLM,Qwen2.5-Coder-7B,AQLM,636766fe1a6d9265ec017838,15.0,0,3,0,4.0,3.0
CoderEval-Java-Qwen2.5-Coder-7B-AQLM,Qwen2.5-Coder-7B,AQLM,636766fe1a6d9265ec01781c,4.0,0,2,0,1.0,0.0
CoderEval-Java-Qwen2.5-Coder-7B-AQLM,Qwen2.5-Coder-7B,AQLM,636766fe1a6d9265ec01782a,8.0,0,1,0,1.0,0.0
CoderEval-Java-Qwen2.5-Coder-7B-AQLM,Qwen2.5-Coder-7B,AQLM,636766ff1a6d9265ec017842,0.0,0,0,0,0.0,0.0
CoderEval-Java-Qwen2.5-Coder-7B-AQLM,Qwen2.5-Coder-7B,AQLM,636766ff1a6d9265ec017851,0.0,0,0,0,0.0,0.0
CoderEval-Java-Qwen2.5-Coder-7B-AQLM,Qwen2.5-Coder-7B,AQLM,636766ff1a6d9265ec017853,0.0,0,0,0,0.0,0.0
CoderEval-Java-Qwen2.5-Coder-7B-AQLM,Qwen2.5-Coder-7B,AQLM,636766ff1a6d9265ec01783b,0.0,0,0,0,0.0,0.0
CoderEval-Java-Qwen2.5-Coder-7B-AQLM,Qwen2.5-Coder-7B,AQLM,636766ff1a6d9265ec01784b,13.0,0,2,0,5.0,5.0
CoderEval-Java-Qwen2.5-Coder-7B-AQLM,Qwen2.5-Coder-7B,AQLM,636767001a6d9265ec017873,0.0,0,0,0,0.0,0.0
CoderEval-Java-Qwen2.5-Coder-7B-AQLM,Qwen2.5-Coder-7B,AQLM,636767021a6d9265ec0178b2,38.0,0,1,0,11.0,1.0
CoderEval-Java-Qwen2.5-Coder-7B-AQLM,Qwen2.5-Coder-7B,AQLM,636767021a6d9265ec0178bb,0.0,0,0,0,0.0,0.0
CoderEval-Java-Qwen2.5-Coder-7B-AQLM,Qwen2.5-Coder-7B,AQLM,636767021a6d9265ec0178bc,0.0,0,0,0,0.0,0.0
CoderEval-Java-Qwen2.5-Coder-7B-AQLM,Qwen2.5-Coder-7B,AQLM,636767021a6d9265ec0178bf,4.0,0,4,0,5.0,7.0
CoderEval-Java-Qwen2.5-Coder-7B-AQLM,Qwen2.5-Coder-7B,AQLM,636767031a6d9265ec0178dd,9.0,0,1,0,1.0,1.0
CoderEval-Java-Qwen2.5-Coder-7B-AQLM,Qwen2.5-Coder-7B,AQLM,636767031a6d9265ec0178e6,12.0,0,3,0,3.0,2.0
CoderEval-Java-Qwen2.5-Coder-7B-AQLM,Qwen2.5-Coder-7B,AQLM,636767031a6d9265ec0178ef,0.0,0,0,0,0.0,0.0
CoderEval-Java-Qwen2.5-Coder-7B-AQLM,Qwen2.5-Coder-7B,AQLM,636767041a6d9265ec017911,7.0,0,2,0,2.0,1.0
CoderEval-Java-Qwen2.5-Coder-7B-AQLM,Qwen2.5-Coder-7B,AQLM,636767041a6d9265ec0178f8,0.0,0,0,0,0.0,0.0
CoderEval-Java-Qwen2.5-Coder-7B-AQLM,Qwen2.5-Coder-7B,AQLM,636767041a6d9265ec01790f,12.0,0,3,0,3.0,2.0
CoderEval-Java-Qwen2.5-Coder-7B-AQLM,Qwen2.5-Coder-7B,AQLM,636767061a6d9265ec01794a,13.0,0,2,0,4.0,3.0
CoderEval-Java-Qwen2.5-Coder-7B-AQLM,Qwen2.5-Coder-7B,AQLM,636767081a6d9265ec017989,15.0,0,3,0,4.0,3.0
CoderEval-Java-Qwen2.5-Coder-7B-AQLM,Qwen2.5-Coder-7B,AQLM,636767081a6d9265ec0179a2,8.0,0,2,0,3.0,3.0
CoderEval-Java-Qwen2.5-Coder-7B-AQLM,Qwen2.5-Coder-7B,AQLM,6367670a1a6d9265ec0179cf,5.0,0,2,0,2.0,1.0
CoderEval-Java-Qwen2.5-Coder-7B-AQLM,Qwen2.5-Coder-7B,AQLM,6367670a1a6d9265ec0179d8,0.0,0,0,0,0.0,0.0
CoderEval-Java-Qwen2.5-Coder-7B-AQLM,Qwen2.5-Coder-7B,AQLM,6367670a1a6d9265ec0179d9,8.0,0,2,0,2.0,1.0
CoderEval-Java-Qwen2.5-Coder-7B-AQLM,Qwen2.5-Coder-7B,AQLM,6367670a1a6d9265ec0179dc,7.0,0,1,0,2.0,1.0
CoderEval-Java-Qwen2.5-Coder-7B-AQLM,Qwen2.5-Coder-7B,AQLM,6367670a1a6d9265ec0179e7,10.0,0,1,0,3.0,3.0
CoderEval-Java-Qwen2.5-Coder-7B-AQLM,Qwen2.5-Coder-7B,AQLM,6367670a1a6d9265ec0179e8,8.0,0,2,0,3.0,2.0
CoderEval-Java-Qwen2.5-Coder-7B-AQLM,Qwen2.5-Coder-7B,AQLM,6367670a1a6d9265ec0179f1,12.0,0,3,0,3.0,2.0
CoderEval-Java-Qwen2.5-Coder-7B-AQLM,Qwen2.5-Coder-7B,AQLM,6367670b1a6d9265ec0179f2,4.0,0,1,0,1.0,0.0
CoderEval-Java-Qwen2.5-Coder-7B-AQLM,Qwen2.5-Coder-7B,AQLM,6367670b1a6d9265ec0179fe,4.0,0,2,0,1.0,0.0
CoderEval-Java-Qwen2.5-Coder-7B-AQLM,Qwen2.5-Coder-7B,AQLM,6367670b1a6d9265ec0179ff,5.0,0,2,0,3.0,2.0
CoderEval-Java-Qwen2.5-Coder-7B-AQLM,Qwen2.5-Coder-7B,AQLM,6367670b1a6d9265ec017a00,0.0,0,0,0,0.0,0.0
CoderEval-Java-Qwen2.5-Coder-7B-AQLM,Qwen2.5-Coder-7B,AQLM,6367670b1a6d9265ec017a05,4.0,0,2,0,1.0,0.0
CoderEval-Java-Qwen2.5-Coder-7B-AQLM,Qwen2.5-Coder-7B,AQLM,6367670b1a6d9265ec017a0f,8.0,0,4,0,1.0,0.0
CoderEval-Java-Qwen2.5-Coder-7B-AQLM,Qwen2.5-Coder-7B,AQLM,6367670c1a6d9265ec017a35,12.0,0,2,0,4.0,4.0
CoderEval-Java-Qwen2.5-Coder-7B-AQLM,Qwen2.5-Coder-7B,AQLM,6367670c1a6d9265ec017a2a,15.0,0,3,0,4.0,3.0
CoderEval-Java-Qwen2.5-Coder-7B-AQLM,Qwen2.5-Coder-7B,AQLM,636767121a6d9265ec017b0a,12.0,0,1,0,3.0,3.0
CoderEval-Java-Qwen2.5-Coder-7B-AQLM,Qwen2.5-Coder-7B,AQLM,636767131a6d9265ec017b23,5.0,0,1,0,1.0,0.0
CoderEval-Java-Qwen2.5-Coder-7B-AQLM,Qwen2.5-Coder-7B,AQLM,636767151a6d9265ec017b6b,0.0,0,0,0,0.0,0.0
CoderEval-Java-Qwen2.5-Coder-7B-AQLM,Qwen2.5-Coder-7B,AQLM,636767191a6d9265ec017c0f,0.0,0,0,0,0.0,0.0
CoderEval-Java-Qwen2.5-Coder-7B-AQLM,Qwen2.5-Coder-7B,AQLM,6367671a1a6d9265ec017c15,23.0,0,1,0,8.0,8.0
CoderEval-Java-Qwen2.5-Coder-7B-AQLM,Qwen2.5-Coder-7B,AQLM,6367672d1a6d9265ec017c73,0.0,0,0,0,0.0,0.0
CoderEval-Java-Qwen2.5-Coder-7B-AQLM,Qwen2.5-Coder-7B,AQLM,6367672d1a6d9265ec017c74,9.0,0,1,0,2.0,1.0
CoderEval-Java-Qwen2.5-Coder-7B-AQLM,Qwen2.5-Coder-7B,AQLM,6367672d1a6d9265ec017c78,9.0,0,1,0,2.0,1.0
CoderEval-Java-Qwen2.5-Coder-7B-AQLM,Qwen2.5-Coder-7B,AQLM,636767431a6d9265ec017c88,0.0,0,0,0,0.0,0.0
CoderEval-Java-Qwen2.5-Coder-7B-AQLM,Qwen2.5-Coder-7B,AQLM,636767431a6d9265ec017c8d,10.0,0,1,0,2.0,1.0
CoderEval-Java-Qwen2.5-Coder-7B-AQLM,Qwen2.5-Coder-7B,AQLM,636767441a6d9265ec017cc1,8.0,0,1,0,1.0,0.0
CoderEval-Java-Qwen2.5-Coder-7B-AQLM,Qwen2.5-Coder-7B,AQLM,636767461a6d9265ec017d0e,11.0,0,1,0,2.0,1.0
CoderEval-Java-Qwen2.5-Coder-7B-AQLM,Qwen2.5-Coder-7B,AQLM,636767491a6d9265ec017d90,12.0,0,2,0,5.0,3.0
CoderEval-Java-Qwen2.5-Coder-7B-AQLM,Qwen2.5-Coder-7B,AQLM,6367674a1a6d9265ec017da9,12.0,0,2,0,2.0,1.0
CoderEval-Java-Qwen2.5-Coder-7B-AQLM,Qwen2.5-Coder-7B,AQLM,6367674a1a6d9265ec017dab,4.0,0,1,0,2.0,1.0
CoderEval-Java-Qwen2.5-Coder-7B-AQLM,Qwen2.5-Coder-7B,AQLM,6367674b1a6d9265ec017dc0,10.0,0,2,0,2.0,1.0
CoderEval-Java-Qwen2.5-Coder-7B-AQLM,Qwen2.5-Coder-7B,AQLM,6367674f1a6d9265ec017e74,4.0,0,1,0,1.0,0.0
CoderEval-Java-Qwen2.5-Coder-7B-AQLM,Qwen2.5-Coder-7B,AQLM,636767501a6d9265ec017e86,4.0,0,1,0,1.0,0.0
CoderEval-Java-Qwen2.5-Coder-7B-AQLM,Qwen2.5-Coder-7B,AQLM,636767511a6d9265ec017eb0,11.0,0,1,0,3.0,3.0
CoderEval-Java-Qwen2.5-Coder-7B-AQLM,Qwen2.5-Coder-7B,AQLM,636767511a6d9265ec017eb6,9.0,0,1,0,3.0,2.0
CoderEval-Java-Qwen2.5-Coder-7B-AQLM,Qwen2.5-Coder-7B,AQLM,636767521a6d9265ec017ecc,9.0,0,2,0,1.0,0.0
CoderEval-Java-Qwen2.5-Coder-7B-AQLM,Qwen2.5-Coder-7B,AQLM,636767531a6d9265ec017ef1,5.0,0,2,0,2.0,1.0
CoderEval-Java-Qwen2.5-Coder-7B-AQLM,Qwen2.5-Coder-7B,AQLM,636767551a6d9265ec017f3f,4.0,0,2,0,1.0,0.0
CoderEval-Java-Qwen2.5-Coder-7B-AQLM,Qwen2.5-Coder-7B,AQLM,636767561a6d9265ec017f63,4.0,0,1,0,1.0,0.0
CoderEval-Java-Qwen2.5-Coder-7B-AQLM,Qwen2.5-Coder-7B,AQLM,636767561a6d9265ec017f7c,11.0,0,4,0,2.0,1.0
CoderEval-Java-Qwen2.5-Coder-7B-AQLM,Qwen2.5-Coder-7B,AQLM,636767581a6d9265ec017fb4,0.0,0,0,0,0.0,0.0
CoderEval-Java-Qwen2.5-Coder-7B-AQLM,Qwen2.5-Coder-7B,AQLM,636767581a6d9265ec017fc4,6.0,0,2,0,2.0,2.0
CoderEval-Java-Qwen2.5-Coder-7B-AQLM,Qwen2.5-Coder-7B,AQLM,6367675c1a6d9265ec018058,4.0,0,2,0,2.0,0.0
CoderEval-Java-Qwen2.5-Coder-7B-AQLM,Qwen2.5-Coder-7B,AQLM,6367675c1a6d9265ec01805b,10.0,0,1,0,3.0,2.0
CoderEval-Java-Qwen2.5-Coder-7B-AQLM,Qwen2.5-Coder-7B,AQLM,6367675d1a6d9265ec018082,4.0,0,1,0,1.0,0.0
CoderEval-Java-Qwen2.5-Coder-7B-AQLM,Qwen2.5-Coder-7B,AQLM,6367675f1a6d9265ec0180cf,11.0,0,2,0,5.0,7.0
CoderEval-Java-Qwen2.5-Coder-7B-AQLM,Qwen2.5-Coder-7B,AQLM,6367675f1a6d9265ec0180d3,4.0,0,3,0,1.0,0.0
CoderEval-Java-Qwen2.5-Coder-7B-AQLM,Qwen2.5-Coder-7B,AQLM,636767601a6d9265ec0180e2,16.0,0,1,0,4.0,6.0
CoderEval-Java-Qwen2.5-Coder-7B-AQLM,Qwen2.5-Coder-7B,AQLM,636767611a6d9265ec018112,9.0,0,1,0,2.0,2.0
CoderEval-Java-Qwen2.5-Coder-7B-AQLM,Qwen2.5-Coder-7B,AQLM,636767611a6d9265ec018116,11.0,0,2,0,3.0,3.0
CoderEval-Java-Qwen2.5-Coder-7B-AQLM,Qwen2.5-Coder-7B,AQLM,636767631a6d9265ec018171,0.0,0,0,0,0.0,0.0
CoderEval-Java-Qwen2.5-Coder-7B-AQLM,Qwen2.5-Coder-7B,AQLM,636767691a6d9265ec0181a6,9.0,0,2,0,2.0,1.0
CoderEval-Java-Qwen2.5-Coder-7B-AQLM,Qwen2.5-Coder-7B,AQLM,636767691a6d9265ec0181a7,9.0,0,2,0,3.0,2.0
CoderEval-Java-Qwen2.5-Coder-7B-AQLM,Qwen2.5-Coder-7B,AQLM,636767691a6d9265ec0181aa,0.0,0,0,0,0.0,0.0
CoderEval-Java-Qwen2.5-Coder-7B-AQLM,Qwen2.5-Coder-7B,AQLM,636767691a6d9265ec0181ac,13.0,0,3,0,4.0,3.0
CoderEval-Java-Qwen2.5-Coder-7B-AQLM,Qwen2.5-Coder-7B,AQLM,6367676a1a6d9265ec0181bf,8.0,0,2,0,2.0,1.0
CoderEval-Java-Qwen2.5-Coder-7B-AQLM,Qwen2.5-Coder-7B,AQLM,6367676a1a6d9265ec0181cd,0.0,0,0,0,0.0,0.0
CoderEval-Java-Qwen2.5-Coder-7B-AQLM,Qwen2.5-Coder-7B,AQLM,6367676a1a6d9265ec0181d4,0.0,0,0,0,0.0,0.0
CoderEval-Java-Qwen2.5-Coder-7B-AQLM,Qwen2.5-Coder-7B,AQLM,6367676b1a6d9265ec0181dd,14.0,0,2,0,3.0,3.0
CoderEval-Java-Qwen2.5-Coder-7B-AQLM,Qwen2.5-Coder-7B,AQLM,6367676b1a6d9265ec0181df,0.0,0,0,0,0.0,0.0
CoderEval-Java-Qwen2.5-Coder-7B-AQLM,Qwen2.5-Coder-7B,AQLM,6367676b1a6d9265ec0181e2,10.0,0,2,0,3.0,3.0
CoderEval-Java-Qwen2.5-Coder-7B-AQLM,Qwen2.5-Coder-7B,AQLM,6367676b1a6d9265ec0181e9,11.0,0,2,0,5.0,5.0
CoderEval-Java-Qwen2.5-Coder-7B-AQLM,Qwen2.5-Coder-7B,AQLM,6367676b1a6d9265ec0181ee,0.0,0,0,0,0.0,0.0
CoderEval-Java-Qwen2.5-Coder-7B-AQLM,Qwen2.5-Coder-7B,AQLM,6367676c1a6d9265ec018204,8.0,0,2,0,1.0,0.0
CoderEval-Java-Qwen2.5-Coder-7B-AQLM,Qwen2.5-Coder-7B,AQLM,6367676c1a6d9265ec018220,7.0,0,4,0,1.0,0.0
CoderEval-Java-Qwen2.5-Coder-7B-AQLM,Qwen2.5-Coder-7B,AQLM,6367676c1a6d9265ec018223,8.0,0,2,0,3.0,2.0
CoderEval-Java-Qwen2.5-Coder-7B-AQLM,Qwen2.5-Coder-7B,AQLM,6367676c1a6d9265ec01820b,0.0,0,0,0,0.0,0.0
CoderEval-Java-Qwen2.5-Coder-7B-AQLM,Qwen2.5-Coder-7B,AQLM,6367676d1a6d9265ec018229,8.0,0,2,0,2.0,1.0
CoderEval-Java-Qwen2.5-Coder-7B-AQLM,Qwen2.5-Coder-7B,AQLM,636767781a6d9265ec018250,0.0,0,0,0,0.0,0.0
CoderEval-Java-Qwen2.5-Coder-7B-AQLM,Qwen2.5-Coder-7B,AQLM,636767791a6d9265ec01826d,4.0,0,6,0,5.0,7.0
CoderEval-Java-Qwen2.5-Coder-7B-AQLM,Qwen2.5-Coder-7B,AQLM,6367677b1a6d9265ec0182bd,0.0,0,0,0,0.0,0.0
CoderEval-Java-Qwen2.5-Coder-7B-AQLM,Qwen2.5-Coder-7B,AQLM,6367677d1a6d9265ec0182fd,0.0,0,0,0,0.0,0.0
CoderEval-Java-Qwen2.5-Coder-7B-AQLM,Qwen2.5-Coder-7B,AQLM,6367677e1a6d9265ec01830f,27.0,0,3,0,6.0,11.0
CoderEval-Java-Qwen2.5-Coder-7B-AQLM,Qwen2.5-Coder-7B,AQLM,6367677e1a6d9265ec01832e,5.0,0,1,0,1.0,0.0
CoderEval-Java-Qwen2.5-Coder-7B-AQLM,Qwen2.5-Coder-7B,AQLM,6367677f1a6d9265ec018347,7.0,0,1,0,2.0,1.0
CoderEval-Java-Qwen2.5-Coder-7B-AQLM,Qwen2.5-Coder-7B,AQLM,6367677f1a6d9265ec01834b,5.0,0,1,0,1.0,0.0
CoderEval-Java-Qwen2.5-Coder-7B-AQLM,Qwen2.5-Coder-7B,AQLM,636767821a6d9265ec0183a0,8.0,0,2,0,2.0,1.0
CoderEval-Java-Qwen2.5-Coder-7B-AQLM,Qwen2.5-Coder-7B,AQLM,636767821a6d9265ec0183ab,4.0,0,1,0,1.0,0.0
CoderEval-Java-Qwen2.5-Coder-7B-AQLM,Qwen2.5-Coder-7B,AQLM,636767831a6d9265ec0183c9,8.0,0,2,0,2.0,1.0
CoderEval-Java-Qwen2.5-Coder-7B-AQLM,Qwen2.5-Coder-7B,AQLM,636767841a6d9265ec0183e8,7.0,0,1,0,1.0,0.0
CoderEval-Java-Qwen2.5-Coder-7B-AQLM,Qwen2.5-Coder-7B,AQLM,636767861a6d9265ec018440,16.0,0,1,0,5.0,5.0
CoderEval-Java-Qwen2.5-Coder-7B-AQLM,Qwen2.5-Coder-7B,AQLM,636767861a6d9265ec01844c,11.0,0,1,0,3.0,2.0
CoderEval-Java-Qwen2.5-Coder-7B-AQLM,Qwen2.5-Coder-7B,AQLM,636767871a6d9265ec01846d,10.0,0,2,0,2.0,1.0
CoderEval-Java-Qwen2.5-Coder-7B-AQLM,Qwen2.5-Coder-7B,AQLM,636767a21a6d9265ec018517,4.0,0,1,0,1.0,0.0
CoderEval-Java-Qwen2.5-Coder-7B-AQLM,Qwen2.5-Coder-7B,AQLM,636767a31a6d9265ec018552,0.0,0,0,0,0.0,0.0
CoderEval-Java-Qwen2.5-Coder-7B-AQLM,Qwen2.5-Coder-7B,AQLM,636767a31a6d9265ec01854f,7.0,0,1,0,2.0,1.0
CoderEval-Java-Qwen2.5-Coder-7B-AQLM,Qwen2.5-Coder-7B,AQLM,636767a41a6d9265ec018572,0.0,0,0,0,0.0,0.0
CoderEval-Java-Qwen2.5-Coder-7B-AQLM,Qwen2.5-Coder-7B,AQLM,636767a41a6d9265ec018582,9.0,0,2,0,1.0,0.0
CoderEval-Java-Qwen2.5-Coder-7B-AQLM,Qwen2.5-Coder-7B,AQLM,636767a41a6d9265ec01856c,0.0,0,0,0,0.0,0.0
CoderEval-Java-Qwen2.5-Coder-7B-AQLM,Qwen2.5-Coder-7B,AQLM,636767a41a6d9265ec01857e,4.0,0,3,0,3.0,3.0
CoderEval-Java-Qwen2.5-Coder-7B-AQLM,Qwen2.5-Coder-7B,AQLM,636767a51a6d9265ec01859d,4.0,0,1,0,1.0,0.0
CoderEval-Java-Qwen2.5-Coder-7B-AQLM,Qwen2.5-Coder-7B,AQLM,636767a61a6d9265ec0185b7,5.0,0,2,0,1.0,0.0
CoderEval-Java-Qwen2.5-Coder-7B-AQLM,Qwen2.5-Coder-7B,AQLM,636767a81a6d9265ec0185fc,0.0,0,0,0,0.0,0.0
CoderEval-Java-Qwen2.5-Coder-7B-AQLM,Qwen2.5-Coder-7B,AQLM,636767aa1a6d9265ec01864a,4.0,0,1,0,1.0,0.0
CoderEval-Java-Qwen2.5-Coder-7B-AQLM,Qwen2.5-Coder-7B,AQLM,636767ab1a6d9265ec018676,5.0,0,2,0,6.0,5.0
CoderEval-Java-Qwen2.5-Coder-7B-AQLM,Qwen2.5-Coder-7B,AQLM,636767dc1a6d9265ec0186be,0.0,0,0,0,0.0,0.0
CoderEval-Java-Qwen2.5-Coder-7B-AQLM,Qwen2.5-Coder-7B,AQLM,636767dc1a6d9265ec0186cb,11.0,0,3,0,2.0,2.0
CoderEval-Java-Qwen2.5-Coder-7B-AQLM,Qwen2.5-Coder-7B,AQLM,636767dd1a6d9265ec0186de,5.0,0,1,0,1.0,0.0
CoderEval-Java-Qwen2.5-Coder-7B-AQLM,Qwen2.5-Coder-7B,AQLM,636767dd1a6d9265ec0186e5,0.0,0,0,0,0.0,0.0
CoderEval-Java-Qwen2.5-Coder-7B-AQLM,Qwen2.5-Coder-7B,AQLM,636767dd1a6d9265ec0186f3,0.0,0,0,0,0.0,0.0
CoderEval-Java-Qwen2.5-Coder-7B-AQLM,Qwen2.5-Coder-7B,AQLM,636767de1a6d9265ec01871c,0.0,0,0,0,0.0,0.0
CoderEval-Java-Qwen2.5-Coder-7B-AQLM,Qwen2.5-Coder-7B,AQLM,636767df1a6d9265ec018744,15.0,0,2,0,3.0,3.0
CoderEval-Java-Qwen2.5-Coder-7B-AQLM,Qwen2.5-Coder-7B,AQLM,636767df1a6d9265ec01873c,4.0,0,1,0,1.0,0.0
CoderEval-Java-Qwen2.5-Coder-7B-AQLM,Qwen2.5-Coder-7B,AQLM,636767e01a6d9265ec018755,16.0,0,2,0,4.0,5.0
CoderEval-Java-Qwen2.5-Coder-7B-AQLM,Qwen2.5-Coder-7B,AQLM,636767e01a6d9265ec018764,0.0,0,0,0,0.0,0.0
CoderEval-Java-Qwen2.5-Coder-7B-AQLM,Qwen2.5-Coder-7B,AQLM,636767e11a6d9265ec018781,16.0,0,1,0,3.0,5.0
CoderEval-Java-Qwen2.5-Coder-7B-AQLM,Qwen2.5-Coder-7B,AQLM,636767e11a6d9265ec018795,0.0,0,0,0,0.0,0.0
CoderEval-Java-Qwen2.5-Coder-7B-AWQ,Qwen2.5-Coder-7B,AWQ,6367667d1a6d9265ec017401,45.0,0,3,0,13.0,9.0
CoderEval-Java-Qwen2.5-Coder-7B-AWQ,Qwen2.5-Coder-7B,AWQ,6367667d1a6d9265ec01741d,0.0,0,0,0,0.0,0.0
CoderEval-Java-Qwen2.5-Coder-7B-AWQ,Qwen2.5-Coder-7B,AWQ,6367667e1a6d9265ec01743a,9.0,0,1,0,2.0,2.0
CoderEval-Java-Qwen2.5-Coder-7B-AWQ,Qwen2.5-Coder-7B,AWQ,6367667f1a6d9265ec017457,0.0,0,0,0,0.0,0.0
CoderEval-Java-Qwen2.5-Coder-7B-AWQ,Qwen2.5-Coder-7B,AWQ,6367667f1a6d9265ec01745d,20.0,0,4,0,7.0,9.0
CoderEval-Java-Qwen2.5-Coder-7B-AWQ,Qwen2.5-Coder-7B,AWQ,636766801a6d9265ec017487,0.0,0,0,0,0.0,0.0
CoderEval-Java-Qwen2.5-Coder-7B-AWQ,Qwen2.5-Coder-7B,AWQ,636766821a6d9265ec0174b6,26.0,0,2,0,6.0,11.0
CoderEval-Java-Qwen2.5-Coder-7B-AWQ,Qwen2.5-Coder-7B,AWQ,636766821a6d9265ec0174bf,0.0,0,0,0,0.0,0.0
CoderEval-Java-Qwen2.5-Coder-7B-AWQ,Qwen2.5-Coder-7B,AWQ,636766821a6d9265ec0174c9,22.0,0,2,0,9.0,12.0
CoderEval-Java-Qwen2.5-Coder-7B-AWQ,Qwen2.5-Coder-7B,AWQ,636766831a6d9265ec0174eb,7.0,0,1,0,2.0,1.0
CoderEval-Java-Qwen2.5-Coder-7B-AWQ,Qwen2.5-Coder-7B,AWQ,636766851a6d9265ec01751b,29.0,0,2,0,23.0,1.0
CoderEval-Java-Qwen2.5-Coder-7B-AWQ,Qwen2.5-Coder-7B,AWQ,636766861a6d9265ec017553,4.0,0,2,0,1.0,0.0
CoderEval-Java-Qwen2.5-Coder-7B-AWQ,Qwen2.5-Coder-7B,AWQ,636766861a6d9265ec01755a,13.0,0,1,0,3.0,3.0
CoderEval-Java-Qwen2.5-Coder-7B-AWQ,Qwen2.5-Coder-7B,AWQ,636766a81a6d9265ec017586,9.0,0,1,0,3.0,3.0
CoderEval-Java-Qwen2.5-Coder-7B-AWQ,Qwen2.5-Coder-7B,AWQ,636766a81a6d9265ec017595,13.0,0,1,0,2.0,1.0
CoderEval-Java-Qwen2.5-Coder-7B-AWQ,Qwen2.5-Coder-7B,AWQ,636766a81a6d9265ec01758e,11.0,0,2,0,3.0,3.0
CoderEval-Java-Qwen2.5-Coder-7B-AWQ,Qwen2.5-Coder-7B,AWQ,636766a91a6d9265ec0175ae,0.0,0,0,0,0.0,0.0
CoderEval-Java-Qwen2.5-Coder-7B-AWQ,Qwen2.5-Coder-7B,AWQ,636766a91a6d9265ec0175c1,0.0,0,0,0,0.0,0.0
CoderEval-Java-Qwen2.5-Coder-7B-AWQ,Qwen2.5-Coder-7B,AWQ,636766a91a6d9265ec0175c2,4.0,0,1,0,1.0,0.0
CoderEval-Java-Qwen2.5-Coder-7B-AWQ,Qwen2.5-Coder-7B,AWQ,636766a91a6d9265ec0175c4,0.0,0,0,0,0.0,0.0
CoderEval-Java-Qwen2.5-Coder-7B-AWQ,Qwen2.5-Coder-7B,AWQ,636766aa1a6d9265ec0175ce,0.0,0,0,0,0.0,0.0
CoderEval-Java-Qwen2.5-Coder-7B-AWQ,Qwen2.5-Coder-7B,AWQ,636766ae1a6d9265ec0175d8,0.0,0,0,0,0.0,0.0
CoderEval-Java-Qwen2.5-Coder-7B-AWQ,Qwen2.5-Coder-7B,AWQ,636766ae1a6d9265ec0175dc,0.0,0,0,0,0.0,0.0
CoderEval-Java-Qwen2.5-Coder-7B-AWQ,Qwen2.5-Coder-7B,AWQ,636766f01a6d9265ec017639,0.0,0,0,0,0.0,0.0
CoderEval-Java-Qwen2.5-Coder-7B-AWQ,Qwen2.5-Coder-7B,AWQ,636766f01a6d9265ec01762e,5.0,0,2,0,2.0,1.0
CoderEval-Java-Qwen2.5-Coder-7B-AWQ,Qwen2.5-Coder-7B,AWQ,636766f01a6d9265ec01763e,0.0,0,0,0,0.0,0.0
CoderEval-Java-Qwen2.5-Coder-7B-AWQ,Qwen2.5-Coder-7B,AWQ,636766f11a6d9265ec017641,4.0,0,1,0,1.0,0.0
CoderEval-Java-Qwen2.5-Coder-7B-AWQ,Qwen2.5-Coder-7B,AWQ,636766f11a6d9265ec017651,9.0,0,2,0,3.0,3.0
CoderEval-Java-Qwen2.5-Coder-7B-AWQ,Qwen2.5-Coder-7B,AWQ,636766f11a6d9265ec017658,14.0,0,3,0,5.0,5.0
CoderEval-Java-Qwen2.5-Coder-7B-AWQ,Qwen2.5-Coder-7B,AWQ,636766f11a6d9265ec017663,11.0,0,2,0,5.0,4.0
CoderEval-Java-Qwen2.5-Coder-7B-AWQ,Qwen2.5-Coder-7B,AWQ,636766f11a6d9265ec01764f,5.0,0,1,0,1.0,0.0
CoderEval-Java-Qwen2.5-Coder-7B-AWQ,Qwen2.5-Coder-7B,AWQ,636766f21a6d9265ec017667,0.0,0,0,0,0.0,0.0
CoderEval-Java-Qwen2.5-Coder-7B-AWQ,Qwen2.5-Coder-7B,AWQ,636766f21a6d9265ec017677,5.0,0,2,0,1.0,0.0
CoderEval-Java-Qwen2.5-Coder-7B-AWQ,Qwen2.5-Coder-7B,AWQ,636766f21a6d9265ec01767d,0.0,0,0,0,0.0,0.0
CoderEval-Java-Qwen2.5-Coder-7B-AWQ,Qwen2.5-Coder-7B,AWQ,636766f31a6d9265ec01768f,10.0,0,2,0,2.0,1.0
CoderEval-Java-Qwen2.5-Coder-7B-AWQ,Qwen2.5-Coder-7B,AWQ,636766f61a6d9265ec017701,0.0,0,0,0,0.0,0.0
CoderEval-Java-Qwen2.5-Coder-7B-AWQ,Qwen2.5-Coder-7B,AWQ,636766f71a6d9265ec017730,14.0,0,2,0,3.0,4.0
CoderEval-Java-Qwen2.5-Coder-7B-AWQ,Qwen2.5-Coder-7B,AWQ,636766f81a6d9265ec017758,0.0,0,0,0,0.0,0.0
CoderEval-Java-Qwen2.5-Coder-7B-AWQ,Qwen2.5-Coder-7B,AWQ,636766f81a6d9265ec01775b,5.0,0,1,0,1.0,0.0
CoderEval-Java-Qwen2.5-Coder-7B-AWQ,Qwen2.5-Coder-7B,AWQ,636766f81a6d9265ec01775c,9.0,0,2,0,2.0,2.0
CoderEval-Java-Qwen2.5-Coder-7B-AWQ,Qwen2.5-Coder-7B,AWQ,636766f91a6d9265ec01776e,0.0,0,0,0,0.0,0.0
CoderEval-Java-Qwen2.5-Coder-7B-AWQ,Qwen2.5-Coder-7B,AWQ,636766f91a6d9265ec01777d,8.0,0,2,0,7.0,7.0
CoderEval-Java-Qwen2.5-Coder-7B-AWQ,Qwen2.5-Coder-7B,AWQ,636766f91a6d9265ec01777f,8.0,0,2,0,2.0,1.0
CoderEval-Java-Qwen2.5-Coder-7B-AWQ,Qwen2.5-Coder-7B,AWQ,636766fa1a6d9265ec017796,0.0,0,0,0,0.0,0.0
CoderEval-Java-Qwen2.5-Coder-7B-AWQ,Qwen2.5-Coder-7B,AWQ,636766fa1a6d9265ec01779c,24.0,0,2,0,7.0,12.0
CoderEval-Java-Qwen2.5-Coder-7B-AWQ,Qwen2.5-Coder-7B,AWQ,636766fa1a6d9265ec01779d,5.0,0,2,0,3.0,2.0
CoderEval-Java-Qwen2.5-Coder-7B-AWQ,Qwen2.5-Coder-7B,AWQ,636766fa1a6d9265ec0177a4,12.0,0,3,0,3.0,2.0
CoderEval-Java-Qwen2.5-Coder-7B-AWQ,Qwen2.5-Coder-7B,AWQ,636766fa1a6d9265ec0177a9,8.0,0,1,0,2.0,1.0
CoderEval-Java-Qwen2.5-Coder-7B-AWQ,Qwen2.5-Coder-7B,AWQ,636766fb1a6d9265ec0177c1,0.0,0,0,0,0.0,0.0
CoderEval-Java-Qwen2.5-Coder-7B-AWQ,Qwen2.5-Coder-7B,AWQ,636766fb1a6d9265ec0177c3,0.0,0,0,0,0.0,0.0
CoderEval-Java-Qwen2.5-Coder-7B-AWQ,Qwen2.5-Coder-7B,AWQ,636766fc1a6d9265ec0177da,5.0,0,2,0,4.0,1.0
CoderEval-Java-Qwen2.5-Coder-7B-AWQ,Qwen2.5-Coder-7B,AWQ,636766fc1a6d9265ec0177ef,16.0,0,2,0,6.0,7.0
CoderEval-Java-Qwen2.5-Coder-7B-AWQ,Qwen2.5-Coder-7B,AWQ,636766fd1a6d9265ec017814,10.0,0,2,0,3.0,3.0
CoderEval-Java-Qwen2.5-Coder-7B-AWQ,Qwen2.5-Coder-7B,AWQ,636766fe1a6d9265ec017821,0.0,0,0,0,0.0,0.0
CoderEval-Java-Qwen2.5-Coder-7B-AWQ,Qwen2.5-Coder-7B,AWQ,636766fe1a6d9265ec017834,0.0,0,0,0,0.0,0.0
CoderEval-Java-Qwen2.5-Coder-7B-AWQ,Qwen2.5-Coder-7B,AWQ,636766fe1a6d9265ec017838,15.0,0,2,0,4.0,3.0
CoderEval-Java-Qwen2.5-Coder-7B-AWQ,Qwen2.5-Coder-7B,AWQ,636766fe1a6d9265ec01781c,5.0,0,2,0,1.0,0.0
CoderEval-Java-Qwen2.5-Coder-7B-AWQ,Qwen2.5-Coder-7B,AWQ,636766fe1a6d9265ec01782a,8.0,0,1,0,1.0,0.0
CoderEval-Java-Qwen2.5-Coder-7B-AWQ,Qwen2.5-Coder-7B,AWQ,636766ff1a6d9265ec017842,0.0,0,0,0,0.0,0.0
CoderEval-Java-Qwen2.5-Coder-7B-AWQ,Qwen2.5-Coder-7B,AWQ,636766ff1a6d9265ec017851,6.0,0,2,0,3.0,2.0
CoderEval-Java-Qwen2.5-Coder-7B-AWQ,Qwen2.5-Coder-7B,AWQ,636766ff1a6d9265ec017853,0.0,0,0,0,0.0,0.0
CoderEval-Java-Qwen2.5-Coder-7B-AWQ,Qwen2.5-Coder-7B,AWQ,636766ff1a6d9265ec01783b,0.0,0,0,0,0.0,0.0
CoderEval-Java-Qwen2.5-Coder-7B-AWQ,Qwen2.5-Coder-7B,AWQ,636766ff1a6d9265ec01784b,0.0,0,0,0,0.0,0.0
CoderEval-Java-Qwen2.5-Coder-7B-AWQ,Qwen2.5-Coder-7B,AWQ,636767001a6d9265ec017873,10.0,0,3,0,3.0,2.0
CoderEval-Java-Qwen2.5-Coder-7B-AWQ,Qwen2.5-Coder-7B,AWQ,636767021a6d9265ec0178b2,0.0,0,0,0,0.0,0.0
CoderEval-Java-Qwen2.5-Coder-7B-AWQ,Qwen2.5-Coder-7B,AWQ,636767021a6d9265ec0178bb,9.0,0,2,0,3.0,3.0
CoderEval-Java-Qwen2.5-Coder-7B-AWQ,Qwen2.5-Coder-7B,AWQ,636767021a6d9265ec0178bc,0.0,0,0,0,0.0,0.0
CoderEval-Java-Qwen2.5-Coder-7B-AWQ,Qwen2.5-Coder-7B,AWQ,636767021a6d9265ec0178bf,4.0,0,1,0,3.0,3.0
CoderEval-Java-Qwen2.5-Coder-7B-AWQ,Qwen2.5-Coder-7B,AWQ,636767031a6d9265ec0178dd,9.0,0,1,0,1.0,1.0
CoderEval-Java-Qwen2.5-Coder-7B-AWQ,Qwen2.5-Coder-7B,AWQ,636767031a6d9265ec0178e6,13.0,0,2,0,3.0,2.0
CoderEval-Java-Qwen2.5-Coder-7B-AWQ,Qwen2.5-Coder-7B,AWQ,636767031a6d9265ec0178ef,0.0,0,0,0,0.0,0.0
CoderEval-Java-Qwen2.5-Coder-7B-AWQ,Qwen2.5-Coder-7B,AWQ,636767041a6d9265ec017911,7.0,0,2,0,2.0,1.0
CoderEval-Java-Qwen2.5-Coder-7B-AWQ,Qwen2.5-Coder-7B,AWQ,636767041a6d9265ec0178f8,0.0,0,0,0,0.0,0.0
CoderEval-Java-Qwen2.5-Coder-7B-AWQ,Qwen2.5-Coder-7B,AWQ,636767041a6d9265ec01790f,12.0,0,3,0,3.0,2.0
CoderEval-Java-Qwen2.5-Coder-7B-AWQ,Qwen2.5-Coder-7B,AWQ,636767061a6d9265ec01794a,10.0,0,2,0,3.0,2.0
CoderEval-Java-Qwen2.5-Coder-7B-AWQ,Qwen2.5-Coder-7B,AWQ,636767081a6d9265ec017989,15.0,0,2,0,4.0,3.0
CoderEval-Java-Qwen2.5-Coder-7B-AWQ,Qwen2.5-Coder-7B,AWQ,636767081a6d9265ec0179a2,0.0,0,0,0,0.0,0.0
CoderEval-Java-Qwen2.5-Coder-7B-AWQ,Qwen2.5-Coder-7B,AWQ,6367670a1a6d9265ec0179cf,4.0,0,2,0,2.0,1.0
CoderEval-Java-Qwen2.5-Coder-7B-AWQ,Qwen2.5-Coder-7B,AWQ,6367670a1a6d9265ec0179d8,0.0,0,0,0,0.0,0.0
CoderEval-Java-Qwen2.5-Coder-7B-AWQ,Qwen2.5-Coder-7B,AWQ,6367670a1a6d9265ec0179d9,5.0,0,2,0,2.0,1.0
CoderEval-Java-Qwen2.5-Coder-7B-AWQ,Qwen2.5-Coder-7B,AWQ,6367670a1a6d9265ec0179dc,10.0,0,1,0,3.0,3.0
CoderEval-Java-Qwen2.5-Coder-7B-AWQ,Qwen2.5-Coder-7B,AWQ,6367670a1a6d9265ec0179e7,10.0,0,1,0,3.0,3.0
CoderEval-Java-Qwen2.5-Coder-7B-AWQ,Qwen2.5-Coder-7B,AWQ,6367670a1a6d9265ec0179e8,8.0,0,2,0,3.0,2.0
CoderEval-Java-Qwen2.5-Coder-7B-AWQ,Qwen2.5-Coder-7B,AWQ,6367670a1a6d9265ec0179f1,12.0,0,3,0,3.0,2.0
CoderEval-Java-Qwen2.5-Coder-7B-AWQ,Qwen2.5-Coder-7B,AWQ,6367670b1a6d9265ec0179f2,4.0,0,1,0,1.0,0.0
CoderEval-Java-Qwen2.5-Coder-7B-AWQ,Qwen2.5-Coder-7B,AWQ,6367670b1a6d9265ec0179fe,4.0,0,2,0,1.0,0.0
CoderEval-Java-Qwen2.5-Coder-7B-AWQ,Qwen2.5-Coder-7B,AWQ,6367670b1a6d9265ec0179ff,8.0,0,2,0,3.0,2.0
CoderEval-Java-Qwen2.5-Coder-7B-AWQ,Qwen2.5-Coder-7B,AWQ,6367670b1a6d9265ec017a00,0.0,0,0,0,0.0,0.0
CoderEval-Java-Qwen2.5-Coder-7B-AWQ,Qwen2.5-Coder-7B,AWQ,6367670b1a6d9265ec017a05,5.0,0,2,0,1.0,0.0
CoderEval-Java-Qwen2.5-Coder-7B-AWQ,Qwen2.5-Coder-7B,AWQ,6367670b1a6d9265ec017a0f,0.0,0,0,0,0.0,0.0
CoderEval-Java-Qwen2.5-Coder-7B-AWQ,Qwen2.5-Coder-7B,AWQ,6367670c1a6d9265ec017a35,0.0,0,0,0,0.0,0.0
CoderEval-Java-Qwen2.5-Coder-7B-AWQ,Qwen2.5-Coder-7B,AWQ,6367670c1a6d9265ec017a2a,15.0,0,2,0,4.0,3.0
CoderEval-Java-Qwen2.5-Coder-7B-AWQ,Qwen2.5-Coder-7B,AWQ,636767121a6d9265ec017b0a,8.0,0,1,0,3.0,2.0
CoderEval-Java-Qwen2.5-Coder-7B-AWQ,Qwen2.5-Coder-7B,AWQ,636767131a6d9265ec017b23,5.0,0,1,0,1.0,0.0
CoderEval-Java-Qwen2.5-Coder-7B-AWQ,Qwen2.5-Coder-7B,AWQ,636767151a6d9265ec017b6b,0.0,0,0,0,0.0,0.0
CoderEval-Java-Qwen2.5-Coder-7B-AWQ,Qwen2.5-Coder-7B,AWQ,636767191a6d9265ec017c0f,7.0,0,1,0,1.0,0.0
CoderEval-Java-Qwen2.5-Coder-7B-AWQ,Qwen2.5-Coder-7B,AWQ,6367671a1a6d9265ec017c15,13.0,0,1,0,2.0,1.0
CoderEval-Java-Qwen2.5-Coder-7B-AWQ,Qwen2.5-Coder-7B,AWQ,6367672d1a6d9265ec017c73,15.0,0,1,0,3.0,4.0
CoderEval-Java-Qwen2.5-Coder-7B-AWQ,Qwen2.5-Coder-7B,AWQ,6367672d1a6d9265ec017c74,11.0,0,1,0,2.0,2.0
CoderEval-Java-Qwen2.5-Coder-7B-AWQ,Qwen2.5-Coder-7B,AWQ,6367672d1a6d9265ec017c78,11.0,0,1,0,2.0,2.0
CoderEval-Java-Qwen2.5-Coder-7B-AWQ,Qwen2.5-Coder-7B,AWQ,636767431a6d9265ec017c88,19.0,0,1,0,5.0,5.0
CoderEval-Java-Qwen2.5-Coder-7B-AWQ,Qwen2.5-Coder-7B,AWQ,636767431a6d9265ec017c8d,11.0,0,2,0,3.0,2.0
CoderEval-Java-Qwen2.5-Coder-7B-AWQ,Qwen2.5-Coder-7B,AWQ,636767441a6d9265ec017cc1,8.0,0,1,0,1.0,0.0
CoderEval-Java-Qwen2.5-Coder-7B-AWQ,Qwen2.5-Coder-7B,AWQ,636767461a6d9265ec017d0e,16.0,0,1,0,3.0,4.0
CoderEval-Java-Qwen2.5-Coder-7B-AWQ,Qwen2.5-Coder-7B,AWQ,636767491a6d9265ec017d90,0.0,0,0,0,0.0,0.0
CoderEval-Java-Qwen2.5-Coder-7B-AWQ,Qwen2.5-Coder-7B,AWQ,6367674a1a6d9265ec017da9,22.0,0,1,0,5.0,8.0
CoderEval-Java-Qwen2.5-Coder-7B-AWQ,Qwen2.5-Coder-7B,AWQ,6367674a1a6d9265ec017dab,4.0,0,2,0,2.0,1.0
CoderEval-Java-Qwen2.5-Coder-7B-AWQ,Qwen2.5-Coder-7B,AWQ,6367674b1a6d9265ec017dc0,12.0,0,1,0,2.0,1.0
CoderEval-Java-Qwen2.5-Coder-7B-AWQ,Qwen2.5-Coder-7B,AWQ,6367674f1a6d9265ec017e74,4.0,0,1,0,1.0,0.0
CoderEval-Java-Qwen2.5-Coder-7B-AWQ,Qwen2.5-Coder-7B,AWQ,636767501a6d9265ec017e86,4.0,0,1,0,1.0,0.0
CoderEval-Java-Qwen2.5-Coder-7B-AWQ,Qwen2.5-Coder-7B,AWQ,636767511a6d9265ec017eb0,11.0,0,1,0,3.0,3.0
CoderEval-Java-Qwen2.5-Coder-7B-AWQ,Qwen2.5-Coder-7B,AWQ,636767511a6d9265ec017eb6,14.0,0,2,0,6.0,7.0
CoderEval-Java-Qwen2.5-Coder-7B-AWQ,Qwen2.5-Coder-7B,AWQ,636767521a6d9265ec017ecc,8.0,0,2,0,1.0,0.0
CoderEval-Java-Qwen2.5-Coder-7B-AWQ,Qwen2.5-Coder-7B,AWQ,636767531a6d9265ec017ef1,8.0,0,2,0,4.0,3.0
CoderEval-Java-Qwen2.5-Coder-7B-AWQ,Qwen2.5-Coder-7B,AWQ,636767551a6d9265ec017f3f,7.0,0,2,0,1.0,0.0
CoderEval-Java-Qwen2.5-Coder-7B-AWQ,Qwen2.5-Coder-7B,AWQ,636767561a6d9265ec017f63,4.0,0,1,0,1.0,0.0
CoderEval-Java-Qwen2.5-Coder-7B-AWQ,Qwen2.5-Coder-7B,AWQ,636767561a6d9265ec017f7c,8.0,0,1,0,1.0,0.0
CoderEval-Java-Qwen2.5-Coder-7B-AWQ,Qwen2.5-Coder-7B,AWQ,636767581a6d9265ec017fb4,19.0,0,1,0,5.0,7.0
CoderEval-Java-Qwen2.5-Coder-7B-AWQ,Qwen2.5-Coder-7B,AWQ,636767581a6d9265ec017fc4,6.0,0,2,0,2.0,2.0
CoderEval-Java-Qwen2.5-Coder-7B-AWQ,Qwen2.5-Coder-7B,AWQ,6367675c1a6d9265ec018058,4.0,0,2,0,2.0,0.0
CoderEval-Java-Qwen2.5-Coder-7B-AWQ,Qwen2.5-Coder-7B,AWQ,6367675c1a6d9265ec01805b,10.0,0,1,0,3.0,2.0
CoderEval-Java-Qwen2.5-Coder-7B-AWQ,Qwen2.5-Coder-7B,AWQ,6367675d1a6d9265ec018082,4.0,0,1,0,1.0,0.0
CoderEval-Java-Qwen2.5-Coder-7B-AWQ,Qwen2.5-Coder-7B,AWQ,6367675f1a6d9265ec0180cf,0.0,0,0,0,0.0,0.0
CoderEval-Java-Qwen2.5-Coder-7B-AWQ,Qwen2.5-Coder-7B,AWQ,6367675f1a6d9265ec0180d3,4.0,0,2,0,1.0,0.0
CoderEval-Java-Qwen2.5-Coder-7B-AWQ,Qwen2.5-Coder-7B,AWQ,636767601a6d9265ec0180e2,13.0,0,1,0,3.0,3.0
CoderEval-Java-Qwen2.5-Coder-7B-AWQ,Qwen2.5-Coder-7B,AWQ,636767611a6d9265ec018112,9.0,0,1,0,2.0,2.0
CoderEval-Java-Qwen2.5-Coder-7B-AWQ,Qwen2.5-Coder-7B,AWQ,636767611a6d9265ec018116,7.0,0,1,0,1.0,0.0
CoderEval-Java-Qwen2.5-Coder-7B-AWQ,Qwen2.5-Coder-7B,AWQ,636767631a6d9265ec018171,13.0,0,2,0,3.0,2.0
CoderEval-Java-Qwen2.5-Coder-7B-AWQ,Qwen2.5-Coder-7B,AWQ,636767691a6d9265ec0181a6,0.0,0,0,0,0.0,0.0
CoderEval-Java-Qwen2.5-Coder-7B-AWQ,Qwen2.5-Coder-7B,AWQ,636767691a6d9265ec0181a7,6.0,0,4,0,1.0,0.0
CoderEval-Java-Qwen2.5-Coder-7B-AWQ,Qwen2.5-Coder-7B,AWQ,636767691a6d9265ec0181aa,0.0,0,0,0,0.0,0.0
CoderEval-Java-Qwen2.5-Coder-7B-AWQ,Qwen2.5-Coder-7B,AWQ,636767691a6d9265ec0181ac,16.0,0,2,0,5.0,4.0
CoderEval-Java-Qwen2.5-Coder-7B-AWQ,Qwen2.5-Coder-7B,AWQ,6367676a1a6d9265ec0181bf,8.0,0,2,0,2.0,1.0
CoderEval-Java-Qwen2.5-Coder-7B-AWQ,Qwen2.5-Coder-7B,AWQ,6367676a1a6d9265ec0181cd,0.0,0,0,0,0.0,0.0
CoderEval-Java-Qwen2.5-Coder-7B-AWQ,Qwen2.5-Coder-7B,AWQ,6367676a1a6d9265ec0181d4,0.0,0,0,0,0.0,0.0
CoderEval-Java-Qwen2.5-Coder-7B-AWQ,Qwen2.5-Coder-7B,AWQ,6367676b1a6d9265ec0181dd,0.0,0,0,0,0.0,0.0
CoderEval-Java-Qwen2.5-Coder-7B-AWQ,Qwen2.5-Coder-7B,AWQ,6367676b1a6d9265ec0181df,0.0,0,0,0,0.0,0.0
CoderEval-Java-Qwen2.5-Coder-7B-AWQ,Qwen2.5-Coder-7B,AWQ,6367676b1a6d9265ec0181e2,10.0,0,2,0,3.0,3.0
CoderEval-Java-Qwen2.5-Coder-7B-AWQ,Qwen2.5-Coder-7B,AWQ,6367676b1a6d9265ec0181e9,0.0,0,0,0,0.0,0.0
CoderEval-Java-Qwen2.5-Coder-7B-AWQ,Qwen2.5-Coder-7B,AWQ,6367676b1a6d9265ec0181ee,0.0,0,0,0,0.0,0.0
CoderEval-Java-Qwen2.5-Coder-7B-AWQ,Qwen2.5-Coder-7B,AWQ,6367676c1a6d9265ec018204,8.0,0,2,0,1.0,0.0
CoderEval-Java-Qwen2.5-Coder-7B-AWQ,Qwen2.5-Coder-7B,AWQ,6367676c1a6d9265ec018220,7.0,0,5,0,1.0,0.0
CoderEval-Java-Qwen2.5-Coder-7B-AWQ,Qwen2.5-Coder-7B,AWQ,6367676c1a6d9265ec018223,0.0,0,0,0,0.0,0.0
CoderEval-Java-Qwen2.5-Coder-7B-AWQ,Qwen2.5-Coder-7B,AWQ,6367676c1a6d9265ec01820b,11.0,0,2,0,3.0,3.0
CoderEval-Java-Qwen2.5-Coder-7B-AWQ,Qwen2.5-Coder-7B,AWQ,6367676d1a6d9265ec018229,8.0,0,2,0,2.0,1.0
CoderEval-Java-Qwen2.5-Coder-7B-AWQ,Qwen2.5-Coder-7B,AWQ,636767781a6d9265ec018250,0.0,0,0,0,0.0,0.0
CoderEval-Java-Qwen2.5-Coder-7B-AWQ,Qwen2.5-Coder-7B,AWQ,636767791a6d9265ec01826d,11.0,0,2,0,2.0,2.0
CoderEval-Java-Qwen2.5-Coder-7B-AWQ,Qwen2.5-Coder-7B,AWQ,6367677b1a6d9265ec0182bd,0.0,0,0,0,0.0,0.0
CoderEval-Java-Qwen2.5-Coder-7B-AWQ,Qwen2.5-Coder-7B,AWQ,6367677d1a6d9265ec0182fd,0.0,0,0,0,0.0,0.0
CoderEval-Java-Qwen2.5-Coder-7B-AWQ,Qwen2.5-Coder-7B,AWQ,6367677e1a6d9265ec01830f,0.0,0,0,0,0.0,0.0
CoderEval-Java-Qwen2.5-Coder-7B-AWQ,Qwen2.5-Coder-7B,AWQ,6367677e1a6d9265ec01832e,9.0,0,1,0,2.0,2.0
CoderEval-Java-Qwen2.5-Coder-7B-AWQ,Qwen2.5-Coder-7B,AWQ,6367677f1a6d9265ec018347,13.0,0,2,0,2.0,3.0
CoderEval-Java-Qwen2.5-Coder-7B-AWQ,Qwen2.5-Coder-7B,AWQ,6367677f1a6d9265ec01834b,13.0,0,1,0,2.0,1.0
CoderEval-Java-Qwen2.5-Coder-7B-AWQ,Qwen2.5-Coder-7B,AWQ,636767821a6d9265ec0183a0,0.0,0,0,0,0.0,0.0
CoderEval-Java-Qwen2.5-Coder-7B-AWQ,Qwen2.5-Coder-7B,AWQ,636767821a6d9265ec0183ab,4.0,0,1,0,1.0,0.0
CoderEval-Java-Qwen2.5-Coder-7B-AWQ,Qwen2.5-Coder-7B,AWQ,636767831a6d9265ec0183c9,10.0,0,2,0,2.0,2.0
CoderEval-Java-Qwen2.5-Coder-7B-AWQ,Qwen2.5-Coder-7B,AWQ,636767841a6d9265ec0183e8,0.0,0,0,0,0.0,0.0
CoderEval-Java-Qwen2.5-Coder-7B-AWQ,Qwen2.5-Coder-7B,AWQ,636767861a6d9265ec018440,0.0,0,0,0,0.0,0.0
CoderEval-Java-Qwen2.5-Coder-7B-AWQ,Qwen2.5-Coder-7B,AWQ,636767861a6d9265ec01844c,12.0,0,1,0,3.0,3.0
CoderEval-Java-Qwen2.5-Coder-7B-AWQ,Qwen2.5-Coder-7B,AWQ,636767871a6d9265ec01846d,16.0,0,5,0,3.0,5.0
CoderEval-Java-Qwen2.5-Coder-7B-AWQ,Qwen2.5-Coder-7B,AWQ,636767a21a6d9265ec018517,0.0,0,0,0,0.0,0.0
CoderEval-Java-Qwen2.5-Coder-7B-AWQ,Qwen2.5-Coder-7B,AWQ,636767a31a6d9265ec018552,4.0,0,1,0,1.0,0.0
CoderEval-Java-Qwen2.5-Coder-7B-AWQ,Qwen2.5-Coder-7B,AWQ,636767a31a6d9265ec01854f,8.0,0,1,0,2.0,1.0
CoderEval-Java-Qwen2.5-Coder-7B-AWQ,Qwen2.5-Coder-7B,AWQ,636767a41a6d9265ec018572,0.0,0,0,0,0.0,0.0
CoderEval-Java-Qwen2.5-Coder-7B-AWQ,Qwen2.5-Coder-7B,AWQ,636767a41a6d9265ec018582,9.0,0,2,0,1.0,0.0
CoderEval-Java-Qwen2.5-Coder-7B-AWQ,Qwen2.5-Coder-7B,AWQ,636767a41a6d9265ec01856c,0.0,0,0,0,0.0,0.0
CoderEval-Java-Qwen2.5-Coder-7B-AWQ,Qwen2.5-Coder-7B,AWQ,636767a41a6d9265ec01857e,7.0,0,3,0,3.0,2.0
CoderEval-Java-Qwen2.5-Coder-7B-AWQ,Qwen2.5-Coder-7B,AWQ,636767a51a6d9265ec01859d,7.0,0,2,0,4.0,4.0
CoderEval-Java-Qwen2.5-Coder-7B-AWQ,Qwen2.5-Coder-7B,AWQ,636767a61a6d9265ec0185b7,5.0,0,2,0,1.0,0.0
CoderEval-Java-Qwen2.5-Coder-7B-AWQ,Qwen2.5-Coder-7B,AWQ,636767a81a6d9265ec0185fc,13.0,0,1,0,3.0,2.0
CoderEval-Java-Qwen2.5-Coder-7B-AWQ,Qwen2.5-Coder-7B,AWQ,636767aa1a6d9265ec01864a,5.0,0,1,0,1.0,0.0
CoderEval-Java-Qwen2.5-Coder-7B-AWQ,Qwen2.5-Coder-7B,AWQ,636767ab1a6d9265ec018676,0.0,0,0,0,0.0,0.0
CoderEval-Java-Qwen2.5-Coder-7B-AWQ,Qwen2.5-Coder-7B,AWQ,636767dc1a6d9265ec0186be,0.0,0,0,0,0.0,0.0
CoderEval-Java-Qwen2.5-Coder-7B-AWQ,Qwen2.5-Coder-7B,AWQ,636767dc1a6d9265ec0186cb,0.0,0,0,0,0.0,0.0
CoderEval-Java-Qwen2.5-Coder-7B-AWQ,Qwen2.5-Coder-7B,AWQ,636767dd1a6d9265ec0186de,0.0,0,0,0,0.0,0.0
CoderEval-Java-Qwen2.5-Coder-7B-AWQ,Qwen2.5-Coder-7B,AWQ,636767dd1a6d9265ec0186e5,0.0,0,0,0,0.0,0.0
CoderEval-Java-Qwen2.5-Coder-7B-AWQ,Qwen2.5-Coder-7B,AWQ,636767dd1a6d9265ec0186f3,0.0,0,0,0,0.0,0.0
CoderEval-Java-Qwen2.5-Coder-7B-AWQ,Qwen2.5-Coder-7B,AWQ,636767de1a6d9265ec01871c,0.0,0,0,0,0.0,0.0
CoderEval-Java-Qwen2.5-Coder-7B-AWQ,Qwen2.5-Coder-7B,AWQ,636767df1a6d9265ec018744,0.0,0,0,0,0.0,0.0
CoderEval-Java-Qwen2.5-Coder-7B-AWQ,Qwen2.5-Coder-7B,AWQ,636767df1a6d9265ec01873c,4.0,0,1,0,1.0,0.0
CoderEval-Java-Qwen2.5-Coder-7B-AWQ,Qwen2.5-Coder-7B,AWQ,636767e01a6d9265ec018755,25.0,0,1,0,6.0,13.0
CoderEval-Java-Qwen2.5-Coder-7B-AWQ,Qwen2.5-Coder-7B,AWQ,636767e01a6d9265ec018764,0.0,0,0,0,0.0,0.0
CoderEval-Java-Qwen2.5-Coder-7B-AWQ,Qwen2.5-Coder-7B,AWQ,636767e11a6d9265ec018781,18.0,0,1,0,4.0,3.0
CoderEval-Java-Qwen2.5-Coder-7B-AWQ,Qwen2.5-Coder-7B,AWQ,636767e11a6d9265ec018795,0.0,0,0,0,0.0,0.0
CoderEval-Java-Qwen2.5-Coder-7B-BitsAndBytes,Qwen2.5-Coder-7B,BitsAndBytes,6367667d1a6d9265ec017401,46.0,0,3,0,14.0,10.0
CoderEval-Java-Qwen2.5-Coder-7B-BitsAndBytes,Qwen2.5-Coder-7B,BitsAndBytes,6367667d1a6d9265ec01741d,0.0,0,0,0,0.0,0.0
CoderEval-Java-Qwen2.5-Coder-7B-BitsAndBytes,Qwen2.5-Coder-7B,BitsAndBytes,6367667e1a6d9265ec01743a,9.0,0,1,0,2.0,2.0
CoderEval-Java-Qwen2.5-Coder-7B-BitsAndBytes,Qwen2.5-Coder-7B,BitsAndBytes,6367667f1a6d9265ec017457,4.0,0,18,0,13.0,29.0
CoderEval-Java-Qwen2.5-Coder-7B-BitsAndBytes,Qwen2.5-Coder-7B,BitsAndBytes,6367667f1a6d9265ec01745d,26.0,0,2,0,9.0,12.0
CoderEval-Java-Qwen2.5-Coder-7B-BitsAndBytes,Qwen2.5-Coder-7B,BitsAndBytes,636766801a6d9265ec017487,0.0,0,0,0,0.0,0.0
CoderEval-Java-Qwen2.5-Coder-7B-BitsAndBytes,Qwen2.5-Coder-7B,BitsAndBytes,636766821a6d9265ec0174b6,29.0,0,3,0,7.0,15.0
CoderEval-Java-Qwen2.5-Coder-7B-BitsAndBytes,Qwen2.5-Coder-7B,BitsAndBytes,636766821a6d9265ec0174bf,0.0,0,0,0,0.0,0.0
CoderEval-Java-Qwen2.5-Coder-7B-BitsAndBytes,Qwen2.5-Coder-7B,BitsAndBytes,636766821a6d9265ec0174c9,14.0,0,2,0,4.0,4.0
CoderEval-Java-Qwen2.5-Coder-7B-BitsAndBytes,Qwen2.5-Coder-7B,BitsAndBytes,636766831a6d9265ec0174eb,0.0,0,0,0,0.0,0.0
CoderEval-Java-Qwen2.5-Coder-7B-BitsAndBytes,Qwen2.5-Coder-7B,BitsAndBytes,636766851a6d9265ec01751b,8.0,0,2,0,7.0,7.0
CoderEval-Java-Qwen2.5-Coder-7B-BitsAndBytes,Qwen2.5-Coder-7B,BitsAndBytes,636766861a6d9265ec017553,5.0,0,1,0,1.0,0.0
CoderEval-Java-Qwen2.5-Coder-7B-BitsAndBytes,Qwen2.5-Coder-7B,BitsAndBytes,636766861a6d9265ec01755a,13.0,0,1,0,3.0,3.0
CoderEval-Java-Qwen2.5-Coder-7B-BitsAndBytes,Qwen2.5-Coder-7B,BitsAndBytes,636766a81a6d9265ec017586,10.0,0,1,0,3.0,2.0
CoderEval-Java-Qwen2.5-Coder-7B-BitsAndBytes,Qwen2.5-Coder-7B,BitsAndBytes,636766a81a6d9265ec017595,10.0,0,1,0,2.0,1.0
CoderEval-Java-Qwen2.5-Coder-7B-BitsAndBytes,Qwen2.5-Coder-7B,BitsAndBytes,636766a81a6d9265ec01758e,11.0,0,2,0,3.0,3.0
CoderEval-Java-Qwen2.5-Coder-7B-BitsAndBytes,Qwen2.5-Coder-7B,BitsAndBytes,636766a91a6d9265ec0175ae,17.0,0,1,0,6.0,5.0
CoderEval-Java-Qwen2.5-Coder-7B-BitsAndBytes,Qwen2.5-Coder-7B,BitsAndBytes,636766a91a6d9265ec0175c1,0.0,0,0,0,0.0,0.0
CoderEval-Java-Qwen2.5-Coder-7B-BitsAndBytes,Qwen2.5-Coder-7B,BitsAndBytes,636766a91a6d9265ec0175c2,6.0,0,1,0,1.0,0.0
CoderEval-Java-Qwen2.5-Coder-7B-BitsAndBytes,Qwen2.5-Coder-7B,BitsAndBytes,636766a91a6d9265ec0175c4,0.0,0,0,0,0.0,0.0
CoderEval-Java-Qwen2.5-Coder-7B-BitsAndBytes,Qwen2.5-Coder-7B,BitsAndBytes,636766aa1a6d9265ec0175ce,0.0,0,0,0,0.0,0.0
CoderEval-Java-Qwen2.5-Coder-7B-BitsAndBytes,Qwen2.5-Coder-7B,BitsAndBytes,636766ae1a6d9265ec0175d8,0.0,0,0,0,0.0,0.0
CoderEval-Java-Qwen2.5-Coder-7B-BitsAndBytes,Qwen2.5-Coder-7B,BitsAndBytes,636766ae1a6d9265ec0175dc,0.0,0,0,0,0.0,0.0
CoderEval-Java-Qwen2.5-Coder-7B-BitsAndBytes,Qwen2.5-Coder-7B,BitsAndBytes,636766f01a6d9265ec017639,6.0,0,3,0,2.0,1.0
CoderEval-Java-Qwen2.5-Coder-7B-BitsAndBytes,Qwen2.5-Coder-7B,BitsAndBytes,636766f01a6d9265ec01762e,5.0,0,2,0,2.0,1.0
CoderEval-Java-Qwen2.5-Coder-7B-BitsAndBytes,Qwen2.5-Coder-7B,BitsAndBytes,636766f01a6d9265ec01763e,0.0,0,0,0,0.0,0.0
CoderEval-Java-Qwen2.5-Coder-7B-BitsAndBytes,Qwen2.5-Coder-7B,BitsAndBytes,636766f11a6d9265ec017641,4.0,0,1,0,2.0,1.0
CoderEval-Java-Qwen2.5-Coder-7B-BitsAndBytes,Qwen2.5-Coder-7B,BitsAndBytes,636766f11a6d9265ec017651,9.0,0,2,0,3.0,3.0
CoderEval-Java-Qwen2.5-Coder-7B-BitsAndBytes,Qwen2.5-Coder-7B,BitsAndBytes,636766f11a6d9265ec017658,14.0,0,2,0,3.0,2.0
CoderEval-Java-Qwen2.5-Coder-7B-BitsAndBytes,Qwen2.5-Coder-7B,BitsAndBytes,636766f11a6d9265ec017663,11.0,0,2,0,5.0,5.0
CoderEval-Java-Qwen2.5-Coder-7B-BitsAndBytes,Qwen2.5-Coder-7B,BitsAndBytes,636766f11a6d9265ec01764f,5.0,0,1,0,1.0,0.0
CoderEval-Java-Qwen2.5-Coder-7B-BitsAndBytes,Qwen2.5-Coder-7B,BitsAndBytes,636766f21a6d9265ec017667,5.0,0,1,0,1.0,0.0
CoderEval-Java-Qwen2.5-Coder-7B-BitsAndBytes,Qwen2.5-Coder-7B,BitsAndBytes,636766f21a6d9265ec017677,0.0,0,0,0,0.0,0.0
CoderEval-Java-Qwen2.5-Coder-7B-BitsAndBytes,Qwen2.5-Coder-7B,BitsAndBytes,636766f21a6d9265ec01767d,0.0,0,0,0,0.0,0.0
CoderEval-Java-Qwen2.5-Coder-7B-BitsAndBytes,Qwen2.5-Coder-7B,BitsAndBytes,636766f31a6d9265ec01768f,10.0,0,2,0,2.0,1.0
CoderEval-Java-Qwen2.5-Coder-7B-BitsAndBytes,Qwen2.5-Coder-7B,BitsAndBytes,636766f61a6d9265ec017701,8.0,0,2,0,2.0,1.0
CoderEval-Java-Qwen2.5-Coder-7B-BitsAndBytes,Qwen2.5-Coder-7B,BitsAndBytes,636766f71a6d9265ec017730,14.0,0,2,0,3.0,4.0
CoderEval-Java-Qwen2.5-Coder-7B-BitsAndBytes,Qwen2.5-Coder-7B,BitsAndBytes,636766f81a6d9265ec017758,4.0,0,1,0,1.0,0.0
CoderEval-Java-Qwen2.5-Coder-7B-BitsAndBytes,Qwen2.5-Coder-7B,BitsAndBytes,636766f81a6d9265ec01775b,5.0,0,1,0,1.0,0.0
CoderEval-Java-Qwen2.5-Coder-7B-BitsAndBytes,Qwen2.5-Coder-7B,BitsAndBytes,636766f81a6d9265ec01775c,8.0,0,2,0,2.0,1.0
CoderEval-Java-Qwen2.5-Coder-7B-BitsAndBytes,Qwen2.5-Coder-7B,BitsAndBytes,636766f91a6d9265ec01776e,0.0,0,0,0,0.0,0.0
CoderEval-Java-Qwen2.5-Coder-7B-BitsAndBytes,Qwen2.5-Coder-7B,BitsAndBytes,636766f91a6d9265ec01777d,8.0,0,2,0,7.0,7.0
CoderEval-Java-Qwen2.5-Coder-7B-BitsAndBytes,Qwen2.5-Coder-7B,BitsAndBytes,636766f91a6d9265ec01777f,9.0,0,2,0,2.0,2.0
CoderEval-Java-Qwen2.5-Coder-7B-BitsAndBytes,Qwen2.5-Coder-7B,BitsAndBytes,636766fa1a6d9265ec017796,14.0,0,3,0,4.0,3.0
CoderEval-Java-Qwen2.5-Coder-7B-BitsAndBytes,Qwen2.5-Coder-7B,BitsAndBytes,636766fa1a6d9265ec01779c,13.0,0,1,0,3.0,3.0
CoderEval-Java-Qwen2.5-Coder-7B-BitsAndBytes,Qwen2.5-Coder-7B,BitsAndBytes,636766fa1a6d9265ec01779d,5.0,0,2,0,3.0,2.0
CoderEval-Java-Qwen2.5-Coder-7B-BitsAndBytes,Qwen2.5-Coder-7B,BitsAndBytes,636766fa1a6d9265ec0177a4,12.0,0,3,0,3.0,2.0
CoderEval-Java-Qwen2.5-Coder-7B-BitsAndBytes,Qwen2.5-Coder-7B,BitsAndBytes,636766fa1a6d9265ec0177a9,5.0,0,1,0,1.0,0.0
CoderEval-Java-Qwen2.5-Coder-7B-BitsAndBytes,Qwen2.5-Coder-7B,BitsAndBytes,636766fb1a6d9265ec0177c1,0.0,0,0,0,0.0,0.0
CoderEval-Java-Qwen2.5-Coder-7B-BitsAndBytes,Qwen2.5-Coder-7B,BitsAndBytes,636766fb1a6d9265ec0177c3,5.0,0,2,0,1.0,0.0
CoderEval-Java-Qwen2.5-Coder-7B-BitsAndBytes,Qwen2.5-Coder-7B,BitsAndBytes,636766fc1a6d9265ec0177da,5.0,0,2,0,4.0,1.0
CoderEval-Java-Qwen2.5-Coder-7B-BitsAndBytes,Qwen2.5-Coder-7B,BitsAndBytes,636766fc1a6d9265ec0177ef,21.0,0,2,0,6.0,7.0
CoderEval-Java-Qwen2.5-Coder-7B-BitsAndBytes,Qwen2.5-Coder-7B,BitsAndBytes,636766fd1a6d9265ec017814,10.0,0,2,0,3.0,3.0
CoderEval-Java-Qwen2.5-Coder-7B-BitsAndBytes,Qwen2.5-Coder-7B,BitsAndBytes,636766fe1a6d9265ec017821,0.0,0,0,0,0.0,0.0
CoderEval-Java-Qwen2.5-Coder-7B-BitsAndBytes,Qwen2.5-Coder-7B,BitsAndBytes,636766fe1a6d9265ec017834,4.0,0,2,0,1.0,0.0
CoderEval-Java-Qwen2.5-Coder-7B-BitsAndBytes,Qwen2.5-Coder-7B,BitsAndBytes,636766fe1a6d9265ec017838,14.0,0,2,0,4.0,3.0
CoderEval-Java-Qwen2.5-Coder-7B-BitsAndBytes,Qwen2.5-Coder-7B,BitsAndBytes,636766fe1a6d9265ec01781c,4.0,0,2,0,1.0,0.0
CoderEval-Java-Qwen2.5-Coder-7B-BitsAndBytes,Qwen2.5-Coder-7B,BitsAndBytes,636766fe1a6d9265ec01782a,8.0,0,1,0,1.0,0.0
CoderEval-Java-Qwen2.5-Coder-7B-BitsAndBytes,Qwen2.5-Coder-7B,BitsAndBytes,636766ff1a6d9265ec017842,0.0,0,0,0,0.0,0.0
CoderEval-Java-Qwen2.5-Coder-7B-BitsAndBytes,Qwen2.5-Coder-7B,BitsAndBytes,636766ff1a6d9265ec017851,0.0,0,0,0,0.0,0.0
CoderEval-Java-Qwen2.5-Coder-7B-BitsAndBytes,Qwen2.5-Coder-7B,BitsAndBytes,636766ff1a6d9265ec017853,8.0,0,1,0,2.0,1.0
CoderEval-Java-Qwen2.5-Coder-7B-BitsAndBytes,Qwen2.5-Coder-7B,BitsAndBytes,636766ff1a6d9265ec01783b,0.0,0,0,0,0.0,0.0
CoderEval-Java-Qwen2.5-Coder-7B-BitsAndBytes,Qwen2.5-Coder-7B,BitsAndBytes,636766ff1a6d9265ec01784b,0.0,0,0,0,0.0,0.0
CoderEval-Java-Qwen2.5-Coder-7B-BitsAndBytes,Qwen2.5-Coder-7B,BitsAndBytes,636767001a6d9265ec017873,8.0,0,2,0,2.0,1.0
CoderEval-Java-Qwen2.5-Coder-7B-BitsAndBytes,Qwen2.5-Coder-7B,BitsAndBytes,636767021a6d9265ec0178b2,0.0,0,0,0,0.0,0.0
CoderEval-Java-Qwen2.5-Coder-7B-BitsAndBytes,Qwen2.5-Coder-7B,BitsAndBytes,636767021a6d9265ec0178bb,9.0,0,2,0,3.0,3.0
CoderEval-Java-Qwen2.5-Coder-7B-BitsAndBytes,Qwen2.5-Coder-7B,BitsAndBytes,636767021a6d9265ec0178bc,0.0,0,0,0,0.0,0.0
CoderEval-Java-Qwen2.5-Coder-7B-BitsAndBytes,Qwen2.5-Coder-7B,BitsAndBytes,636767021a6d9265ec0178bf,4.0,0,1,0,3.0,3.0
CoderEval-Java-Qwen2.5-Coder-7B-BitsAndBytes,Qwen2.5-Coder-7B,BitsAndBytes,636767031a6d9265ec0178dd,10.0,0,1,0,1.0,1.0
CoderEval-Java-Qwen2.5-Coder-7B-BitsAndBytes,Qwen2.5-Coder-7B,BitsAndBytes,636767031a6d9265ec0178e6,12.0,0,2,0,3.0,2.0
CoderEval-Java-Qwen2.5-Coder-7B-BitsAndBytes,Qwen2.5-Coder-7B,BitsAndBytes,636767031a6d9265ec0178ef,0.0,0,0,0,0.0,0.0
CoderEval-Java-Qwen2.5-Coder-7B-BitsAndBytes,Qwen2.5-Coder-7B,BitsAndBytes,636767041a6d9265ec017911,7.0,0,2,0,2.0,1.0
CoderEval-Java-Qwen2.5-Coder-7B-BitsAndBytes,Qwen2.5-Coder-7B,BitsAndBytes,636767041a6d9265ec0178f8,0.0,0,0,0,0.0,0.0
CoderEval-Java-Qwen2.5-Coder-7B-BitsAndBytes,Qwen2.5-Coder-7B,BitsAndBytes,636767041a6d9265ec01790f,12.0,0,2,0,3.0,2.0
CoderEval-Java-Qwen2.5-Coder-7B-BitsAndBytes,Qwen2.5-Coder-7B,BitsAndBytes,636767061a6d9265ec01794a,16.0,0,6,0,1.0,0.0
CoderEval-Java-Qwen2.5-Coder-7B-BitsAndBytes,Qwen2.5-Coder-7B,BitsAndBytes,636767081a6d9265ec017989,15.0,0,2,0,4.0,5.0
CoderEval-Java-Qwen2.5-Coder-7B-BitsAndBytes,Qwen2.5-Coder-7B,BitsAndBytes,636767081a6d9265ec0179a2,0.0,0,0,0,0.0,0.0
CoderEval-Java-Qwen2.5-Coder-7B-BitsAndBytes,Qwen2.5-Coder-7B,BitsAndBytes,6367670a1a6d9265ec0179cf,4.0,0,2,0,2.0,1.0
CoderEval-Java-Qwen2.5-Coder-7B-BitsAndBytes,Qwen2.5-Coder-7B,BitsAndBytes,6367670a1a6d9265ec0179d8,0.0,0,0,0,0.0,0.0
CoderEval-Java-Qwen2.5-Coder-7B-BitsAndBytes,Qwen2.5-Coder-7B,BitsAndBytes,6367670a1a6d9265ec0179d9,5.0,0,2,0,2.0,1.0
CoderEval-Java-Qwen2.5-Coder-7B-BitsAndBytes,Qwen2.5-Coder-7B,BitsAndBytes,6367670a1a6d9265ec0179dc,10.0,0,1,0,3.0,3.0
CoderEval-Java-Qwen2.5-Coder-7B-BitsAndBytes,Qwen2.5-Coder-7B,BitsAndBytes,6367670a1a6d9265ec0179e7,0.0,0,0,0,0.0,0.0
CoderEval-Java-Qwen2.5-Coder-7B-BitsAndBytes,Qwen2.5-Coder-7B,BitsAndBytes,6367670a1a6d9265ec0179e8,8.0,0,2,0,3.0,2.0
CoderEval-Java-Qwen2.5-Coder-7B-BitsAndBytes,Qwen2.5-Coder-7B,BitsAndBytes,6367670a1a6d9265ec0179f1,14.0,0,3,0,4.0,3.0
CoderEval-Java-Qwen2.5-Coder-7B-BitsAndBytes,Qwen2.5-Coder-7B,BitsAndBytes,6367670b1a6d9265ec0179f2,4.0,0,1,0,1.0,0.0
CoderEval-Java-Qwen2.5-Coder-7B-BitsAndBytes,Qwen2.5-Coder-7B,BitsAndBytes,6367670b1a6d9265ec0179fe,4.0,0,2,0,1.0,0.0
CoderEval-Java-Qwen2.5-Coder-7B-BitsAndBytes,Qwen2.5-Coder-7B,BitsAndBytes,6367670b1a6d9265ec0179ff,8.0,0,2,0,3.0,2.0
CoderEval-Java-Qwen2.5-Coder-7B-BitsAndBytes,Qwen2.5-Coder-7B,BitsAndBytes,6367670b1a6d9265ec017a00,4.0,0,2,0,1.0,0.0
CoderEval-Java-Qwen2.5-Coder-7B-BitsAndBytes,Qwen2.5-Coder-7B,BitsAndBytes,6367670b1a6d9265ec017a05,4.0,0,2,0,1.0,0.0
CoderEval-Java-Qwen2.5-Coder-7B-BitsAndBytes,Qwen2.5-Coder-7B,BitsAndBytes,6367670b1a6d9265ec017a0f,7.0,0,4,0,1.0,0.0
CoderEval-Java-Qwen2.5-Coder-7B-BitsAndBytes,Qwen2.5-Coder-7B,BitsAndBytes,6367670c1a6d9265ec017a35,0.0,0,0,0,0.0,0.0
CoderEval-Java-Qwen2.5-Coder-7B-BitsAndBytes,Qwen2.5-Coder-7B,BitsAndBytes,6367670c1a6d9265ec017a2a,15.0,0,2,0,4.0,3.0
CoderEval-Java-Qwen2.5-Coder-7B-BitsAndBytes,Qwen2.5-Coder-7B,BitsAndBytes,636767121a6d9265ec017b0a,0.0,0,0,0,0.0,0.0
CoderEval-Java-Qwen2.5-Coder-7B-BitsAndBytes,Qwen2.5-Coder-7B,BitsAndBytes,636767131a6d9265ec017b23,5.0,0,1,0,1.0,0.0
CoderEval-Java-Qwen2.5-Coder-7B-BitsAndBytes,Qwen2.5-Coder-7B,BitsAndBytes,636767151a6d9265ec017b6b,0.0,0,0,0,0.0,0.0
CoderEval-Java-Qwen2.5-Coder-7B-BitsAndBytes,Qwen2.5-Coder-7B,BitsAndBytes,636767191a6d9265ec017c0f,8.0,0,2,0,2.0,1.0
CoderEval-Java-Qwen2.5-Coder-7B-BitsAndBytes,Qwen2.5-Coder-7B,BitsAndBytes,6367671a1a6d9265ec017c15,10.0,0,1,0,2.0,1.0
CoderEval-Java-Qwen2.5-Coder-7B-BitsAndBytes,Qwen2.5-Coder-7B,BitsAndBytes,6367672d1a6d9265ec017c73,0.0,0,0,0,0.0,0.0
CoderEval-Java-Qwen2.5-Coder-7B-BitsAndBytes,Qwen2.5-Coder-7B,BitsAndBytes,6367672d1a6d9265ec017c74,11.0,0,1,0,2.0,2.0
CoderEval-Java-Qwen2.5-Coder-7B-BitsAndBytes,Qwen2.5-Coder-7B,BitsAndBytes,6367672d1a6d9265ec017c78,11.0,0,1,0,2.0,2.0
CoderEval-Java-Qwen2.5-Coder-7B-BitsAndBytes,Qwen2.5-Coder-7B,BitsAndBytes,636767431a6d9265ec017c88,17.0,0,1,0,5.0,5.0
CoderEval-Java-Qwen2.5-Coder-7B-BitsAndBytes,Qwen2.5-Coder-7B,BitsAndBytes,636767431a6d9265ec017c8d,11.0,0,2,0,3.0,2.0
CoderEval-Java-Qwen2.5-Coder-7B-BitsAndBytes,Qwen2.5-Coder-7B,BitsAndBytes,636767441a6d9265ec017cc1,8.0,0,1,0,1.0,0.0
CoderEval-Java-Qwen2.5-Coder-7B-BitsAndBytes,Qwen2.5-Coder-7B,BitsAndBytes,636767461a6d9265ec017d0e,12.0,0,1,0,2.0,1.0
CoderEval-Java-Qwen2.5-Coder-7B-BitsAndBytes,Qwen2.5-Coder-7B,BitsAndBytes,636767491a6d9265ec017d90,0.0,0,0,0,0.0,0.0
CoderEval-Java-Qwen2.5-Coder-7B-BitsAndBytes,Qwen2.5-Coder-7B,BitsAndBytes,6367674a1a6d9265ec017da9,16.0,0,1,0,3.0,4.0
CoderEval-Java-Qwen2.5-Coder-7B-BitsAndBytes,Qwen2.5-Coder-7B,BitsAndBytes,6367674a1a6d9265ec017dab,4.0,0,1,0,2.0,1.0
CoderEval-Java-Qwen2.5-Coder-7B-BitsAndBytes,Qwen2.5-Coder-7B,BitsAndBytes,6367674b1a6d9265ec017dc0,12.0,0,1,0,2.0,1.0
CoderEval-Java-Qwen2.5-Coder-7B-BitsAndBytes,Qwen2.5-Coder-7B,BitsAndBytes,6367674f1a6d9265ec017e74,4.0,0,1,0,1.0,0.0
CoderEval-Java-Qwen2.5-Coder-7B-BitsAndBytes,Qwen2.5-Coder-7B,BitsAndBytes,636767501a6d9265ec017e86,4.0,0,1,0,1.0,0.0
CoderEval-Java-Qwen2.5-Coder-7B-BitsAndBytes,Qwen2.5-Coder-7B,BitsAndBytes,636767511a6d9265ec017eb0,11.0,0,1,0,3.0,3.0
CoderEval-Java-Qwen2.5-Coder-7B-BitsAndBytes,Qwen2.5-Coder-7B,BitsAndBytes,636767511a6d9265ec017eb6,21.0,0,1,0,7.0,13.0
CoderEval-Java-Qwen2.5-Coder-7B-BitsAndBytes,Qwen2.5-Coder-7B,BitsAndBytes,636767521a6d9265ec017ecc,8.0,0,2,0,1.0,0.0
CoderEval-Java-Qwen2.5-Coder-7B-BitsAndBytes,Qwen2.5-Coder-7B,BitsAndBytes,636767531a6d9265ec017ef1,9.0,0,3,0,3.0,3.0
CoderEval-Java-Qwen2.5-Coder-7B-BitsAndBytes,Qwen2.5-Coder-7B,BitsAndBytes,636767551a6d9265ec017f3f,7.0,0,2,0,1.0,0.0
CoderEval-Java-Qwen2.5-Coder-7B-BitsAndBytes,Qwen2.5-Coder-7B,BitsAndBytes,636767561a6d9265ec017f63,4.0,0,1,0,1.0,0.0
CoderEval-Java-Qwen2.5-Coder-7B-BitsAndBytes,Qwen2.5-Coder-7B,BitsAndBytes,636767561a6d9265ec017f7c,0.0,0,0,0,0.0,0.0
CoderEval-Java-Qwen2.5-Coder-7B-BitsAndBytes,Qwen2.5-Coder-7B,BitsAndBytes,636767581a6d9265ec017fb4,17.0,0,1,0,5.0,5.0
CoderEval-Java-Qwen2.5-Coder-7B-BitsAndBytes,Qwen2.5-Coder-7B,BitsAndBytes,636767581a6d9265ec017fc4,6.0,0,2,0,2.0,2.0
CoderEval-Java-Qwen2.5-Coder-7B-BitsAndBytes,Qwen2.5-Coder-7B,BitsAndBytes,6367675c1a6d9265ec018058,4.0,0,2,0,2.0,0.0
CoderEval-Java-Qwen2.5-Coder-7B-BitsAndBytes,Qwen2.5-Coder-7B,BitsAndBytes,6367675c1a6d9265ec01805b,10.0,0,1,0,3.0,2.0
CoderEval-Java-Qwen2.5-Coder-7B-BitsAndBytes,Qwen2.5-Coder-7B,BitsAndBytes,6367675d1a6d9265ec018082,4.0,0,1,0,1.0,0.0
CoderEval-Java-Qwen2.5-Coder-7B-BitsAndBytes,Qwen2.5-Coder-7B,BitsAndBytes,6367675f1a6d9265ec0180cf,12.0,0,2,0,5.0,7.0
CoderEval-Java-Qwen2.5-Coder-7B-BitsAndBytes,Qwen2.5-Coder-7B,BitsAndBytes,6367675f1a6d9265ec0180d3,4.0,0,3,0,1.0,0.0
CoderEval-Java-Qwen2.5-Coder-7B-BitsAndBytes,Qwen2.5-Coder-7B,BitsAndBytes,636767601a6d9265ec0180e2,17.0,0,1,0,4.0,6.0
CoderEval-Java-Qwen2.5-Coder-7B-BitsAndBytes,Qwen2.5-Coder-7B,BitsAndBytes,636767611a6d9265ec018112,9.0,0,1,0,2.0,2.0
CoderEval-Java-Qwen2.5-Coder-7B-BitsAndBytes,Qwen2.5-Coder-7B,BitsAndBytes,636767611a6d9265ec018116,11.0,0,1,0,3.0,3.0
CoderEval-Java-Qwen2.5-Coder-7B-BitsAndBytes,Qwen2.5-Coder-7B,BitsAndBytes,636767631a6d9265ec018171,0.0,0,0,0,0.0,0.0
CoderEval-Java-Qwen2.5-Coder-7B-BitsAndBytes,Qwen2.5-Coder-7B,BitsAndBytes,636767691a6d9265ec0181a6,7.0,0,5,0,1.0,0.0
CoderEval-Java-Qwen2.5-Coder-7B-BitsAndBytes,Qwen2.5-Coder-7B,BitsAndBytes,636767691a6d9265ec0181a7,6.0,0,4,0,1.0,0.0
CoderEval-Java-Qwen2.5-Coder-7B-BitsAndBytes,Qwen2.5-Coder-7B,BitsAndBytes,636767691a6d9265ec0181aa,13.0,0,3,0,3.0,2.0
CoderEval-Java-Qwen2.5-Coder-7B-BitsAndBytes,Qwen2.5-Coder-7B,BitsAndBytes,636767691a6d9265ec0181ac,10.0,0,2,0,2.0,2.0
CoderEval-Java-Qwen2.5-Coder-7B-BitsAndBytes,Qwen2.5-Coder-7B,BitsAndBytes,6367676a1a6d9265ec0181bf,9.0,0,2,0,2.0,2.0
CoderEval-Java-Qwen2.5-Coder-7B-BitsAndBytes,Qwen2.5-Coder-7B,BitsAndBytes,6367676a1a6d9265ec0181cd,0.0,0,0,0,0.0,0.0
CoderEval-Java-Qwen2.5-Coder-7B-BitsAndBytes,Qwen2.5-Coder-7B,BitsAndBytes,6367676a1a6d9265ec0181d4,0.0,0,0,0,0.0,0.0
CoderEval-Java-Qwen2.5-Coder-7B-BitsAndBytes,Qwen2.5-Coder-7B,BitsAndBytes,6367676b1a6d9265ec0181dd,0.0,0,0,0,0.0,0.0
CoderEval-Java-Qwen2.5-Coder-7B-BitsAndBytes,Qwen2.5-Coder-7B,BitsAndBytes,6367676b1a6d9265ec0181df,0.0,0,0,0,0.0,0.0
CoderEval-Java-Qwen2.5-Coder-7B-BitsAndBytes,Qwen2.5-Coder-7B,BitsAndBytes,6367676b1a6d9265ec0181e2,12.0,0,2,0,3.0,3.0
CoderEval-Java-Qwen2.5-Coder-7B-BitsAndBytes,Qwen2.5-Coder-7B,BitsAndBytes,6367676b1a6d9265ec0181e9,14.0,0,2,0,5.0,5.0
CoderEval-Java-Qwen2.5-Coder-7B-BitsAndBytes,Qwen2.5-Coder-7B,BitsAndBytes,6367676b1a6d9265ec0181ee,7.0,0,4,0,1.0,0.0
CoderEval-Java-Qwen2.5-Coder-7B-BitsAndBytes,Qwen2.5-Coder-7B,BitsAndBytes,6367676c1a6d9265ec018204,8.0,0,2,0,1.0,0.0
CoderEval-Java-Qwen2.5-Coder-7B-BitsAndBytes,Qwen2.5-Coder-7B,BitsAndBytes,6367676c1a6d9265ec018220,7.0,0,5,0,1.0,0.0
CoderEval-Java-Qwen2.5-Coder-7B-BitsAndBytes,Qwen2.5-Coder-7B,BitsAndBytes,6367676c1a6d9265ec018223,0.0,0,0,0,0.0,0.0
CoderEval-Java-Qwen2.5-Coder-7B-BitsAndBytes,Qwen2.5-Coder-7B,BitsAndBytes,6367676c1a6d9265ec01820b,11.0,0,3,0,3.0,3.0
CoderEval-Java-Qwen2.5-Coder-7B-BitsAndBytes,Qwen2.5-Coder-7B,BitsAndBytes,6367676d1a6d9265ec018229,8.0,0,2,0,2.0,1.0
CoderEval-Java-Qwen2.5-Coder-7B-BitsAndBytes,Qwen2.5-Coder-7B,BitsAndBytes,636767781a6d9265ec018250,14.0,0,1,0,3.0,3.0
CoderEval-Java-Qwen2.5-Coder-7B-BitsAndBytes,Qwen2.5-Coder-7B,BitsAndBytes,636767791a6d9265ec01826d,14.0,0,2,0,2.0,3.0
CoderEval-Java-Qwen2.5-Coder-7B-BitsAndBytes,Qwen2.5-Coder-7B,BitsAndBytes,6367677b1a6d9265ec0182bd,12.0,0,1,0,1.0,0.0
CoderEval-Java-Qwen2.5-Coder-7B-BitsAndBytes,Qwen2.5-Coder-7B,BitsAndBytes,6367677d1a6d9265ec0182fd,0.0,0,0,0,0.0,0.0
CoderEval-Java-Qwen2.5-Coder-7B-BitsAndBytes,Qwen2.5-Coder-7B,BitsAndBytes,6367677e1a6d9265ec01830f,0.0,0,0,0,0.0,0.0
CoderEval-Java-Qwen2.5-Coder-7B-BitsAndBytes,Qwen2.5-Coder-7B,BitsAndBytes,6367677e1a6d9265ec01832e,9.0,0,1,0,2.0,2.0
CoderEval-Java-Qwen2.5-Coder-7B-BitsAndBytes,Qwen2.5-Coder-7B,BitsAndBytes,6367677f1a6d9265ec018347,0.0,0,0,0,0.0,0.0
CoderEval-Java-Qwen2.5-Coder-7B-BitsAndBytes,Qwen2.5-Coder-7B,BitsAndBytes,6367677f1a6d9265ec01834b,8.0,0,1,0,2.0,1.0
CoderEval-Java-Qwen2.5-Coder-7B-BitsAndBytes,Qwen2.5-Coder-7B,BitsAndBytes,636767821a6d9265ec0183a0,8.0,0,2,0,2.0,1.0
CoderEval-Java-Qwen2.5-Coder-7B-BitsAndBytes,Qwen2.5-Coder-7B,BitsAndBytes,636767821a6d9265ec0183ab,0.0,0,0,0,0.0,0.0
CoderEval-Java-Qwen2.5-Coder-7B-BitsAndBytes,Qwen2.5-Coder-7B,BitsAndBytes,636767831a6d9265ec0183c9,0.0,0,0,0,0.0,0.0
CoderEval-Java-Qwen2.5-Coder-7B-BitsAndBytes,Qwen2.5-Coder-7B,BitsAndBytes,636767841a6d9265ec0183e8,0.0,0,0,0,0.0,0.0
CoderEval-Java-Qwen2.5-Coder-7B-BitsAndBytes,Qwen2.5-Coder-7B,BitsAndBytes,636767861a6d9265ec018440,0.0,0,0,0,0.0,0.0
CoderEval-Java-Qwen2.5-Coder-7B-BitsAndBytes,Qwen2.5-Coder-7B,BitsAndBytes,636767861a6d9265ec01844c,16.0,0,1,0,4.0,4.0
CoderEval-Java-Qwen2.5-Coder-7B-BitsAndBytes,Qwen2.5-Coder-7B,BitsAndBytes,636767871a6d9265ec01846d,16.0,0,5,0,3.0,5.0
CoderEval-Java-Qwen2.5-Coder-7B-BitsAndBytes,Qwen2.5-Coder-7B,BitsAndBytes,636767a21a6d9265ec018517,13.0,0,1,0,3.0,2.0
CoderEval-Java-Qwen2.5-Coder-7B-BitsAndBytes,Qwen2.5-Coder-7B,BitsAndBytes,636767a31a6d9265ec018552,4.0,0,1,0,1.0,0.0
CoderEval-Java-Qwen2.5-Coder-7B-BitsAndBytes,Qwen2.5-Coder-7B,BitsAndBytes,636767a31a6d9265ec01854f,8.0,0,1,0,2.0,1.0
CoderEval-Java-Qwen2.5-Coder-7B-BitsAndBytes,Qwen2.5-Coder-7B,BitsAndBytes,636767a41a6d9265ec018572,24.0,0,1,0,6.0,11.0
CoderEval-Java-Qwen2.5-Coder-7B-BitsAndBytes,Qwen2.5-Coder-7B,BitsAndBytes,636767a41a6d9265ec018582,9.0,0,2,0,1.0,0.0
CoderEval-Java-Qwen2.5-Coder-7B-BitsAndBytes,Qwen2.5-Coder-7B,BitsAndBytes,636767a41a6d9265ec01856c,0.0,0,0,0,0.0,0.0
CoderEval-Java-Qwen2.5-Coder-7B-BitsAndBytes,Qwen2.5-Coder-7B,BitsAndBytes,636767a41a6d9265ec01857e,7.0,0,3,0,3.0,3.0
CoderEval-Java-Qwen2.5-Coder-7B-BitsAndBytes,Qwen2.5-Coder-7B,BitsAndBytes,636767a51a6d9265ec01859d,9.0,0,2,0,4.0,4.0
CoderEval-Java-Qwen2.5-Coder-7B-BitsAndBytes,Qwen2.5-Coder-7B,BitsAndBytes,636767a61a6d9265ec0185b7,6.0,0,2,0,3.0,3.0
CoderEval-Java-Qwen2.5-Coder-7B-BitsAndBytes,Qwen2.5-Coder-7B,BitsAndBytes,636767a81a6d9265ec0185fc,14.0,0,1,0,3.0,2.0
CoderEval-Java-Qwen2.5-Coder-7B-BitsAndBytes,Qwen2.5-Coder-7B,BitsAndBytes,636767aa1a6d9265ec01864a,5.0,0,1,0,1.0,0.0
CoderEval-Java-Qwen2.5-Coder-7B-BitsAndBytes,Qwen2.5-Coder-7B,BitsAndBytes,636767ab1a6d9265ec018676,0.0,0,0,0,0.0,0.0
CoderEval-Java-Qwen2.5-Coder-7B-BitsAndBytes,Qwen2.5-Coder-7B,BitsAndBytes,636767dc1a6d9265ec0186be,0.0,0,0,0,0.0,0.0
CoderEval-Java-Qwen2.5-Coder-7B-BitsAndBytes,Qwen2.5-Coder-7B,BitsAndBytes,636767dc1a6d9265ec0186cb,9.0,0,1,0,1.0,0.0
CoderEval-Java-Qwen2.5-Coder-7B-BitsAndBytes,Qwen2.5-Coder-7B,BitsAndBytes,636767dd1a6d9265ec0186de,6.0,0,1,0,1.0,0.0
CoderEval-Java-Qwen2.5-Coder-7B-BitsAndBytes,Qwen2.5-Coder-7B,BitsAndBytes,636767dd1a6d9265ec0186e5,0.0,0,0,0,0.0,0.0
CoderEval-Java-Qwen2.5-Coder-7B-BitsAndBytes,Qwen2.5-Coder-7B,BitsAndBytes,636767dd1a6d9265ec0186f3,0.0,0,0,0,0.0,0.0
CoderEval-Java-Qwen2.5-Coder-7B-BitsAndBytes,Qwen2.5-Coder-7B,BitsAndBytes,636767de1a6d9265ec01871c,0.0,0,0,0,0.0,0.0
CoderEval-Java-Qwen2.5-Coder-7B-BitsAndBytes,Qwen2.5-Coder-7B,BitsAndBytes,636767df1a6d9265ec018744,0.0,0,0,0,0.0,0.0
CoderEval-Java-Qwen2.5-Coder-7B-BitsAndBytes,Qwen2.5-Coder-7B,BitsAndBytes,636767df1a6d9265ec01873c,4.0,0,1,0,1.0,0.0
CoderEval-Java-Qwen2.5-Coder-7B-BitsAndBytes,Qwen2.5-Coder-7B,BitsAndBytes,636767e01a6d9265ec018755,0.0,0,0,0,0.0,0.0
CoderEval-Java-Qwen2.5-Coder-7B-BitsAndBytes,Qwen2.5-Coder-7B,BitsAndBytes,636767e01a6d9265ec018764,9.0,0,1,0,2.0,1.0
CoderEval-Java-Qwen2.5-Coder-7B-BitsAndBytes,Qwen2.5-Coder-7B,BitsAndBytes,636767e11a6d9265ec018781,16.0,0,1,0,3.0,5.0
CoderEval-Java-Qwen2.5-Coder-7B-BitsAndBytes,Qwen2.5-Coder-7B,BitsAndBytes,636767e11a6d9265ec018795,13.0,0,1,0,4.0,4.0
CoderEval-Java-Qwen2.5-Coder-7B-FP,Qwen2.5-Coder-7B,FP,6367667d1a6d9265ec017401,46.0,0,3,0,14.0,10.0
CoderEval-Java-Qwen2.5-Coder-7B-FP,Qwen2.5-Coder-7B,FP,6367667d1a6d9265ec01741d,0.0,0,0,0,0.0,0.0
CoderEval-Java-Qwen2.5-Coder-7B-FP,Qwen2.5-Coder-7B,FP,6367667e1a6d9265ec01743a,9.0,0,1,0,2.0,2.0
CoderEval-Java-Qwen2.5-Coder-7B-FP,Qwen2.5-Coder-7B,FP,6367667f1a6d9265ec017457,4.0,0,5,0,7.0,12.0
CoderEval-Java-Qwen2.5-Coder-7B-FP,Qwen2.5-Coder-7B,FP,6367667f1a6d9265ec01745d,32.0,0,6,0,7.0,12.0
CoderEval-Java-Qwen2.5-Coder-7B-FP,Qwen2.5-Coder-7B,FP,636766801a6d9265ec017487,0.0,0,0,0,0.0,0.0
CoderEval-Java-Qwen2.5-Coder-7B-FP,Qwen2.5-Coder-7B,FP,636766821a6d9265ec0174b6,23.0,0,2,0,5.0,6.0
CoderEval-Java-Qwen2.5-Coder-7B-FP,Qwen2.5-Coder-7B,FP,636766821a6d9265ec0174bf,0.0,0,0,0,0.0,0.0
CoderEval-Java-Qwen2.5-Coder-7B-FP,Qwen2.5-Coder-7B,FP,636766821a6d9265ec0174c9,21.0,0,3,0,9.0,12.0
CoderEval-Java-Qwen2.5-Coder-7B-FP,Qwen2.5-Coder-7B,FP,636766831a6d9265ec0174eb,0.0,0,0,0,0.0,0.0
CoderEval-Java-Qwen2.5-Coder-7B-FP,Qwen2.5-Coder-7B,FP,636766851a6d9265ec01751b,13.0,0,2,0,7.0,7.0
CoderEval-Java-Qwen2.5-Coder-7B-FP,Qwen2.5-Coder-7B,FP,636766861a6d9265ec017553,4.0,0,2,0,1.0,0.0
CoderEval-Java-Qwen2.5-Coder-7B-FP,Qwen2.5-Coder-7B,FP,636766861a6d9265ec01755a,13.0,0,1,0,3.0,3.0
CoderEval-Java-Qwen2.5-Coder-7B-FP,Qwen2.5-Coder-7B,FP,636766a81a6d9265ec017586,10.0,0,1,0,3.0,2.0
CoderEval-Java-Qwen2.5-Coder-7B-FP,Qwen2.5-Coder-7B,FP,636766a81a6d9265ec017595,12.0,0,1,0,2.0,1.0
CoderEval-Java-Qwen2.5-Coder-7B-FP,Qwen2.5-Coder-7B,FP,636766a81a6d9265ec01758e,5.0,0,3,0,1.0,0.0
CoderEval-Java-Qwen2.5-Coder-7B-FP,Qwen2.5-Coder-7B,FP,636766a91a6d9265ec0175ae,0.0,0,0,0,0.0,0.0
CoderEval-Java-Qwen2.5-Coder-7B-FP,Qwen2.5-Coder-7B,FP,636766a91a6d9265ec0175c1,0.0,0,0,0,0.0,0.0
CoderEval-Java-Qwen2.5-Coder-7B-FP,Qwen2.5-Coder-7B,FP,636766a91a6d9265ec0175c2,4.0,0,1,0,1.0,0.0
CoderEval-Java-Qwen2.5-Coder-7B-FP,Qwen2.5-Coder-7B,FP,636766a91a6d9265ec0175c4,0.0,0,0,0,0.0,0.0
CoderEval-Java-Qwen2.5-Coder-7B-FP,Qwen2.5-Coder-7B,FP,636766aa1a6d9265ec0175ce,0.0,0,0,0,0.0,0.0
CoderEval-Java-Qwen2.5-Coder-7B-FP,Qwen2.5-Coder-7B,FP,636766ae1a6d9265ec0175d8,0.0,0,0,0,0.0,0.0
CoderEval-Java-Qwen2.5-Coder-7B-FP,Qwen2.5-Coder-7B,FP,636766ae1a6d9265ec0175dc,0.0,0,0,0,0.0,0.0
CoderEval-Java-Qwen2.5-Coder-7B-FP,Qwen2.5-Coder-7B,FP,636766f01a6d9265ec017639,0.0,0,0,0,0.0,0.0
CoderEval-Java-Qwen2.5-Coder-7B-FP,Qwen2.5-Coder-7B,FP,636766f01a6d9265ec01762e,0.0,0,0,0,0.0,0.0
CoderEval-Java-Qwen2.5-Coder-7B-FP,Qwen2.5-Coder-7B,FP,636766f01a6d9265ec01763e,11.0,0,2,0,7.0,7.0
CoderEval-Java-Qwen2.5-Coder-7B-FP,Qwen2.5-Coder-7B,FP,636766f11a6d9265ec017641,4.0,0,1,0,2.0,1.0
CoderEval-Java-Qwen2.5-Coder-7B-FP,Qwen2.5-Coder-7B,FP,636766f11a6d9265ec017651,9.0,0,2,0,3.0,3.0
CoderEval-Java-Qwen2.5-Coder-7B-FP,Qwen2.5-Coder-7B,FP,636766f11a6d9265ec017658,0.0,0,0,0,0.0,0.0
CoderEval-Java-Qwen2.5-Coder-7B-FP,Qwen2.5-Coder-7B,FP,636766f11a6d9265ec017663,4.0,0,2,0,1.0,0.0
CoderEval-Java-Qwen2.5-Coder-7B-FP,Qwen2.5-Coder-7B,FP,636766f11a6d9265ec01764f,5.0,0,1,0,1.0,0.0
CoderEval-Java-Qwen2.5-Coder-7B-FP,Qwen2.5-Coder-7B,FP,636766f21a6d9265ec017667,0.0,0,0,0,0.0,0.0
CoderEval-Java-Qwen2.5-Coder-7B-FP,Qwen2.5-Coder-7B,FP,636766f21a6d9265ec017677,0.0,0,0,0,0.0,0.0
CoderEval-Java-Qwen2.5-Coder-7B-FP,Qwen2.5-Coder-7B,FP,636766f21a6d9265ec01767d,5.0,0,2,0,2.0,1.0
CoderEval-Java-Qwen2.5-Coder-7B-FP,Qwen2.5-Coder-7B,FP,636766f31a6d9265ec01768f,10.0,0,2,0,2.0,1.0
CoderEval-Java-Qwen2.5-Coder-7B-FP,Qwen2.5-Coder-7B,FP,636766f61a6d9265ec017701,0.0,0,0,0,0.0,0.0
CoderEval-Java-Qwen2.5-Coder-7B-FP,Qwen2.5-Coder-7B,FP,636766f71a6d9265ec017730,14.0,0,2,0,3.0,4.0
CoderEval-Java-Qwen2.5-Coder-7B-FP,Qwen2.5-Coder-7B,FP,636766f81a6d9265ec017758,4.0,0,1,0,1.0,0.0
CoderEval-Java-Qwen2.5-Coder-7B-FP,Qwen2.5-Coder-7B,FP,636766f81a6d9265ec01775b,5.0,0,1,0,1.0,0.0
CoderEval-Java-Qwen2.5-Coder-7B-FP,Qwen2.5-Coder-7B,FP,636766f81a6d9265ec01775c,10.0,0,2,0,2.0,2.0
CoderEval-Java-Qwen2.5-Coder-7B-FP,Qwen2.5-Coder-7B,FP,636766f91a6d9265ec01776e,4.0,0,12,0,7.0,6.0
CoderEval-Java-Qwen2.5-Coder-7B-FP,Qwen2.5-Coder-7B,FP,636766f91a6d9265ec01777d,8.0,0,2,0,7.0,7.0
CoderEval-Java-Qwen2.5-Coder-7B-FP,Qwen2.5-Coder-7B,FP,636766f91a6d9265ec01777f,5.0,0,3,0,2.0,1.0
CoderEval-Java-Qwen2.5-Coder-7B-FP,Qwen2.5-Coder-7B,FP,636766fa1a6d9265ec017796,14.0,0,3,0,4.0,3.0
CoderEval-Java-Qwen2.5-Coder-7B-FP,Qwen2.5-Coder-7B,FP,636766fa1a6d9265ec01779c,10.0,0,1,0,3.0,2.0
CoderEval-Java-Qwen2.5-Coder-7B-FP,Qwen2.5-Coder-7B,FP,636766fa1a6d9265ec01779d,0.0,0,0,0,0.0,0.0
CoderEval-Java-Qwen2.5-Coder-7B-FP,Qwen2.5-Coder-7B,FP,636766fa1a6d9265ec0177a4,12.0,0,3,0,3.0,2.0
CoderEval-Java-Qwen2.5-Coder-7B-FP,Qwen2.5-Coder-7B,FP,636766fa1a6d9265ec0177a9,8.0,0,1,0,2.0,1.0
CoderEval-Java-Qwen2.5-Coder-7B-FP,Qwen2.5-Coder-7B,FP,636766fb1a6d9265ec0177c1,0.0,0,0,0,0.0,0.0
CoderEval-Java-Qwen2.5-Coder-7B-FP,Qwen2.5-Coder-7B,FP,636766fb1a6d9265ec0177c3,0.0,0,0,0,0.0,0.0
CoderEval-Java-Qwen2.5-Coder-7B-FP,Qwen2.5-Coder-7B,FP,636766fc1a6d9265ec0177da,0.0,0,0,0,0.0,0.0
CoderEval-Java-Qwen2.5-Coder-7B-FP,Qwen2.5-Coder-7B,FP,636766fc1a6d9265ec0177ef,16.0,0,2,0,6.0,7.0
CoderEval-Java-Qwen2.5-Coder-7B-FP,Qwen2.5-Coder-7B,FP,636766fd1a6d9265ec017814,10.0,0,2,0,3.0,3.0
CoderEval-Java-Qwen2.5-Coder-7B-FP,Qwen2.5-Coder-7B,FP,636766fe1a6d9265ec017821,0.0,0,0,0,0.0,0.0
CoderEval-Java-Qwen2.5-Coder-7B-FP,Qwen2.5-Coder-7B,FP,636766fe1a6d9265ec017834,0.0,0,0,0,0.0,0.0
CoderEval-Java-Qwen2.5-Coder-7B-FP,Qwen2.5-Coder-7B,FP,636766fe1a6d9265ec017838,14.0,0,2,0,4.0,3.0
CoderEval-Java-Qwen2.5-Coder-7B-FP,Qwen2.5-Coder-7B,FP,636766fe1a6d9265ec01781c,4.0,0,2,0,1.0,0.0
CoderEval-Java-Qwen2.5-Coder-7B-FP,Qwen2.5-Coder-7B,FP,636766fe1a6d9265ec01782a,6.0,0,1,0,1.0,0.0
CoderEval-Java-Qwen2.5-Coder-7B-FP,Qwen2.5-Coder-7B,FP,636766ff1a6d9265ec017842,0.0,0,0,0,0.0,0.0
CoderEval-Java-Qwen2.5-Coder-7B-FP,Qwen2.5-Coder-7B,FP,636766ff1a6d9265ec017851,6.0,0,2,0,3.0,2.0
CoderEval-Java-Qwen2.5-Coder-7B-FP,Qwen2.5-Coder-7B,FP,636766ff1a6d9265ec017853,8.0,0,1,0,2.0,1.0
CoderEval-Java-Qwen2.5-Coder-7B-FP,Qwen2.5-Coder-7B,FP,636766ff1a6d9265ec01783b,0.0,0,0,0,0.0,0.0
CoderEval-Java-Qwen2.5-Coder-7B-FP,Qwen2.5-Coder-7B,FP,636766ff1a6d9265ec01784b,0.0,0,0,0,0.0,0.0
CoderEval-Java-Qwen2.5-Coder-7B-FP,Qwen2.5-Coder-7B,FP,636767001a6d9265ec017873,0.0,0,0,0,0.0,0.0
CoderEval-Java-Qwen2.5-Coder-7B-FP,Qwen2.5-Coder-7B,FP,636767021a6d9265ec0178b2,0.0,0,0,0,0.0,0.0
CoderEval-Java-Qwen2.5-Coder-7B-FP,Qwen2.5-Coder-7B,FP,636767021a6d9265ec0178bb,9.0,0,2,0,3.0,3.0
CoderEval-Java-Qwen2.5-Coder-7B-FP,Qwen2.5-Coder-7B,FP,636767021a6d9265ec0178bc,0.0,0,0,0,0.0,0.0
CoderEval-Java-Qwen2.5-Coder-7B-FP,Qwen2.5-Coder-7B,FP,636767021a6d9265ec0178bf,4.0,0,1,0,3.0,2.0
CoderEval-Java-Qwen2.5-Coder-7B-FP,Qwen2.5-Coder-7B,FP,636767031a6d9265ec0178dd,9.0,0,1,0,1.0,1.0
CoderEval-Java-Qwen2.5-Coder-7B-FP,Qwen2.5-Coder-7B,FP,636767031a6d9265ec0178e6,12.0,0,2,0,3.0,2.0
CoderEval-Java-Qwen2.5-Coder-7B-FP,Qwen2.5-Coder-7B,FP,636767031a6d9265ec0178ef,0.0,0,0,0,0.0,0.0
CoderEval-Java-Qwen2.5-Coder-7B-FP,Qwen2.5-Coder-7B,FP,636767041a6d9265ec017911,7.0,0,2,0,2.0,1.0
CoderEval-Java-Qwen2.5-Coder-7B-FP,Qwen2.5-Coder-7B,FP,636767041a6d9265ec0178f8,0.0,0,0,0,0.0,0.0
CoderEval-Java-Qwen2.5-Coder-7B-FP,Qwen2.5-Coder-7B,FP,636767041a6d9265ec01790f,14.0,0,3,0,4.0,3.0
CoderEval-Java-Qwen2.5-Coder-7B-FP,Qwen2.5-Coder-7B,FP,636767061a6d9265ec01794a,19.0,0,8,0,1.0,0.0
CoderEval-Java-Qwen2.5-Coder-7B-FP,Qwen2.5-Coder-7B,FP,636767081a6d9265ec017989,15.0,0,2,0,4.0,3.0
CoderEval-Java-Qwen2.5-Coder-7B-FP,Qwen2.5-Coder-7B,FP,636767081a6d9265ec0179a2,0.0,0,0,0,0.0,0.0
CoderEval-Java-Qwen2.5-Coder-7B-FP,Qwen2.5-Coder-7B,FP,6367670a1a6d9265ec0179cf,4.0,0,2,0,2.0,1.0
CoderEval-Java-Qwen2.5-Coder-7B-FP,Qwen2.5-Coder-7B,FP,6367670a1a6d9265ec0179d8,0.0,0,0,0,0.0,0.0
CoderEval-Java-Qwen2.5-Coder-7B-FP,Qwen2.5-Coder-7B,FP,6367670a1a6d9265ec0179d9,5.0,0,2,0,2.0,1.0
CoderEval-Java-Qwen2.5-Coder-7B-FP,Qwen2.5-Coder-7B,FP,6367670a1a6d9265ec0179dc,0.0,0,0,0,0.0,0.0
CoderEval-Java-Qwen2.5-Coder-7B-FP,Qwen2.5-Coder-7B,FP,6367670a1a6d9265ec0179e7,10.0,0,1,0,3.0,3.0
CoderEval-Java-Qwen2.5-Coder-7B-FP,Qwen2.5-Coder-7B,FP,6367670a1a6d9265ec0179e8,8.0,0,2,0,3.0,2.0
CoderEval-Java-Qwen2.5-Coder-7B-FP,Qwen2.5-Coder-7B,FP,6367670a1a6d9265ec0179f1,14.0,0,2,0,4.0,3.0
CoderEval-Java-Qwen2.5-Coder-7B-FP,Qwen2.5-Coder-7B,FP,6367670b1a6d9265ec0179f2,4.0,0,1,0,1.0,0.0
CoderEval-Java-Qwen2.5-Coder-7B-FP,Qwen2.5-Coder-7B,FP,6367670b1a6d9265ec0179fe,4.0,0,2,0,1.0,0.0
CoderEval-Java-Qwen2.5-Coder-7B-FP,Qwen2.5-Coder-7B,FP,6367670b1a6d9265ec0179ff,8.0,0,2,0,3.0,2.0
CoderEval-Java-Qwen2.5-Coder-7B-FP,Qwen2.5-Coder-7B,FP,6367670b1a6d9265ec017a00,0.0,0,0,0,0.0,0.0
CoderEval-Java-Qwen2.5-Coder-7B-FP,Qwen2.5-Coder-7B,FP,6367670b1a6d9265ec017a05,0.0,0,0,0,0.0,0.0
CoderEval-Java-Qwen2.5-Coder-7B-FP,Qwen2.5-Coder-7B,FP,6367670b1a6d9265ec017a0f,7.0,0,4,0,1.0,0.0
CoderEval-Java-Qwen2.5-Coder-7B-FP,Qwen2.5-Coder-7B,FP,6367670c1a6d9265ec017a35,0.0,0,0,0,0.0,0.0
CoderEval-Java-Qwen2.5-Coder-7B-FP,Qwen2.5-Coder-7B,FP,6367670c1a6d9265ec017a2a,15.0,0,2,0,4.0,3.0
CoderEval-Java-Qwen2.5-Coder-7B-FP,Qwen2.5-Coder-7B,FP,636767121a6d9265ec017b0a,0.0,0,0,0,0.0,0.0
CoderEval-Java-Qwen2.5-Coder-7B-FP,Qwen2.5-Coder-7B,FP,636767131a6d9265ec017b23,5.0,0,1,0,1.0,0.0
CoderEval-Java-Qwen2.5-Coder-7B-FP,Qwen2.5-Coder-7B,FP,636767151a6d9265ec017b6b,0.0,0,0,0,0.0,0.0
CoderEval-Java-Qwen2.5-Coder-7B-FP,Qwen2.5-Coder-7B,FP,636767191a6d9265ec017c0f,0.0,0,0,0,0.0,0.0
CoderEval-Java-Qwen2.5-Coder-7B-FP,Qwen2.5-Coder-7B,FP,6367671a1a6d9265ec017c15,10.0,0,1,0,2.0,1.0
CoderEval-Java-Qwen2.5-Coder-7B-FP,Qwen2.5-Coder-7B,FP,6367672d1a6d9265ec017c73,15.0,0,1,0,3.0,4.0
CoderEval-Java-Qwen2.5-Coder-7B-FP,Qwen2.5-Coder-7B,FP,6367672d1a6d9265ec017c74,11.0,0,1,0,2.0,2.0
CoderEval-Java-Qwen2.5-Coder-7B-FP,Qwen2.5-Coder-7B,FP,6367672d1a6d9265ec017c78,11.0,0,1,0,2.0,2.0
CoderEval-Java-Qwen2.5-Coder-7B-FP,Qwen2.5-Coder-7B,FP,636767431a6d9265ec017c88,17.0,0,1,0,5.0,5.0
CoderEval-Java-Qwen2.5-Coder-7B-FP,Qwen2.5-Coder-7B,FP,636767431a6d9265ec017c8d,11.0,0,2,0,3.0,2.0
CoderEval-Java-Qwen2.5-Coder-7B-FP,Qwen2.5-Coder-7B,FP,636767441a6d9265ec017cc1,8.0,0,1,0,1.0,0.0
CoderEval-Java-Qwen2.5-Coder-7B-FP,Qwen2.5-Coder-7B,FP,636767461a6d9265ec017d0e,12.0,0,1,0,2.0,1.0
CoderEval-Java-Qwen2.5-Coder-7B-FP,Qwen2.5-Coder-7B,FP,636767491a6d9265ec017d90,0.0,0,0,0,0.0,0.0
CoderEval-Java-Qwen2.5-Coder-7B-FP,Qwen2.5-Coder-7B,FP,6367674a1a6d9265ec017da9,23.0,0,1,0,4.0,7.0
CoderEval-Java-Qwen2.5-Coder-7B-FP,Qwen2.5-Coder-7B,FP,6367674a1a6d9265ec017dab,4.0,0,1,0,2.0,1.0
CoderEval-Java-Qwen2.5-Coder-7B-FP,Qwen2.5-Coder-7B,FP,6367674b1a6d9265ec017dc0,12.0,0,1,0,2.0,1.0
CoderEval-Java-Qwen2.5-Coder-7B-FP,Qwen2.5-Coder-7B,FP,6367674f1a6d9265ec017e74,4.0,0,1,0,1.0,0.0
CoderEval-Java-Qwen2.5-Coder-7B-FP,Qwen2.5-Coder-7B,FP,636767501a6d9265ec017e86,4.0,0,1,0,1.0,0.0
CoderEval-Java-Qwen2.5-Coder-7B-FP,Qwen2.5-Coder-7B,FP,636767511a6d9265ec017eb0,11.0,0,1,0,3.0,3.0
CoderEval-Java-Qwen2.5-Coder-7B-FP,Qwen2.5-Coder-7B,FP,636767511a6d9265ec017eb6,11.0,0,2,0,5.0,5.0
CoderEval-Java-Qwen2.5-Coder-7B-FP,Qwen2.5-Coder-7B,FP,636767521a6d9265ec017ecc,7.0,0,2,0,1.0,0.0
CoderEval-Java-Qwen2.5-Coder-7B-FP,Qwen2.5-Coder-7B,FP,636767531a6d9265ec017ef1,9.0,0,3,0,3.0,3.0
CoderEval-Java-Qwen2.5-Coder-7B-FP,Qwen2.5-Coder-7B,FP,636767551a6d9265ec017f3f,7.0,0,2,0,1.0,0.0
CoderEval-Java-Qwen2.5-Coder-7B-FP,Qwen2.5-Coder-7B,FP,636767561a6d9265ec017f63,4.0,0,1,0,1.0,0.0
CoderEval-Java-Qwen2.5-Coder-7B-FP,Qwen2.5-Coder-7B,FP,636767561a6d9265ec017f7c,23.0,0,2,0,5.0,5.0
CoderEval-Java-Qwen2.5-Coder-7B-FP,Qwen2.5-Coder-7B,FP,636767581a6d9265ec017fb4,17.0,0,1,0,5.0,5.0
CoderEval-Java-Qwen2.5-Coder-7B-FP,Qwen2.5-Coder-7B,FP,636767581a6d9265ec017fc4,6.0,0,2,0,2.0,2.0
CoderEval-Java-Qwen2.5-Coder-7B-FP,Qwen2.5-Coder-7B,FP,6367675c1a6d9265ec018058,4.0,0,2,0,2.0,0.0
CoderEval-Java-Qwen2.5-Coder-7B-FP,Qwen2.5-Coder-7B,FP,6367675c1a6d9265ec01805b,10.0,0,1,0,3.0,2.0
CoderEval-Java-Qwen2.5-Coder-7B-FP,Qwen2.5-Coder-7B,FP,6367675d1a6d9265ec018082,4.0,0,1,0,1.0,0.0
CoderEval-Java-Qwen2.5-Coder-7B-FP,Qwen2.5-Coder-7B,FP,6367675f1a6d9265ec0180cf,0.0,0,0,0,0.0,0.0
CoderEval-Java-Qwen2.5-Coder-7B-FP,Qwen2.5-Coder-7B,FP,6367675f1a6d9265ec0180d3,4.0,0,3,0,1.0,0.0
CoderEval-Java-Qwen2.5-Coder-7B-FP,Qwen2.5-Coder-7B,FP,636767601a6d9265ec0180e2,13.0,0,1,0,3.0,3.0
CoderEval-Java-Qwen2.5-Coder-7B-FP,Qwen2.5-Coder-7B,FP,636767611a6d9265ec018112,9.0,0,1,0,2.0,2.0
CoderEval-Java-Qwen2.5-Coder-7B-FP,Qwen2.5-Coder-7B,FP,636767611a6d9265ec018116,11.0,0,1,0,3.0,3.0
CoderEval-Java-Qwen2.5-Coder-7B-FP,Qwen2.5-Coder-7B,FP,636767631a6d9265ec018171,0.0,0,0,0,0.0,0.0
CoderEval-Java-Qwen2.5-Coder-7B-FP,Qwen2.5-Coder-7B,FP,636767691a6d9265ec0181a6,7.0,0,5,0,1.0,0.0
CoderEval-Java-Qwen2.5-Coder-7B-FP,Qwen2.5-Coder-7B,FP,636767691a6d9265ec0181a7,6.0,0,4,0,1.0,0.0
CoderEval-Java-Qwen2.5-Coder-7B-FP,Qwen2.5-Coder-7B,FP,636767691a6d9265ec0181aa,0.0,0,0,0,0.0,0.0
CoderEval-Java-Qwen2.5-Coder-7B-FP,Qwen2.5-Coder-7B,FP,636767691a6d9265ec0181ac,9.0,0,2,0,2.0,1.0
CoderEval-Java-Qwen2.5-Coder-7B-FP,Qwen2.5-Coder-7B,FP,6367676a1a6d9265ec0181bf,9.0,0,2,0,2.0,2.0
CoderEval-Java-Qwen2.5-Coder-7B-FP,Qwen2.5-Coder-7B,FP,6367676a1a6d9265ec0181cd,0.0,0,0,0,0.0,0.0
CoderEval-Java-Qwen2.5-Coder-7B-FP,Qwen2.5-Coder-7B,FP,6367676a1a6d9265ec0181d4,0.0,0,0,0,0.0,0.0
CoderEval-Java-Qwen2.5-Coder-7B-FP,Qwen2.5-Coder-7B,FP,6367676b1a6d9265ec0181dd,0.0,0,0,0,0.0,0.0
CoderEval-Java-Qwen2.5-Coder-7B-FP,Qwen2.5-Coder-7B,FP,6367676b1a6d9265ec0181df,0.0,0,0,0,0.0,0.0
CoderEval-Java-Qwen2.5-Coder-7B-FP,Qwen2.5-Coder-7B,FP,6367676b1a6d9265ec0181e2,10.0,0,2,0,3.0,3.0
CoderEval-Java-Qwen2.5-Coder-7B-FP,Qwen2.5-Coder-7B,FP,6367676b1a6d9265ec0181e9,0.0,0,0,0,0.0,0.0
CoderEval-Java-Qwen2.5-Coder-7B-FP,Qwen2.5-Coder-7B,FP,6367676b1a6d9265ec0181ee,7.0,0,4,0,1.0,0.0
CoderEval-Java-Qwen2.5-Coder-7B-FP,Qwen2.5-Coder-7B,FP,6367676c1a6d9265ec018204,8.0,0,2,0,1.0,0.0
CoderEval-Java-Qwen2.5-Coder-7B-FP,Qwen2.5-Coder-7B,FP,6367676c1a6d9265ec018220,0.0,0,0,0,0.0,0.0
CoderEval-Java-Qwen2.5-Coder-7B-FP,Qwen2.5-Coder-7B,FP,6367676c1a6d9265ec018223,0.0,0,0,0,0.0,0.0
CoderEval-Java-Qwen2.5-Coder-7B-FP,Qwen2.5-Coder-7B,FP,6367676c1a6d9265ec01820b,11.0,0,3,0,3.0,3.0
CoderEval-Java-Qwen2.5-Coder-7B-FP,Qwen2.5-Coder-7B,FP,6367676d1a6d9265ec018229,8.0,0,2,0,2.0,1.0
CoderEval-Java-Qwen2.5-Coder-7B-FP,Qwen2.5-Coder-7B,FP,636767781a6d9265ec018250,0.0,0,0,0,0.0,0.0
CoderEval-Java-Qwen2.5-Coder-7B-FP,Qwen2.5-Coder-7B,FP,636767791a6d9265ec01826d,0.0,0,0,0,0.0,0.0
CoderEval-Java-Qwen2.5-Coder-7B-FP,Qwen2.5-Coder-7B,FP,6367677b1a6d9265ec0182bd,0.0,0,0,0,0.0,0.0
CoderEval-Java-Qwen2.5-Coder-7B-FP,Qwen2.5-Coder-7B,FP,6367677d1a6d9265ec0182fd,0.0,0,0,0,0.0,0.0
CoderEval-Java-Qwen2.5-Coder-7B-FP,Qwen2.5-Coder-7B,FP,6367677e1a6d9265ec01830f,34.0,0,1,0,7.0,10.0
CoderEval-Java-Qwen2.5-Coder-7B-FP,Qwen2.5-Coder-7B,FP,6367677e1a6d9265ec01832e,9.0,0,1,0,2.0,2.0
CoderEval-Java-Qwen2.5-Coder-7B-FP,Qwen2.5-Coder-7B,FP,6367677f1a6d9265ec018347,12.0,0,2,0,2.0,3.0
CoderEval-Java-Qwen2.5-Coder-7B-FP,Qwen2.5-Coder-7B,FP,6367677f1a6d9265ec01834b,14.0,0,1,0,3.0,2.0
CoderEval-Java-Qwen2.5-Coder-7B-FP,Qwen2.5-Coder-7B,FP,636767821a6d9265ec0183a0,8.0,0,2,0,2.0,1.0
CoderEval-Java-Qwen2.5-Coder-7B-FP,Qwen2.5-Coder-7B,FP,636767821a6d9265ec0183ab,4.0,0,1,0,1.0,0.0
CoderEval-Java-Qwen2.5-Coder-7B-FP,Qwen2.5-Coder-7B,FP,636767831a6d9265ec0183c9,5.0,0,2,0,1.0,0.0
CoderEval-Java-Qwen2.5-Coder-7B-FP,Qwen2.5-Coder-7B,FP,636767841a6d9265ec0183e8,0.0,0,0,0,0.0,0.0
CoderEval-Java-Qwen2.5-Coder-7B-FP,Qwen2.5-Coder-7B,FP,636767861a6d9265ec018440,0.0,0,0,0,0.0,0.0
CoderEval-Java-Qwen2.5-Coder-7B-FP,Qwen2.5-Coder-7B,FP,636767861a6d9265ec01844c,16.0,0,1,0,4.0,4.0
CoderEval-Java-Qwen2.5-Coder-7B-FP,Qwen2.5-Coder-7B,FP,636767871a6d9265ec01846d,16.0,0,5,0,3.0,5.0
CoderEval-Java-Qwen2.5-Coder-7B-FP,Qwen2.5-Coder-7B,FP,636767a21a6d9265ec018517,13.0,0,1,0,3.0,2.0
CoderEval-Java-Qwen2.5-Coder-7B-FP,Qwen2.5-Coder-7B,FP,636767a31a6d9265ec018552,4.0,0,1,0,1.0,0.0
CoderEval-Java-Qwen2.5-Coder-7B-FP,Qwen2.5-Coder-7B,FP,636767a31a6d9265ec01854f,8.0,0,1,0,2.0,1.0
CoderEval-Java-Qwen2.5-Coder-7B-FP,Qwen2.5-Coder-7B,FP,636767a41a6d9265ec018572,0.0,0,0,0,0.0,0.0
CoderEval-Java-Qwen2.5-Coder-7B-FP,Qwen2.5-Coder-7B,FP,636767a41a6d9265ec018582,11.0,0,2,0,1.0,0.0
CoderEval-Java-Qwen2.5-Coder-7B-FP,Qwen2.5-Coder-7B,FP,636767a41a6d9265ec01856c,23.0,0,2,0,14.0,13.0
CoderEval-Java-Qwen2.5-Coder-7B-FP,Qwen2.5-Coder-7B,FP,636767a41a6d9265ec01857e,0.0,0,0,0,0.0,0.0
CoderEval-Java-Qwen2.5-Coder-7B-FP,Qwen2.5-Coder-7B,FP,636767a51a6d9265ec01859d,9.0,0,2,0,4.0,4.0
CoderEval-Java-Qwen2.5-Coder-7B-FP,Qwen2.5-Coder-7B,FP,636767a61a6d9265ec0185b7,5.0,0,2,0,1.0,0.0
CoderEval-Java-Qwen2.5-Coder-7B-FP,Qwen2.5-Coder-7B,FP,636767a81a6d9265ec0185fc,13.0,0,1,0,3.0,2.0
CoderEval-Java-Qwen2.5-Coder-7B-FP,Qwen2.5-Coder-7B,FP,636767aa1a6d9265ec01864a,5.0,0,1,0,1.0,0.0
CoderEval-Java-Qwen2.5-Coder-7B-FP,Qwen2.5-Coder-7B,FP,636767ab1a6d9265ec018676,0.0,0,0,0,0.0,0.0
CoderEval-Java-Qwen2.5-Coder-7B-FP,Qwen2.5-Coder-7B,FP,636767dc1a6d9265ec0186be,0.0,0,0,0,0.0,0.0
CoderEval-Java-Qwen2.5-Coder-7B-FP,Qwen2.5-Coder-7B,FP,636767dc1a6d9265ec0186cb,0.0,0,0,0,0.0,0.0
CoderEval-Java-Qwen2.5-Coder-7B-FP,Qwen2.5-Coder-7B,FP,636767dd1a6d9265ec0186de,6.0,0,1,0,1.0,0.0
CoderEval-Java-Qwen2.5-Coder-7B-FP,Qwen2.5-Coder-7B,FP,636767dd1a6d9265ec0186e5,0.0,0,0,0,0.0,0.0
CoderEval-Java-Qwen2.5-Coder-7B-FP,Qwen2.5-Coder-7B,FP,636767dd1a6d9265ec0186f3,0.0,0,0,0,0.0,0.0
CoderEval-Java-Qwen2.5-Coder-7B-FP,Qwen2.5-Coder-7B,FP,636767de1a6d9265ec01871c,0.0,0,0,0,0.0,0.0
CoderEval-Java-Qwen2.5-Coder-7B-FP,Qwen2.5-Coder-7B,FP,636767df1a6d9265ec018744,0.0,0,0,0,0.0,0.0
CoderEval-Java-Qwen2.5-Coder-7B-FP,Qwen2.5-Coder-7B,FP,636767df1a6d9265ec01873c,4.0,0,1,0,1.0,0.0
CoderEval-Java-Qwen2.5-Coder-7B-FP,Qwen2.5-Coder-7B,FP,636767e01a6d9265ec018755,25.0,0,1,0,6.0,13.0
CoderEval-Java-Qwen2.5-Coder-7B-FP,Qwen2.5-Coder-7B,FP,636767e01a6d9265ec018764,0.0,0,0,0,0.0,0.0
CoderEval-Java-Qwen2.5-Coder-7B-FP,Qwen2.5-Coder-7B,FP,636767e11a6d9265ec018781,16.0,0,1,0,3.0,5.0
CoderEval-Java-Qwen2.5-Coder-7B-FP,Qwen2.5-Coder-7B,FP,636767e11a6d9265ec018795,13.0,0,1,0,4.0,4.0
CoderEval-Java-Qwen2.5-Coder-7B-GGUF,Qwen2.5-Coder-7B,GGUF,6367667d1a6d9265ec017401,49.0,0,3,0,13.0,11.0
CoderEval-Java-Qwen2.5-Coder-7B-GGUF,Qwen2.5-Coder-7B,GGUF,6367667d1a6d9265ec01741d,0.0,0,0,0,0.0,0.0
CoderEval-Java-Qwen2.5-Coder-7B-GGUF,Qwen2.5-Coder-7B,GGUF,6367667e1a6d9265ec01743a,9.0,0,1,0,2.0,2.0
CoderEval-Java-Qwen2.5-Coder-7B-GGUF,Qwen2.5-Coder-7B,GGUF,6367667f1a6d9265ec017457,0.0,0,0,0,0.0,0.0
CoderEval-Java-Qwen2.5-Coder-7B-GGUF,Qwen2.5-Coder-7B,GGUF,6367667f1a6d9265ec01745d,20.0,0,3,0,5.0,6.0
CoderEval-Java-Qwen2.5-Coder-7B-GGUF,Qwen2.5-Coder-7B,GGUF,636766801a6d9265ec017487,19.0,0,2,0,6.0,7.0
CoderEval-Java-Qwen2.5-Coder-7B-GGUF,Qwen2.5-Coder-7B,GGUF,636766821a6d9265ec0174b6,0.0,0,0,0,0.0,0.0
CoderEval-Java-Qwen2.5-Coder-7B-GGUF,Qwen2.5-Coder-7B,GGUF,636766821a6d9265ec0174bf,0.0,0,0,0,0.0,0.0
CoderEval-Java-Qwen2.5-Coder-7B-GGUF,Qwen2.5-Coder-7B,GGUF,636766821a6d9265ec0174c9,11.0,0,2,0,2.0,1.0
CoderEval-Java-Qwen2.5-Coder-7B-GGUF,Qwen2.5-Coder-7B,GGUF,636766831a6d9265ec0174eb,7.0,0,1,0,2.0,1.0
CoderEval-Java-Qwen2.5-Coder-7B-GGUF,Qwen2.5-Coder-7B,GGUF,636766851a6d9265ec01751b,13.0,0,2,0,7.0,7.0
CoderEval-Java-Qwen2.5-Coder-7B-GGUF,Qwen2.5-Coder-7B,GGUF,636766861a6d9265ec017553,0.0,0,0,0,0.0,0.0
CoderEval-Java-Qwen2.5-Coder-7B-GGUF,Qwen2.5-Coder-7B,GGUF,636766861a6d9265ec01755a,16.0,0,1,0,4.0,4.0
CoderEval-Java-Qwen2.5-Coder-7B-GGUF,Qwen2.5-Coder-7B,GGUF,636766a81a6d9265ec017586,10.0,0,1,0,3.0,2.0
CoderEval-Java-Qwen2.5-Coder-7B-GGUF,Qwen2.5-Coder-7B,GGUF,636766a81a6d9265ec017595,10.0,0,1,0,2.0,1.0
CoderEval-Java-Qwen2.5-Coder-7B-GGUF,Qwen2.5-Coder-7B,GGUF,636766a81a6d9265ec01758e,0.0,0,0,0,0.0,0.0
CoderEval-Java-Qwen2.5-Coder-7B-GGUF,Qwen2.5-Coder-7B,GGUF,636766a91a6d9265ec0175ae,0.0,0,0,0,0.0,0.0
CoderEval-Java-Qwen2.5-Coder-7B-GGUF,Qwen2.5-Coder-7B,GGUF,636766a91a6d9265ec0175c1,0.0,0,0,0,0.0,0.0
CoderEval-Java-Qwen2.5-Coder-7B-GGUF,Qwen2.5-Coder-7B,GGUF,636766a91a6d9265ec0175c2,4.0,0,1,0,1.0,0.0
CoderEval-Java-Qwen2.5-Coder-7B-GGUF,Qwen2.5-Coder-7B,GGUF,636766a91a6d9265ec0175c4,0.0,0,0,0,0.0,0.0
CoderEval-Java-Qwen2.5-Coder-7B-GGUF,Qwen2.5-Coder-7B,GGUF,636766aa1a6d9265ec0175ce,0.0,0,0,0,0.0,0.0
CoderEval-Java-Qwen2.5-Coder-7B-GGUF,Qwen2.5-Coder-7B,GGUF,636766ae1a6d9265ec0175d8,0.0,0,0,0,0.0,0.0
CoderEval-Java-Qwen2.5-Coder-7B-GGUF,Qwen2.5-Coder-7B,GGUF,636766ae1a6d9265ec0175dc,5.0,0,1,0,1.0,0.0
CoderEval-Java-Qwen2.5-Coder-7B-GGUF,Qwen2.5-Coder-7B,GGUF,636766f01a6d9265ec017639,6.0,0,3,0,2.0,1.0
CoderEval-Java-Qwen2.5-Coder-7B-GGUF,Qwen2.5-Coder-7B,GGUF,636766f01a6d9265ec01762e,5.0,0,2,0,2.0,1.0
CoderEval-Java-Qwen2.5-Coder-7B-GGUF,Qwen2.5-Coder-7B,GGUF,636766f01a6d9265ec01763e,0.0,0,0,0,0.0,0.0
CoderEval-Java-Qwen2.5-Coder-7B-GGUF,Qwen2.5-Coder-7B,GGUF,636766f11a6d9265ec017641,4.0,0,1,0,2.0,1.0
CoderEval-Java-Qwen2.5-Coder-7B-GGUF,Qwen2.5-Coder-7B,GGUF,636766f11a6d9265ec017651,8.0,0,2,0,3.0,2.0
CoderEval-Java-Qwen2.5-Coder-7B-GGUF,Qwen2.5-Coder-7B,GGUF,636766f11a6d9265ec017658,10.0,0,2,0,2.0,1.0
CoderEval-Java-Qwen2.5-Coder-7B-GGUF,Qwen2.5-Coder-7B,GGUF,636766f11a6d9265ec017663,0.0,0,0,0,0.0,0.0
CoderEval-Java-Qwen2.5-Coder-7B-GGUF,Qwen2.5-Coder-7B,GGUF,636766f11a6d9265ec01764f,5.0,0,1,0,1.0,0.0
CoderEval-Java-Qwen2.5-Coder-7B-GGUF,Qwen2.5-Coder-7B,GGUF,636766f21a6d9265ec017667,0.0,0,0,0,0.0,0.0
CoderEval-Java-Qwen2.5-Coder-7B-GGUF,Qwen2.5-Coder-7B,GGUF,636766f21a6d9265ec017677,5.0,0,2,0,1.0,0.0
CoderEval-Java-Qwen2.5-Coder-7B-GGUF,Qwen2.5-Coder-7B,GGUF,636766f21a6d9265ec01767d,8.0,0,2,0,2.0,1.0
CoderEval-Java-Qwen2.5-Coder-7B-GGUF,Qwen2.5-Coder-7B,GGUF,636766f31a6d9265ec01768f,8.0,0,2,0,2.0,1.0
CoderEval-Java-Qwen2.5-Coder-7B-GGUF,Qwen2.5-Coder-7B,GGUF,636766f61a6d9265ec017701,0.0,0,0,0,0.0,0.0
CoderEval-Java-Qwen2.5-Coder-7B-GGUF,Qwen2.5-Coder-7B,GGUF,636766f71a6d9265ec017730,0.0,0,0,0,0.0,0.0
CoderEval-Java-Qwen2.5-Coder-7B-GGUF,Qwen2.5-Coder-7B,GGUF,636766f81a6d9265ec017758,10.0,0,1,0,5.0,3.0
CoderEval-Java-Qwen2.5-Coder-7B-GGUF,Qwen2.5-Coder-7B,GGUF,636766f81a6d9265ec01775b,5.0,0,1,0,1.0,0.0
CoderEval-Java-Qwen2.5-Coder-7B-GGUF,Qwen2.5-Coder-7B,GGUF,636766f81a6d9265ec01775c,0.0,0,0,0,0.0,0.0
CoderEval-Java-Qwen2.5-Coder-7B-GGUF,Qwen2.5-Coder-7B,GGUF,636766f91a6d9265ec01776e,0.0,0,0,0,0.0,0.0
CoderEval-Java-Qwen2.5-Coder-7B-GGUF,Qwen2.5-Coder-7B,GGUF,636766f91a6d9265ec01777d,11.0,0,2,0,7.0,6.0
CoderEval-Java-Qwen2.5-Coder-7B-GGUF,Qwen2.5-Coder-7B,GGUF,636766f91a6d9265ec01777f,0.0,0,0,0,0.0,0.0
CoderEval-Java-Qwen2.5-Coder-7B-GGUF,Qwen2.5-Coder-7B,GGUF,636766fa1a6d9265ec017796,12.0,0,3,0,3.0,2.0
CoderEval-Java-Qwen2.5-Coder-7B-GGUF,Qwen2.5-Coder-7B,GGUF,636766fa1a6d9265ec01779c,9.0,0,1,0,3.0,2.0
CoderEval-Java-Qwen2.5-Coder-7B-GGUF,Qwen2.5-Coder-7B,GGUF,636766fa1a6d9265ec01779d,5.0,0,2,0,2.0,1.0
CoderEval-Java-Qwen2.5-Coder-7B-GGUF,Qwen2.5-Coder-7B,GGUF,636766fa1a6d9265ec0177a4,9.0,0,3,0,2.0,1.0
CoderEval-Java-Qwen2.5-Coder-7B-GGUF,Qwen2.5-Coder-7B,GGUF,636766fa1a6d9265ec0177a9,8.0,0,1,0,2.0,1.0
CoderEval-Java-Qwen2.5-Coder-7B-GGUF,Qwen2.5-Coder-7B,GGUF,636766fb1a6d9265ec0177c1,5.0,0,2,0,2.0,1.0
CoderEval-Java-Qwen2.5-Coder-7B-GGUF,Qwen2.5-Coder-7B,GGUF,636766fb1a6d9265ec0177c3,5.0,0,2,0,1.0,0.0
CoderEval-Java-Qwen2.5-Coder-7B-GGUF,Qwen2.5-Coder-7B,GGUF,636766fc1a6d9265ec0177da,5.0,0,2,0,3.0,1.0
CoderEval-Java-Qwen2.5-Coder-7B-GGUF,Qwen2.5-Coder-7B,GGUF,636766fc1a6d9265ec0177ef,0.0,0,0,0,0.0,0.0
CoderEval-Java-Qwen2.5-Coder-7B-GGUF,Qwen2.5-Coder-7B,GGUF,636766fd1a6d9265ec017814,0.0,0,0,0,0.0,0.0
CoderEval-Java-Qwen2.5-Coder-7B-GGUF,Qwen2.5-Coder-7B,GGUF,636766fe1a6d9265ec017821,0.0,0,0,0,0.0,0.0
CoderEval-Java-Qwen2.5-Coder-7B-GGUF,Qwen2.5-Coder-7B,GGUF,636766fe1a6d9265ec017834,0.0,0,0,0,0.0,0.0
CoderEval-Java-Qwen2.5-Coder-7B-GGUF,Qwen2.5-Coder-7B,GGUF,636766fe1a6d9265ec017838,15.0,0,3,0,4.0,3.0
CoderEval-Java-Qwen2.5-Coder-7B-GGUF,Qwen2.5-Coder-7B,GGUF,636766fe1a6d9265ec01781c,4.0,0,2,0,1.0,0.0
CoderEval-Java-Qwen2.5-Coder-7B-GGUF,Qwen2.5-Coder-7B,GGUF,636766fe1a6d9265ec01782a,7.0,0,1,0,1.0,0.0
CoderEval-Java-Qwen2.5-Coder-7B-GGUF,Qwen2.5-Coder-7B,GGUF,636766ff1a6d9265ec017842,0.0,0,0,0,0.0,0.0
CoderEval-Java-Qwen2.5-Coder-7B-GGUF,Qwen2.5-Coder-7B,GGUF,636766ff1a6d9265ec017851,10.0,0,1,0,3.0,3.0
CoderEval-Java-Qwen2.5-Coder-7B-GGUF,Qwen2.5-Coder-7B,GGUF,636766ff1a6d9265ec017853,10.0,0,1,0,2.0,1.0
CoderEval-Java-Qwen2.5-Coder-7B-GGUF,Qwen2.5-Coder-7B,GGUF,636766ff1a6d9265ec01783b,9.0,0,3,0,6.0,5.0
CoderEval-Java-Qwen2.5-Coder-7B-GGUF,Qwen2.5-Coder-7B,GGUF,636766ff1a6d9265ec01784b,9.0,0,3,0,5.0,5.0
CoderEval-Java-Qwen2.5-Coder-7B-GGUF,Qwen2.5-Coder-7B,GGUF,636767001a6d9265ec017873,0.0,0,0,0,0.0,0.0
CoderEval-Java-Qwen2.5-Coder-7B-GGUF,Qwen2.5-Coder-7B,GGUF,636767021a6d9265ec0178b2,22.0,0,1,0,11.0,1.0
CoderEval-Java-Qwen2.5-Coder-7B-GGUF,Qwen2.5-Coder-7B,GGUF,636767021a6d9265ec0178bb,0.0,0,0,0,0.0,0.0
CoderEval-Java-Qwen2.5-Coder-7B-GGUF,Qwen2.5-Coder-7B,GGUF,636767021a6d9265ec0178bc,0.0,0,0,0,0.0,0.0
CoderEval-Java-Qwen2.5-Coder-7B-GGUF,Qwen2.5-Coder-7B,GGUF,636767021a6d9265ec0178bf,4.0,0,2,0,4.0,4.0
CoderEval-Java-Qwen2.5-Coder-7B-GGUF,Qwen2.5-Coder-7B,GGUF,636767031a6d9265ec0178dd,9.0,0,1,0,1.0,1.0
CoderEval-Java-Qwen2.5-Coder-7B-GGUF,Qwen2.5-Coder-7B,GGUF,636767031a6d9265ec0178e6,12.0,0,3,0,3.0,2.0
CoderEval-Java-Qwen2.5-Coder-7B-GGUF,Qwen2.5-Coder-7B,GGUF,636767031a6d9265ec0178ef,0.0,0,0,0,0.0,0.0
CoderEval-Java-Qwen2.5-Coder-7B-GGUF,Qwen2.5-Coder-7B,GGUF,636767041a6d9265ec017911,7.0,0,2,0,2.0,1.0
CoderEval-Java-Qwen2.5-Coder-7B-GGUF,Qwen2.5-Coder-7B,GGUF,636767041a6d9265ec0178f8,0.0,0,0,0,0.0,0.0
CoderEval-Java-Qwen2.5-Coder-7B-GGUF,Qwen2.5-Coder-7B,GGUF,636767041a6d9265ec01790f,12.0,0,3,0,3.0,2.0
CoderEval-Java-Qwen2.5-Coder-7B-GGUF,Qwen2.5-Coder-7B,GGUF,636767061a6d9265ec01794a,7.0,0,3,0,1.0,0.0
CoderEval-Java-Qwen2.5-Coder-7B-GGUF,Qwen2.5-Coder-7B,GGUF,636767081a6d9265ec017989,15.0,0,3,0,4.0,3.0
CoderEval-Java-Qwen2.5-Coder-7B-GGUF,Qwen2.5-Coder-7B,GGUF,636767081a6d9265ec0179a2,8.0,0,2,0,3.0,3.0
CoderEval-Java-Qwen2.5-Coder-7B-GGUF,Qwen2.5-Coder-7B,GGUF,6367670a1a6d9265ec0179cf,4.0,0,2,0,2.0,1.0
CoderEval-Java-Qwen2.5-Coder-7B-GGUF,Qwen2.5-Coder-7B,GGUF,6367670a1a6d9265ec0179d8,0.0,0,0,0,0.0,0.0
CoderEval-Java-Qwen2.5-Coder-7B-GGUF,Qwen2.5-Coder-7B,GGUF,6367670a1a6d9265ec0179d9,5.0,0,2,0,2.0,1.0
CoderEval-Java-Qwen2.5-Coder-7B-GGUF,Qwen2.5-Coder-7B,GGUF,6367670a1a6d9265ec0179dc,7.0,0,1,0,2.0,1.0
CoderEval-Java-Qwen2.5-Coder-7B-GGUF,Qwen2.5-Coder-7B,GGUF,6367670a1a6d9265ec0179e7,10.0,0,1,0,3.0,3.0
CoderEval-Java-Qwen2.5-Coder-7B-GGUF,Qwen2.5-Coder-7B,GGUF,6367670a1a6d9265ec0179e8,8.0,0,2,0,3.0,2.0
CoderEval-Java-Qwen2.5-Coder-7B-GGUF,Qwen2.5-Coder-7B,GGUF,6367670a1a6d9265ec0179f1,12.0,0,2,0,3.0,2.0
CoderEval-Java-Qwen2.5-Coder-7B-GGUF,Qwen2.5-Coder-7B,GGUF,6367670b1a6d9265ec0179f2,4.0,0,1,0,1.0,0.0
CoderEval-Java-Qwen2.5-Coder-7B-GGUF,Qwen2.5-Coder-7B,GGUF,6367670b1a6d9265ec0179fe,4.0,0,2,0,1.0,0.0
CoderEval-Java-Qwen2.5-Coder-7B-GGUF,Qwen2.5-Coder-7B,GGUF,6367670b1a6d9265ec0179ff,8.0,0,2,0,3.0,2.0
CoderEval-Java-Qwen2.5-Coder-7B-GGUF,Qwen2.5-Coder-7B,GGUF,6367670b1a6d9265ec017a00,5.0,0,2,0,1.0,0.0
CoderEval-Java-Qwen2.5-Coder-7B-GGUF,Qwen2.5-Coder-7B,GGUF,6367670b1a6d9265ec017a05,5.0,0,2,0,1.0,0.0
CoderEval-Java-Qwen2.5-Coder-7B-GGUF,Qwen2.5-Coder-7B,GGUF,6367670b1a6d9265ec017a0f,10.0,0,2,0,3.0,3.0
CoderEval-Java-Qwen2.5-Coder-7B-GGUF,Qwen2.5-Coder-7B,GGUF,6367670c1a6d9265ec017a35,12.0,0,2,0,4.0,4.0
CoderEval-Java-Qwen2.5-Coder-7B-GGUF,Qwen2.5-Coder-7B,GGUF,6367670c1a6d9265ec017a2a,15.0,0,3,0,4.0,3.0
CoderEval-Java-Qwen2.5-Coder-7B-GGUF,Qwen2.5-Coder-7B,GGUF,636767121a6d9265ec017b0a,12.0,0,1,0,3.0,3.0
CoderEval-Java-Qwen2.5-Coder-7B-GGUF,Qwen2.5-Coder-7B,GGUF,636767131a6d9265ec017b23,5.0,0,1,0,1.0,0.0
CoderEval-Java-Qwen2.5-Coder-7B-GGUF,Qwen2.5-Coder-7B,GGUF,636767151a6d9265ec017b6b,0.0,0,0,0,0.0,0.0
CoderEval-Java-Qwen2.5-Coder-7B-GGUF,Qwen2.5-Coder-7B,GGUF,636767191a6d9265ec017c0f,7.0,0,1,0,1.0,0.0
CoderEval-Java-Qwen2.5-Coder-7B-GGUF,Qwen2.5-Coder-7B,GGUF,6367671a1a6d9265ec017c15,22.0,0,1,0,6.0,5.0
CoderEval-Java-Qwen2.5-Coder-7B-GGUF,Qwen2.5-Coder-7B,GGUF,6367672d1a6d9265ec017c73,0.0,0,0,0,0.0,0.0
CoderEval-Java-Qwen2.5-Coder-7B-GGUF,Qwen2.5-Coder-7B,GGUF,6367672d1a6d9265ec017c74,9.0,0,1,0,2.0,1.0
CoderEval-Java-Qwen2.5-Coder-7B-GGUF,Qwen2.5-Coder-7B,GGUF,6367672d1a6d9265ec017c78,9.0,0,1,0,2.0,1.0
CoderEval-Java-Qwen2.5-Coder-7B-GGUF,Qwen2.5-Coder-7B,GGUF,636767431a6d9265ec017c88,9.0,0,1,0,2.0,1.0
CoderEval-Java-Qwen2.5-Coder-7B-GGUF,Qwen2.5-Coder-7B,GGUF,636767431a6d9265ec017c8d,11.0,0,2,0,3.0,2.0
CoderEval-Java-Qwen2.5-Coder-7B-GGUF,Qwen2.5-Coder-7B,GGUF,636767441a6d9265ec017cc1,8.0,0,1,0,1.0,0.0
CoderEval-Java-Qwen2.5-Coder-7B-GGUF,Qwen2.5-Coder-7B,GGUF,636767461a6d9265ec017d0e,11.0,0,1,0,2.0,1.0
CoderEval-Java-Qwen2.5-Coder-7B-GGUF,Qwen2.5-Coder-7B,GGUF,636767491a6d9265ec017d90,14.0,0,2,0,5.0,3.0
CoderEval-Java-Qwen2.5-Coder-7B-GGUF,Qwen2.5-Coder-7B,GGUF,6367674a1a6d9265ec017da9,14.0,0,2,0,4.0,3.0
CoderEval-Java-Qwen2.5-Coder-7B-GGUF,Qwen2.5-Coder-7B,GGUF,6367674a1a6d9265ec017dab,4.0,0,3,0,2.0,1.0
CoderEval-Java-Qwen2.5-Coder-7B-GGUF,Qwen2.5-Coder-7B,GGUF,6367674b1a6d9265ec017dc0,10.0,0,2,0,2.0,1.0
CoderEval-Java-Qwen2.5-Coder-7B-GGUF,Qwen2.5-Coder-7B,GGUF,6367674f1a6d9265ec017e74,5.0,0,1,0,1.0,0.0
CoderEval-Java-Qwen2.5-Coder-7B-GGUF,Qwen2.5-Coder-7B,GGUF,636767501a6d9265ec017e86,4.0,0,1,0,1.0,0.0
CoderEval-Java-Qwen2.5-Coder-7B-GGUF,Qwen2.5-Coder-7B,GGUF,636767511a6d9265ec017eb0,11.0,0,1,0,3.0,3.0
CoderEval-Java-Qwen2.5-Coder-7B-GGUF,Qwen2.5-Coder-7B,GGUF,636767511a6d9265ec017eb6,12.0,0,1,0,3.0,3.0
CoderEval-Java-Qwen2.5-Coder-7B-GGUF,Qwen2.5-Coder-7B,GGUF,636767521a6d9265ec017ecc,13.0,0,2,0,1.0,0.0
CoderEval-Java-Qwen2.5-Coder-7B-GGUF,Qwen2.5-Coder-7B,GGUF,636767531a6d9265ec017ef1,0.0,0,0,0,0.0,0.0
CoderEval-Java-Qwen2.5-Coder-7B-GGUF,Qwen2.5-Coder-7B,GGUF,636767551a6d9265ec017f3f,7.0,0,2,0,1.0,0.0
CoderEval-Java-Qwen2.5-Coder-7B-GGUF,Qwen2.5-Coder-7B,GGUF,636767561a6d9265ec017f63,4.0,0,1,0,1.0,0.0
CoderEval-Java-Qwen2.5-Coder-7B-GGUF,Qwen2.5-Coder-7B,GGUF,636767561a6d9265ec017f7c,7.0,0,1,0,1.0,0.0
CoderEval-Java-Qwen2.5-Coder-7B-GGUF,Qwen2.5-Coder-7B,GGUF,636767581a6d9265ec017fb4,0.0,0,0,0,0.0,0.0
CoderEval-Java-Qwen2.5-Coder-7B-GGUF,Qwen2.5-Coder-7B,GGUF,636767581a6d9265ec017fc4,8.0,0,2,0,2.0,2.0
CoderEval-Java-Qwen2.5-Coder-7B-GGUF,Qwen2.5-Coder-7B,GGUF,6367675c1a6d9265ec018058,4.0,0,2,0,2.0,0.0
CoderEval-Java-Qwen2.5-Coder-7B-GGUF,Qwen2.5-Coder-7B,GGUF,6367675c1a6d9265ec01805b,10.0,0,1,0,3.0,2.0
CoderEval-Java-Qwen2.5-Coder-7B-GGUF,Qwen2.5-Coder-7B,GGUF,6367675d1a6d9265ec018082,4.0,0,1,0,1.0,0.0
CoderEval-Java-Qwen2.5-Coder-7B-GGUF,Qwen2.5-Coder-7B,GGUF,6367675f1a6d9265ec0180cf,0.0,0,0,0,0.0,0.0
CoderEval-Java-Qwen2.5-Coder-7B-GGUF,Qwen2.5-Coder-7B,GGUF,6367675f1a6d9265ec0180d3,4.0,0,3,0,1.0,0.0
CoderEval-Java-Qwen2.5-Coder-7B-GGUF,Qwen2.5-Coder-7B,GGUF,636767601a6d9265ec0180e2,16.0,0,1,0,4.0,6.0
CoderEval-Java-Qwen2.5-Coder-7B-GGUF,Qwen2.5-Coder-7B,GGUF,636767611a6d9265ec018112,9.0,0,1,0,2.0,2.0
CoderEval-Java-Qwen2.5-Coder-7B-GGUF,Qwen2.5-Coder-7B,GGUF,636767611a6d9265ec018116,0.0,0,0,0,0.0,0.0
CoderEval-Java-Qwen2.5-Coder-7B-GGUF,Qwen2.5-Coder-7B,GGUF,636767631a6d9265ec018171,0.0,0,0,0,0.0,0.0
CoderEval-Java-Qwen2.5-Coder-7B-GGUF,Qwen2.5-Coder-7B,GGUF,636767691a6d9265ec0181a6,9.0,0,2,0,2.0,1.0
CoderEval-Java-Qwen2.5-Coder-7B-GGUF,Qwen2.5-Coder-7B,GGUF,636767691a6d9265ec0181a7,9.0,0,2,0,3.0,2.0
CoderEval-Java-Qwen2.5-Coder-7B-GGUF,Qwen2.5-Coder-7B,GGUF,636767691a6d9265ec0181aa,0.0,0,0,0,0.0,0.0
CoderEval-Java-Qwen2.5-Coder-7B-GGUF,Qwen2.5-Coder-7B,GGUF,636767691a6d9265ec0181ac,0.0,0,0,0,0.0,0.0
CoderEval-Java-Qwen2.5-Coder-7B-GGUF,Qwen2.5-Coder-7B,GGUF,6367676a1a6d9265ec0181bf,9.0,0,2,0,2.0,2.0
CoderEval-Java-Qwen2.5-Coder-7B-GGUF,Qwen2.5-Coder-7B,GGUF,6367676a1a6d9265ec0181cd,12.0,0,2,0,5.0,4.0
CoderEval-Java-Qwen2.5-Coder-7B-GGUF,Qwen2.5-Coder-7B,GGUF,6367676a1a6d9265ec0181d4,10.0,0,3,0,2.0,1.0
CoderEval-Java-Qwen2.5-Coder-7B-GGUF,Qwen2.5-Coder-7B,GGUF,6367676b1a6d9265ec0181dd,14.0,0,2,0,3.0,3.0
CoderEval-Java-Qwen2.5-Coder-7B-GGUF,Qwen2.5-Coder-7B,GGUF,6367676b1a6d9265ec0181df,0.0,0,0,0,0.0,0.0
CoderEval-Java-Qwen2.5-Coder-7B-GGUF,Qwen2.5-Coder-7B,GGUF,6367676b1a6d9265ec0181e2,10.0,0,2,0,3.0,3.0
CoderEval-Java-Qwen2.5-Coder-7B-GGUF,Qwen2.5-Coder-7B,GGUF,6367676b1a6d9265ec0181e9,0.0,0,0,0,0.0,0.0
CoderEval-Java-Qwen2.5-Coder-7B-GGUF,Qwen2.5-Coder-7B,GGUF,6367676b1a6d9265ec0181ee,0.0,0,0,0,0.0,0.0
CoderEval-Java-Qwen2.5-Coder-7B-GGUF,Qwen2.5-Coder-7B,GGUF,6367676c1a6d9265ec018204,0.0,0,0,0,0.0,0.0
CoderEval-Java-Qwen2.5-Coder-7B-GGUF,Qwen2.5-Coder-7B,GGUF,6367676c1a6d9265ec018220,9.0,0,2,0,2.0,1.0
CoderEval-Java-Qwen2.5-Coder-7B-GGUF,Qwen2.5-Coder-7B,GGUF,6367676c1a6d9265ec018223,8.0,0,2,0,3.0,2.0
CoderEval-Java-Qwen2.5-Coder-7B-GGUF,Qwen2.5-Coder-7B,GGUF,6367676c1a6d9265ec01820b,15.0,0,2,0,4.0,4.0
CoderEval-Java-Qwen2.5-Coder-7B-GGUF,Qwen2.5-Coder-7B,GGUF,6367676d1a6d9265ec018229,9.0,0,4,0,2.0,1.0
CoderEval-Java-Qwen2.5-Coder-7B-GGUF,Qwen2.5-Coder-7B,GGUF,636767781a6d9265ec018250,0.0,0,0,0,0.0,0.0
CoderEval-Java-Qwen2.5-Coder-7B-GGUF,Qwen2.5-Coder-7B,GGUF,636767791a6d9265ec01826d,13.0,0,2,0,2.0,2.0
CoderEval-Java-Qwen2.5-Coder-7B-GGUF,Qwen2.5-Coder-7B,GGUF,6367677b1a6d9265ec0182bd,0.0,0,0,0,0.0,0.0
CoderEval-Java-Qwen2.5-Coder-7B-GGUF,Qwen2.5-Coder-7B,GGUF,6367677d1a6d9265ec0182fd,7.0,0,3,0,2.0,1.0
CoderEval-Java-Qwen2.5-Coder-7B-GGUF,Qwen2.5-Coder-7B,GGUF,6367677e1a6d9265ec01830f,0.0,0,0,0,0.0,0.0
CoderEval-Java-Qwen2.5-Coder-7B-GGUF,Qwen2.5-Coder-7B,GGUF,6367677e1a6d9265ec01832e,5.0,0,1,0,1.0,0.0
CoderEval-Java-Qwen2.5-Coder-7B-GGUF,Qwen2.5-Coder-7B,GGUF,6367677f1a6d9265ec018347,7.0,0,1,0,2.0,1.0
CoderEval-Java-Qwen2.5-Coder-7B-GGUF,Qwen2.5-Coder-7B,GGUF,6367677f1a6d9265ec01834b,5.0,0,1,0,1.0,0.0
CoderEval-Java-Qwen2.5-Coder-7B-GGUF,Qwen2.5-Coder-7B,GGUF,636767821a6d9265ec0183a0,8.0,0,2,0,2.0,1.0
CoderEval-Java-Qwen2.5-Coder-7B-GGUF,Qwen2.5-Coder-7B,GGUF,636767821a6d9265ec0183ab,4.0,0,1,0,1.0,0.0
CoderEval-Java-Qwen2.5-Coder-7B-GGUF,Qwen2.5-Coder-7B,GGUF,636767831a6d9265ec0183c9,5.0,0,2,0,1.0,0.0
CoderEval-Java-Qwen2.5-Coder-7B-GGUF,Qwen2.5-Coder-7B,GGUF,636767841a6d9265ec0183e8,8.0,0,1,0,1.0,0.0
CoderEval-Java-Qwen2.5-Coder-7B-GGUF,Qwen2.5-Coder-7B,GGUF,636767861a6d9265ec018440,16.0,0,1,0,2.0,1.0
CoderEval-Java-Qwen2.5-Coder-7B-GGUF,Qwen2.5-Coder-7B,GGUF,636767861a6d9265ec01844c,11.0,0,1,0,2.0,1.0
CoderEval-Java-Qwen2.5-Coder-7B-GGUF,Qwen2.5-Coder-7B,GGUF,636767871a6d9265ec01846d,0.0,0,0,0,0.0,0.0
CoderEval-Java-Qwen2.5-Coder-7B-GGUF,Qwen2.5-Coder-7B,GGUF,636767a21a6d9265ec018517,0.0,0,0,0,0.0,0.0
CoderEval-Java-Qwen2.5-Coder-7B-GGUF,Qwen2.5-Coder-7B,GGUF,636767a31a6d9265ec018552,9.0,0,1,0,2.0,1.0
CoderEval-Java-Qwen2.5-Coder-7B-GGUF,Qwen2.5-Coder-7B,GGUF,636767a31a6d9265ec01854f,8.0,0,1,0,2.0,1.0
CoderEval-Java-Qwen2.5-Coder-7B-GGUF,Qwen2.5-Coder-7B,GGUF,636767a41a6d9265ec018572,16.0,0,1,0,4.0,5.0
CoderEval-Java-Qwen2.5-Coder-7B-GGUF,Qwen2.5-Coder-7B,GGUF,636767a41a6d9265ec018582,8.0,0,2,0,1.0,0.0
CoderEval-Java-Qwen2.5-Coder-7B-GGUF,Qwen2.5-Coder-7B,GGUF,636767a41a6d9265ec01856c,18.0,0,2,0,5.0,6.0
CoderEval-Java-Qwen2.5-Coder-7B-GGUF,Qwen2.5-Coder-7B,GGUF,636767a41a6d9265ec01857e,11.0,0,2,0,3.0,2.0
CoderEval-Java-Qwen2.5-Coder-7B-GGUF,Qwen2.5-Coder-7B,GGUF,636767a51a6d9265ec01859d,13.0,0,1,0,4.0,4.0
CoderEval-Java-Qwen2.5-Coder-7B-GGUF,Qwen2.5-Coder-7B,GGUF,636767a61a6d9265ec0185b7,5.0,0,2,0,1.0,0.0
CoderEval-Java-Qwen2.5-Coder-7B-GGUF,Qwen2.5-Coder-7B,GGUF,636767a81a6d9265ec0185fc,0.0,0,0,0,0.0,0.0
CoderEval-Java-Qwen2.5-Coder-7B-GGUF,Qwen2.5-Coder-7B,GGUF,636767aa1a6d9265ec01864a,10.0,0,1,0,1.0,0.0
CoderEval-Java-Qwen2.5-Coder-7B-GGUF,Qwen2.5-Coder-7B,GGUF,636767ab1a6d9265ec018676,5.0,0,2,0,6.0,5.0
CoderEval-Java-Qwen2.5-Coder-7B-GGUF,Qwen2.5-Coder-7B,GGUF,636767dc1a6d9265ec0186be,13.0,0,3,0,3.0,2.0
CoderEval-Java-Qwen2.5-Coder-7B-GGUF,Qwen2.5-Coder-7B,GGUF,636767dc1a6d9265ec0186cb,8.0,0,1,0,2.0,1.0
CoderEval-Java-Qwen2.5-Coder-7B-GGUF,Qwen2.5-Coder-7B,GGUF,636767dd1a6d9265ec0186de,5.0,0,1,0,1.0,0.0
CoderEval-Java-Qwen2.5-Coder-7B-GGUF,Qwen2.5-Coder-7B,GGUF,636767dd1a6d9265ec0186e5,0.0,0,0,0,0.0,0.0
CoderEval-Java-Qwen2.5-Coder-7B-GGUF,Qwen2.5-Coder-7B,GGUF,636767dd1a6d9265ec0186f3,0.0,0,0,0,0.0,0.0
CoderEval-Java-Qwen2.5-Coder-7B-GGUF,Qwen2.5-Coder-7B,GGUF,636767de1a6d9265ec01871c,0.0,0,0,0,0.0,0.0
CoderEval-Java-Qwen2.5-Coder-7B-GGUF,Qwen2.5-Coder-7B,GGUF,636767df1a6d9265ec018744,23.0,0,2,0,5.0,6.0
CoderEval-Java-Qwen2.5-Coder-7B-GGUF,Qwen2.5-Coder-7B,GGUF,636767df1a6d9265ec01873c,4.0,0,1,0,1.0,0.0
CoderEval-Java-Qwen2.5-Coder-7B-GGUF,Qwen2.5-Coder-7B,GGUF,636767e01a6d9265ec018755,19.0,0,2,0,6.0,6.0
CoderEval-Java-Qwen2.5-Coder-7B-GGUF,Qwen2.5-Coder-7B,GGUF,636767e01a6d9265ec018764,0.0,0,0,0,0.0,0.0
CoderEval-Java-Qwen2.5-Coder-7B-GGUF,Qwen2.5-Coder-7B,GGUF,636767e11a6d9265ec018781,16.0,0,1,0,3.0,5.0
CoderEval-Java-Qwen2.5-Coder-7B-GGUF,Qwen2.5-Coder-7B,GGUF,636767e11a6d9265ec018795,0.0,0,0,0,0.0,0.0
CoderEval-Java-Qwen2.5-Coder-7B-GPTQ,Qwen2.5-Coder-7B,GPTQ,6367667d1a6d9265ec017401,28.0,0,3,0,13.0,9.0
CoderEval-Java-Qwen2.5-Coder-7B-GPTQ,Qwen2.5-Coder-7B,GPTQ,6367667d1a6d9265ec01741d,31.0,0,2,0,7.0,15.0
CoderEval-Java-Qwen2.5-Coder-7B-GPTQ,Qwen2.5-Coder-7B,GPTQ,6367667e1a6d9265ec01743a,9.0,0,1,0,2.0,2.0
CoderEval-Java-Qwen2.5-Coder-7B-GPTQ,Qwen2.5-Coder-7B,GPTQ,6367667f1a6d9265ec017457,4.0,0,6,0,17.0,13.0
CoderEval-Java-Qwen2.5-Coder-7B-GPTQ,Qwen2.5-Coder-7B,GPTQ,6367667f1a6d9265ec01745d,20.0,0,2,0,4.0,8.0
CoderEval-Java-Qwen2.5-Coder-7B-GPTQ,Qwen2.5-Coder-7B,GPTQ,636766801a6d9265ec017487,13.0,0,3,0,6.0,7.0
CoderEval-Java-Qwen2.5-Coder-7B-GPTQ,Qwen2.5-Coder-7B,GPTQ,636766821a6d9265ec0174b6,26.0,0,3,0,6.0,13.0
CoderEval-Java-Qwen2.5-Coder-7B-GPTQ,Qwen2.5-Coder-7B,GPTQ,636766821a6d9265ec0174bf,0.0,0,0,0,0.0,0.0
CoderEval-Java-Qwen2.5-Coder-7B-GPTQ,Qwen2.5-Coder-7B,GPTQ,636766821a6d9265ec0174c9,33.0,0,3,0,9.0,31.0
CoderEval-Java-Qwen2.5-Coder-7B-GPTQ,Qwen2.5-Coder-7B,GPTQ,636766831a6d9265ec0174eb,0.0,0,0,0,0.0,0.0
CoderEval-Java-Qwen2.5-Coder-7B-GPTQ,Qwen2.5-Coder-7B,GPTQ,636766851a6d9265ec01751b,13.0,0,2,0,7.0,7.0
CoderEval-Java-Qwen2.5-Coder-7B-GPTQ,Qwen2.5-Coder-7B,GPTQ,636766861a6d9265ec017553,4.0,0,2,0,1.0,0.0
CoderEval-Java-Qwen2.5-Coder-7B-GPTQ,Qwen2.5-Coder-7B,GPTQ,636766861a6d9265ec01755a,24.0,0,1,0,5.0,9.0
CoderEval-Java-Qwen2.5-Coder-7B-GPTQ,Qwen2.5-Coder-7B,GPTQ,636766a81a6d9265ec017586,0.0,0,0,0,0.0,0.0
CoderEval-Java-Qwen2.5-Coder-7B-GPTQ,Qwen2.5-Coder-7B,GPTQ,636766a81a6d9265ec017595,12.0,0,1,0,2.0,1.0
CoderEval-Java-Qwen2.5-Coder-7B-GPTQ,Qwen2.5-Coder-7B,GPTQ,636766a81a6d9265ec01758e,0.0,0,0,0,0.0,0.0
CoderEval-Java-Qwen2.5-Coder-7B-GPTQ,Qwen2.5-Coder-7B,GPTQ,636766a91a6d9265ec0175ae,17.0,0,1,0,6.0,5.0
CoderEval-Java-Qwen2.5-Coder-7B-GPTQ,Qwen2.5-Coder-7B,GPTQ,636766a91a6d9265ec0175c1,0.0,0,0,0,0.0,0.0
CoderEval-Java-Qwen2.5-Coder-7B-GPTQ,Qwen2.5-Coder-7B,GPTQ,636766a91a6d9265ec0175c2,4.0,0,1,0,1.0,0.0
CoderEval-Java-Qwen2.5-Coder-7B-GPTQ,Qwen2.5-Coder-7B,GPTQ,636766a91a6d9265ec0175c4,0.0,0,0,0,0.0,0.0
CoderEval-Java-Qwen2.5-Coder-7B-GPTQ,Qwen2.5-Coder-7B,GPTQ,636766aa1a6d9265ec0175ce,5.0,0,2,0,1.0,0.0
CoderEval-Java-Qwen2.5-Coder-7B-GPTQ,Qwen2.5-Coder-7B,GPTQ,636766ae1a6d9265ec0175d8,0.0,0,0,0,0.0,0.0
CoderEval-Java-Qwen2.5-Coder-7B-GPTQ,Qwen2.5-Coder-7B,GPTQ,636766ae1a6d9265ec0175dc,0.0,0,0,0,0.0,0.0
CoderEval-Java-Qwen2.5-Coder-7B-GPTQ,Qwen2.5-Coder-7B,GPTQ,636766f01a6d9265ec017639,0.0,0,0,0,0.0,0.0
CoderEval-Java-Qwen2.5-Coder-7B-GPTQ,Qwen2.5-Coder-7B,GPTQ,636766f01a6d9265ec01762e,0.0,0,0,0,0.0,0.0
CoderEval-Java-Qwen2.5-Coder-7B-GPTQ,Qwen2.5-Coder-7B,GPTQ,636766f01a6d9265ec01763e,9.0,0,2,0,5.0,5.0
CoderEval-Java-Qwen2.5-Coder-7B-GPTQ,Qwen2.5-Coder-7B,GPTQ,636766f11a6d9265ec017641,4.0,0,1,0,2.0,1.0
CoderEval-Java-Qwen2.5-Coder-7B-GPTQ,Qwen2.5-Coder-7B,GPTQ,636766f11a6d9265ec017651,9.0,0,2,0,3.0,3.0
CoderEval-Java-Qwen2.5-Coder-7B-GPTQ,Qwen2.5-Coder-7B,GPTQ,636766f11a6d9265ec017658,14.0,0,2,0,3.0,2.0
CoderEval-Java-Qwen2.5-Coder-7B-GPTQ,Qwen2.5-Coder-7B,GPTQ,636766f11a6d9265ec017663,9.0,0,2,0,3.0,3.0
CoderEval-Java-Qwen2.5-Coder-7B-GPTQ,Qwen2.5-Coder-7B,GPTQ,636766f11a6d9265ec01764f,5.0,0,1,0,1.0,0.0
CoderEval-Java-Qwen2.5-Coder-7B-GPTQ,Qwen2.5-Coder-7B,GPTQ,636766f21a6d9265ec017667,0.0,0,0,0,0.0,0.0
CoderEval-Java-Qwen2.5-Coder-7B-GPTQ,Qwen2.5-Coder-7B,GPTQ,636766f21a6d9265ec017677,0.0,0,0,0,0.0,0.0
CoderEval-Java-Qwen2.5-Coder-7B-GPTQ,Qwen2.5-Coder-7B,GPTQ,636766f21a6d9265ec01767d,0.0,0,0,0,0.0,0.0
CoderEval-Java-Qwen2.5-Coder-7B-GPTQ,Qwen2.5-Coder-7B,GPTQ,636766f31a6d9265ec01768f,10.0,0,2,0,2.0,1.0
CoderEval-Java-Qwen2.5-Coder-7B-GPTQ,Qwen2.5-Coder-7B,GPTQ,636766f61a6d9265ec017701,0.0,0,0,0,0.0,0.0
CoderEval-Java-Qwen2.5-Coder-7B-GPTQ,Qwen2.5-Coder-7B,GPTQ,636766f71a6d9265ec017730,14.0,0,2,0,3.0,4.0
CoderEval-Java-Qwen2.5-Coder-7B-GPTQ,Qwen2.5-Coder-7B,GPTQ,636766f81a6d9265ec017758,9.0,0,1,0,3.0,1.0
CoderEval-Java-Qwen2.5-Coder-7B-GPTQ,Qwen2.5-Coder-7B,GPTQ,636766f81a6d9265ec01775b,5.0,0,1,0,1.0,0.0
CoderEval-Java-Qwen2.5-Coder-7B-GPTQ,Qwen2.5-Coder-7B,GPTQ,636766f81a6d9265ec01775c,8.0,0,2,0,2.0,1.0
CoderEval-Java-Qwen2.5-Coder-7B-GPTQ,Qwen2.5-Coder-7B,GPTQ,636766f91a6d9265ec01776e,4.0,0,5,0,4.0,3.0
CoderEval-Java-Qwen2.5-Coder-7B-GPTQ,Qwen2.5-Coder-7B,GPTQ,636766f91a6d9265ec01777d,8.0,0,2,0,7.0,7.0
CoderEval-Java-Qwen2.5-Coder-7B-GPTQ,Qwen2.5-Coder-7B,GPTQ,636766f91a6d9265ec01777f,8.0,0,2,0,2.0,1.0
CoderEval-Java-Qwen2.5-Coder-7B-GPTQ,Qwen2.5-Coder-7B,GPTQ,636766fa1a6d9265ec017796,13.0,0,3,0,3.0,4.0
CoderEval-Java-Qwen2.5-Coder-7B-GPTQ,Qwen2.5-Coder-7B,GPTQ,636766fa1a6d9265ec01779c,13.0,0,1,0,3.0,3.0
CoderEval-Java-Qwen2.5-Coder-7B-GPTQ,Qwen2.5-Coder-7B,GPTQ,636766fa1a6d9265ec01779d,0.0,0,0,0,0.0,0.0
CoderEval-Java-Qwen2.5-Coder-7B-GPTQ,Qwen2.5-Coder-7B,GPTQ,636766fa1a6d9265ec0177a4,12.0,0,3,0,3.0,2.0
CoderEval-Java-Qwen2.5-Coder-7B-GPTQ,Qwen2.5-Coder-7B,GPTQ,636766fa1a6d9265ec0177a9,8.0,0,1,0,2.0,1.0
CoderEval-Java-Qwen2.5-Coder-7B-GPTQ,Qwen2.5-Coder-7B,GPTQ,636766fb1a6d9265ec0177c1,0.0,0,0,0,0.0,0.0
CoderEval-Java-Qwen2.5-Coder-7B-GPTQ,Qwen2.5-Coder-7B,GPTQ,636766fb1a6d9265ec0177c3,0.0,0,0,0,0.0,0.0
CoderEval-Java-Qwen2.5-Coder-7B-GPTQ,Qwen2.5-Coder-7B,GPTQ,636766fc1a6d9265ec0177da,5.0,0,2,0,4.0,1.0
CoderEval-Java-Qwen2.5-Coder-7B-GPTQ,Qwen2.5-Coder-7B,GPTQ,636766fc1a6d9265ec0177ef,20.0,0,2,0,6.0,7.0
CoderEval-Java-Qwen2.5-Coder-7B-GPTQ,Qwen2.5-Coder-7B,GPTQ,636766fd1a6d9265ec017814,10.0,0,2,0,3.0,3.0
CoderEval-Java-Qwen2.5-Coder-7B-GPTQ,Qwen2.5-Coder-7B,GPTQ,636766fe1a6d9265ec017821,0.0,0,0,0,0.0,0.0
CoderEval-Java-Qwen2.5-Coder-7B-GPTQ,Qwen2.5-Coder-7B,GPTQ,636766fe1a6d9265ec017834,0.0,0,0,0,0.0,0.0
CoderEval-Java-Qwen2.5-Coder-7B-GPTQ,Qwen2.5-Coder-7B,GPTQ,636766fe1a6d9265ec017838,14.0,0,2,0,4.0,3.0
CoderEval-Java-Qwen2.5-Coder-7B-GPTQ,Qwen2.5-Coder-7B,GPTQ,636766fe1a6d9265ec01781c,4.0,0,2,0,1.0,0.0
CoderEval-Java-Qwen2.5-Coder-7B-GPTQ,Qwen2.5-Coder-7B,GPTQ,636766fe1a6d9265ec01782a,7.0,0,1,0,1.0,0.0
CoderEval-Java-Qwen2.5-Coder-7B-GPTQ,Qwen2.5-Coder-7B,GPTQ,636766ff1a6d9265ec017842,12.0,0,2,0,4.0,3.0
CoderEval-Java-Qwen2.5-Coder-7B-GPTQ,Qwen2.5-Coder-7B,GPTQ,636766ff1a6d9265ec017851,6.0,0,2,0,3.0,2.0
CoderEval-Java-Qwen2.5-Coder-7B-GPTQ,Qwen2.5-Coder-7B,GPTQ,636766ff1a6d9265ec017853,11.0,0,1,0,2.0,2.0
CoderEval-Java-Qwen2.5-Coder-7B-GPTQ,Qwen2.5-Coder-7B,GPTQ,636766ff1a6d9265ec01783b,0.0,0,0,0,0.0,0.0
CoderEval-Java-Qwen2.5-Coder-7B-GPTQ,Qwen2.5-Coder-7B,GPTQ,636766ff1a6d9265ec01784b,0.0,0,0,0,0.0,0.0
CoderEval-Java-Qwen2.5-Coder-7B-GPTQ,Qwen2.5-Coder-7B,GPTQ,636767001a6d9265ec017873,0.0,0,0,0,0.0,0.0
CoderEval-Java-Qwen2.5-Coder-7B-GPTQ,Qwen2.5-Coder-7B,GPTQ,636767021a6d9265ec0178b2,0.0,0,0,0,0.0,0.0
CoderEval-Java-Qwen2.5-Coder-7B-GPTQ,Qwen2.5-Coder-7B,GPTQ,636767021a6d9265ec0178bb,9.0,0,2,0,3.0,3.0
CoderEval-Java-Qwen2.5-Coder-7B-GPTQ,Qwen2.5-Coder-7B,GPTQ,636767021a6d9265ec0178bc,0.0,0,0,0,0.0,0.0
CoderEval-Java-Qwen2.5-Coder-7B-GPTQ,Qwen2.5-Coder-7B,GPTQ,636767021a6d9265ec0178bf,0.0,0,0,0,0.0,0.0
CoderEval-Java-Qwen2.5-Coder-7B-GPTQ,Qwen2.5-Coder-7B,GPTQ,636767031a6d9265ec0178dd,10.0,0,1,0,1.0,1.0
CoderEval-Java-Qwen2.5-Coder-7B-GPTQ,Qwen2.5-Coder-7B,GPTQ,636767031a6d9265ec0178e6,12.0,0,3,0,3.0,2.0
CoderEval-Java-Qwen2.5-Coder-7B-GPTQ,Qwen2.5-Coder-7B,GPTQ,636767031a6d9265ec0178ef,0.0,0,0,0,0.0,0.0
CoderEval-Java-Qwen2.5-Coder-7B-GPTQ,Qwen2.5-Coder-7B,GPTQ,636767041a6d9265ec017911,0.0,0,0,0,0.0,0.0
CoderEval-Java-Qwen2.5-Coder-7B-GPTQ,Qwen2.5-Coder-7B,GPTQ,636767041a6d9265ec0178f8,0.0,0,0,0,0.0,0.0
CoderEval-Java-Qwen2.5-Coder-7B-GPTQ,Qwen2.5-Coder-7B,GPTQ,636767041a6d9265ec01790f,12.0,0,3,0,3.0,2.0
CoderEval-Java-Qwen2.5-Coder-7B-GPTQ,Qwen2.5-Coder-7B,GPTQ,636767061a6d9265ec01794a,12.0,0,2,0,6.0,5.0
CoderEval-Java-Qwen2.5-Coder-7B-GPTQ,Qwen2.5-Coder-7B,GPTQ,636767081a6d9265ec017989,15.0,0,2,0,4.0,3.0
CoderEval-Java-Qwen2.5-Coder-7B-GPTQ,Qwen2.5-Coder-7B,GPTQ,636767081a6d9265ec0179a2,0.0,0,0,0,0.0,0.0
CoderEval-Java-Qwen2.5-Coder-7B-GPTQ,Qwen2.5-Coder-7B,GPTQ,6367670a1a6d9265ec0179cf,0.0,0,0,0,0.0,0.0
CoderEval-Java-Qwen2.5-Coder-7B-GPTQ,Qwen2.5-Coder-7B,GPTQ,6367670a1a6d9265ec0179d8,9.0,0,1,0,2.0,1.0
CoderEval-Java-Qwen2.5-Coder-7B-GPTQ,Qwen2.5-Coder-7B,GPTQ,6367670a1a6d9265ec0179d9,5.0,0,2,0,2.0,1.0
CoderEval-Java-Qwen2.5-Coder-7B-GPTQ,Qwen2.5-Coder-7B,GPTQ,6367670a1a6d9265ec0179dc,0.0,0,0,0,0.0,0.0
CoderEval-Java-Qwen2.5-Coder-7B-GPTQ,Qwen2.5-Coder-7B,GPTQ,6367670a1a6d9265ec0179e7,0.0,0,0,0,0.0,0.0
CoderEval-Java-Qwen2.5-Coder-7B-GPTQ,Qwen2.5-Coder-7B,GPTQ,6367670a1a6d9265ec0179e8,8.0,0,2,0,3.0,2.0
CoderEval-Java-Qwen2.5-Coder-7B-GPTQ,Qwen2.5-Coder-7B,GPTQ,6367670a1a6d9265ec0179f1,14.0,0,2,0,4.0,3.0
CoderEval-Java-Qwen2.5-Coder-7B-GPTQ,Qwen2.5-Coder-7B,GPTQ,6367670b1a6d9265ec0179f2,4.0,0,1,0,1.0,0.0
CoderEval-Java-Qwen2.5-Coder-7B-GPTQ,Qwen2.5-Coder-7B,GPTQ,6367670b1a6d9265ec0179fe,4.0,0,2,0,1.0,0.0
CoderEval-Java-Qwen2.5-Coder-7B-GPTQ,Qwen2.5-Coder-7B,GPTQ,6367670b1a6d9265ec0179ff,8.0,0,2,0,3.0,2.0
CoderEval-Java-Qwen2.5-Coder-7B-GPTQ,Qwen2.5-Coder-7B,GPTQ,6367670b1a6d9265ec017a00,0.0,0,0,0,0.0,0.0
CoderEval-Java-Qwen2.5-Coder-7B-GPTQ,Qwen2.5-Coder-7B,GPTQ,6367670b1a6d9265ec017a05,0.0,0,0,0,0.0,0.0
CoderEval-Java-Qwen2.5-Coder-7B-GPTQ,Qwen2.5-Coder-7B,GPTQ,6367670b1a6d9265ec017a0f,10.0,0,2,0,3.0,3.0
CoderEval-Java-Qwen2.5-Coder-7B-GPTQ,Qwen2.5-Coder-7B,GPTQ,6367670c1a6d9265ec017a35,0.0,0,0,0,0.0,0.0
CoderEval-Java-Qwen2.5-Coder-7B-GPTQ,Qwen2.5-Coder-7B,GPTQ,6367670c1a6d9265ec017a2a,15.0,0,2,0,4.0,3.0
CoderEval-Java-Qwen2.5-Coder-7B-GPTQ,Qwen2.5-Coder-7B,GPTQ,636767121a6d9265ec017b0a,0.0,0,0,0,0.0,0.0
CoderEval-Java-Qwen2.5-Coder-7B-GPTQ,Qwen2.5-Coder-7B,GPTQ,636767131a6d9265ec017b23,5.0,0,1,0,1.0,0.0
CoderEval-Java-Qwen2.5-Coder-7B-GPTQ,Qwen2.5-Coder-7B,GPTQ,636767151a6d9265ec017b6b,0.0,0,0,0,0.0,0.0
CoderEval-Java-Qwen2.5-Coder-7B-GPTQ,Qwen2.5-Coder-7B,GPTQ,636767191a6d9265ec017c0f,0.0,0,0,0,0.0,0.0
CoderEval-Java-Qwen2.5-Coder-7B-GPTQ,Qwen2.5-Coder-7B,GPTQ,6367671a1a6d9265ec017c15,11.0,0,1,0,2.0,1.0
CoderEval-Java-Qwen2.5-Coder-7B-GPTQ,Qwen2.5-Coder-7B,GPTQ,6367672d1a6d9265ec017c73,10.0,0,1,0,3.0,3.0
CoderEval-Java-Qwen2.5-Coder-7B-GPTQ,Qwen2.5-Coder-7B,GPTQ,6367672d1a6d9265ec017c74,11.0,0,1,0,2.0,2.0
CoderEval-Java-Qwen2.5-Coder-7B-GPTQ,Qwen2.5-Coder-7B,GPTQ,6367672d1a6d9265ec017c78,11.0,0,1,0,2.0,2.0
CoderEval-Java-Qwen2.5-Coder-7B-GPTQ,Qwen2.5-Coder-7B,GPTQ,636767431a6d9265ec017c88,0.0,0,0,0,0.0,0.0
CoderEval-Java-Qwen2.5-Coder-7B-GPTQ,Qwen2.5-Coder-7B,GPTQ,636767431a6d9265ec017c8d,11.0,0,2,0,3.0,2.0
CoderEval-Java-Qwen2.5-Coder-7B-GPTQ,Qwen2.5-Coder-7B,GPTQ,636767441a6d9265ec017cc1,8.0,0,1,0,1.0,0.0
CoderEval-Java-Qwen2.5-Coder-7B-GPTQ,Qwen2.5-Coder-7B,GPTQ,636767461a6d9265ec017d0e,12.0,0,1,0,2.0,1.0
CoderEval-Java-Qwen2.5-Coder-7B-GPTQ,Qwen2.5-Coder-7B,GPTQ,636767491a6d9265ec017d90,10.0,0,3,0,5.0,3.0
CoderEval-Java-Qwen2.5-Coder-7B-GPTQ,Qwen2.5-Coder-7B,GPTQ,6367674a1a6d9265ec017da9,17.0,0,1,0,3.0,4.0
CoderEval-Java-Qwen2.5-Coder-7B-GPTQ,Qwen2.5-Coder-7B,GPTQ,6367674a1a6d9265ec017dab,4.0,0,2,0,2.0,1.0
CoderEval-Java-Qwen2.5-Coder-7B-GPTQ,Qwen2.5-Coder-7B,GPTQ,6367674b1a6d9265ec017dc0,12.0,0,1,0,2.0,1.0
CoderEval-Java-Qwen2.5-Coder-7B-GPTQ,Qwen2.5-Coder-7B,GPTQ,6367674f1a6d9265ec017e74,0.0,0,0,0,0.0,0.0
CoderEval-Java-Qwen2.5-Coder-7B-GPTQ,Qwen2.5-Coder-7B,GPTQ,636767501a6d9265ec017e86,4.0,0,1,0,1.0,0.0
CoderEval-Java-Qwen2.5-Coder-7B-GPTQ,Qwen2.5-Coder-7B,GPTQ,636767511a6d9265ec017eb0,0.0,0,0,0,0.0,0.0
CoderEval-Java-Qwen2.5-Coder-7B-GPTQ,Qwen2.5-Coder-7B,GPTQ,636767511a6d9265ec017eb6,13.0,0,2,0,4.0,4.0
CoderEval-Java-Qwen2.5-Coder-7B-GPTQ,Qwen2.5-Coder-7B,GPTQ,636767521a6d9265ec017ecc,8.0,0,2,0,1.0,0.0
CoderEval-Java-Qwen2.5-Coder-7B-GPTQ,Qwen2.5-Coder-7B,GPTQ,636767531a6d9265ec017ef1,9.0,0,3,0,3.0,3.0
CoderEval-Java-Qwen2.5-Coder-7B-GPTQ,Qwen2.5-Coder-7B,GPTQ,636767551a6d9265ec017f3f,7.0,0,2,0,1.0,0.0
CoderEval-Java-Qwen2.5-Coder-7B-GPTQ,Qwen2.5-Coder-7B,GPTQ,636767561a6d9265ec017f63,4.0,0,1,0,1.0,0.0
CoderEval-Java-Qwen2.5-Coder-7B-GPTQ,Qwen2.5-Coder-7B,GPTQ,636767561a6d9265ec017f7c,40.0,0,1,0,9.0,7.0
CoderEval-Java-Qwen2.5-Coder-7B-GPTQ,Qwen2.5-Coder-7B,GPTQ,636767581a6d9265ec017fb4,0.0,0,0,0,0.0,0.0
CoderEval-Java-Qwen2.5-Coder-7B-GPTQ,Qwen2.5-Coder-7B,GPTQ,636767581a6d9265ec017fc4,6.0,0,2,0,2.0,2.0
CoderEval-Java-Qwen2.5-Coder-7B-GPTQ,Qwen2.5-Coder-7B,GPTQ,6367675c1a6d9265ec018058,4.0,0,2,0,2.0,0.0
CoderEval-Java-Qwen2.5-Coder-7B-GPTQ,Qwen2.5-Coder-7B,GPTQ,6367675c1a6d9265ec01805b,10.0,0,1,0,3.0,2.0
CoderEval-Java-Qwen2.5-Coder-7B-GPTQ,Qwen2.5-Coder-7B,GPTQ,6367675d1a6d9265ec018082,4.0,0,1,0,1.0,0.0
CoderEval-Java-Qwen2.5-Coder-7B-GPTQ,Qwen2.5-Coder-7B,GPTQ,6367675f1a6d9265ec0180cf,12.0,0,3,0,4.0,6.0
CoderEval-Java-Qwen2.5-Coder-7B-GPTQ,Qwen2.5-Coder-7B,GPTQ,6367675f1a6d9265ec0180d3,4.0,0,3,0,1.0,0.0
CoderEval-Java-Qwen2.5-Coder-7B-GPTQ,Qwen2.5-Coder-7B,GPTQ,636767601a6d9265ec0180e2,13.0,0,1,0,3.0,3.0
CoderEval-Java-Qwen2.5-Coder-7B-GPTQ,Qwen2.5-Coder-7B,GPTQ,636767611a6d9265ec018112,9.0,0,1,0,2.0,2.0
CoderEval-Java-Qwen2.5-Coder-7B-GPTQ,Qwen2.5-Coder-7B,GPTQ,636767611a6d9265ec018116,0.0,0,0,0,0.0,0.0
CoderEval-Java-Qwen2.5-Coder-7B-GPTQ,Qwen2.5-Coder-7B,GPTQ,636767631a6d9265ec018171,0.0,0,0,0,0.0,0.0
CoderEval-Java-Qwen2.5-Coder-7B-GPTQ,Qwen2.5-Coder-7B,GPTQ,636767691a6d9265ec0181a6,7.0,0,5,0,1.0,0.0
CoderEval-Java-Qwen2.5-Coder-7B-GPTQ,Qwen2.5-Coder-7B,GPTQ,636767691a6d9265ec0181a7,6.0,0,4,0,1.0,0.0
CoderEval-Java-Qwen2.5-Coder-7B-GPTQ,Qwen2.5-Coder-7B,GPTQ,636767691a6d9265ec0181aa,0.0,0,0,0,0.0,0.0
CoderEval-Java-Qwen2.5-Coder-7B-GPTQ,Qwen2.5-Coder-7B,GPTQ,636767691a6d9265ec0181ac,16.0,0,2,0,5.0,4.0
CoderEval-Java-Qwen2.5-Coder-7B-GPTQ,Qwen2.5-Coder-7B,GPTQ,6367676a1a6d9265ec0181bf,9.0,0,2,0,2.0,2.0
CoderEval-Java-Qwen2.5-Coder-7B-GPTQ,Qwen2.5-Coder-7B,GPTQ,6367676a1a6d9265ec0181cd,0.0,0,0,0,0.0,0.0
CoderEval-Java-Qwen2.5-Coder-7B-GPTQ,Qwen2.5-Coder-7B,GPTQ,6367676a1a6d9265ec0181d4,10.0,0,3,0,2.0,1.0
CoderEval-Java-Qwen2.5-Coder-7B-GPTQ,Qwen2.5-Coder-7B,GPTQ,6367676b1a6d9265ec0181dd,0.0,0,0,0,0.0,0.0
CoderEval-Java-Qwen2.5-Coder-7B-GPTQ,Qwen2.5-Coder-7B,GPTQ,6367676b1a6d9265ec0181df,8.0,0,3,0,1.0,0.0
CoderEval-Java-Qwen2.5-Coder-7B-GPTQ,Qwen2.5-Coder-7B,GPTQ,6367676b1a6d9265ec0181e2,0.0,0,0,0,0.0,0.0
CoderEval-Java-Qwen2.5-Coder-7B-GPTQ,Qwen2.5-Coder-7B,GPTQ,6367676b1a6d9265ec0181e9,0.0,0,0,0,0.0,0.0
CoderEval-Java-Qwen2.5-Coder-7B-GPTQ,Qwen2.5-Coder-7B,GPTQ,6367676b1a6d9265ec0181ee,0.0,0,0,0,0.0,0.0
CoderEval-Java-Qwen2.5-Coder-7B-GPTQ,Qwen2.5-Coder-7B,GPTQ,6367676c1a6d9265ec018204,8.0,0,2,0,1.0,0.0
CoderEval-Java-Qwen2.5-Coder-7B-GPTQ,Qwen2.5-Coder-7B,GPTQ,6367676c1a6d9265ec018220,7.0,0,5,0,1.0,0.0
CoderEval-Java-Qwen2.5-Coder-7B-GPTQ,Qwen2.5-Coder-7B,GPTQ,6367676c1a6d9265ec018223,13.0,0,2,0,5.0,5.0
CoderEval-Java-Qwen2.5-Coder-7B-GPTQ,Qwen2.5-Coder-7B,GPTQ,6367676c1a6d9265ec01820b,11.0,0,3,0,3.0,3.0
CoderEval-Java-Qwen2.5-Coder-7B-GPTQ,Qwen2.5-Coder-7B,GPTQ,6367676d1a6d9265ec018229,8.0,0,2,0,2.0,1.0
CoderEval-Java-Qwen2.5-Coder-7B-GPTQ,Qwen2.5-Coder-7B,GPTQ,636767781a6d9265ec018250,0.0,0,0,0,0.0,0.0
CoderEval-Java-Qwen2.5-Coder-7B-GPTQ,Qwen2.5-Coder-7B,GPTQ,636767791a6d9265ec01826d,14.0,0,2,0,2.0,3.0
CoderEval-Java-Qwen2.5-Coder-7B-GPTQ,Qwen2.5-Coder-7B,GPTQ,6367677b1a6d9265ec0182bd,0.0,0,0,0,0.0,0.0
CoderEval-Java-Qwen2.5-Coder-7B-GPTQ,Qwen2.5-Coder-7B,GPTQ,6367677d1a6d9265ec0182fd,13.0,0,6,0,1.0,0.0
CoderEval-Java-Qwen2.5-Coder-7B-GPTQ,Qwen2.5-Coder-7B,GPTQ,6367677e1a6d9265ec01830f,44.0,0,1,0,10.0,10.0
CoderEval-Java-Qwen2.5-Coder-7B-GPTQ,Qwen2.5-Coder-7B,GPTQ,6367677e1a6d9265ec01832e,9.0,0,1,0,2.0,2.0
CoderEval-Java-Qwen2.5-Coder-7B-GPTQ,Qwen2.5-Coder-7B,GPTQ,6367677f1a6d9265ec018347,12.0,0,2,0,2.0,3.0
CoderEval-Java-Qwen2.5-Coder-7B-GPTQ,Qwen2.5-Coder-7B,GPTQ,6367677f1a6d9265ec01834b,13.0,0,2,0,2.0,3.0
CoderEval-Java-Qwen2.5-Coder-7B-GPTQ,Qwen2.5-Coder-7B,GPTQ,636767821a6d9265ec0183a0,0.0,0,0,0,0.0,0.0
CoderEval-Java-Qwen2.5-Coder-7B-GPTQ,Qwen2.5-Coder-7B,GPTQ,636767821a6d9265ec0183ab,5.0,0,1,0,1.0,0.0
CoderEval-Java-Qwen2.5-Coder-7B-GPTQ,Qwen2.5-Coder-7B,GPTQ,636767831a6d9265ec0183c9,5.0,0,2,0,1.0,0.0
CoderEval-Java-Qwen2.5-Coder-7B-GPTQ,Qwen2.5-Coder-7B,GPTQ,636767841a6d9265ec0183e8,0.0,0,0,0,0.0,0.0
CoderEval-Java-Qwen2.5-Coder-7B-GPTQ,Qwen2.5-Coder-7B,GPTQ,636767861a6d9265ec018440,0.0,0,0,0,0.0,0.0
CoderEval-Java-Qwen2.5-Coder-7B-GPTQ,Qwen2.5-Coder-7B,GPTQ,636767861a6d9265ec01844c,12.0,0,1,0,3.0,3.0
CoderEval-Java-Qwen2.5-Coder-7B-GPTQ,Qwen2.5-Coder-7B,GPTQ,636767871a6d9265ec01846d,16.0,0,5,0,3.0,5.0
CoderEval-Java-Qwen2.5-Coder-7B-GPTQ,Qwen2.5-Coder-7B,GPTQ,636767a21a6d9265ec018517,21.0,0,1,0,4.0,5.0
CoderEval-Java-Qwen2.5-Coder-7B-GPTQ,Qwen2.5-Coder-7B,GPTQ,636767a31a6d9265ec018552,11.0,0,1,0,2.0,1.0
CoderEval-Java-Qwen2.5-Coder-7B-GPTQ,Qwen2.5-Coder-7B,GPTQ,636767a31a6d9265ec01854f,8.0,0,1,0,2.0,1.0
CoderEval-Java-Qwen2.5-Coder-7B-GPTQ,Qwen2.5-Coder-7B,GPTQ,636767a41a6d9265ec018572,0.0,0,0,0,0.0,0.0
CoderEval-Java-Qwen2.5-Coder-7B-GPTQ,Qwen2.5-Coder-7B,GPTQ,636767a41a6d9265ec018582,9.0,0,2,0,1.0,0.0
CoderEval-Java-Qwen2.5-Coder-7B-GPTQ,Qwen2.5-Coder-7B,GPTQ,636767a41a6d9265ec01856c,0.0,0,0,0,0.0,0.0
CoderEval-Java-Qwen2.5-Coder-7B-GPTQ,Qwen2.5-Coder-7B,GPTQ,636767a41a6d9265ec01857e,5.0,0,3,0,3.0,3.0
CoderEval-Java-Qwen2.5-Coder-7B-GPTQ,Qwen2.5-Coder-7B,GPTQ,636767a51a6d9265ec01859d,9.0,0,2,0,4.0,4.0
CoderEval-Java-Qwen2.5-Coder-7B-GPTQ,Qwen2.5-Coder-7B,GPTQ,636767a61a6d9265ec0185b7,5.0,0,2,0,1.0,0.0
CoderEval-Java-Qwen2.5-Coder-7B-GPTQ,Qwen2.5-Coder-7B,GPTQ,636767a81a6d9265ec0185fc,0.0,0,0,0,0.0,0.0
CoderEval-Java-Qwen2.5-Coder-7B-GPTQ,Qwen2.5-Coder-7B,GPTQ,636767aa1a6d9265ec01864a,0.0,0,0,0,0.0,0.0
CoderEval-Java-Qwen2.5-Coder-7B-GPTQ,Qwen2.5-Coder-7B,GPTQ,636767ab1a6d9265ec018676,0.0,0,0,0,0.0,0.0
CoderEval-Java-Qwen2.5-Coder-7B-GPTQ,Qwen2.5-Coder-7B,GPTQ,636767dc1a6d9265ec0186be,0.0,0,0,0,0.0,0.0
CoderEval-Java-Qwen2.5-Coder-7B-GPTQ,Qwen2.5-Coder-7B,GPTQ,636767dc1a6d9265ec0186cb,0.0,0,0,0,0.0,0.0
CoderEval-Java-Qwen2.5-Coder-7B-GPTQ,Qwen2.5-Coder-7B,GPTQ,636767dd1a6d9265ec0186de,4.0,0,2,0,1.0,0.0
CoderEval-Java-Qwen2.5-Coder-7B-GPTQ,Qwen2.5-Coder-7B,GPTQ,636767dd1a6d9265ec0186e5,0.0,0,0,0,0.0,0.0
CoderEval-Java-Qwen2.5-Coder-7B-GPTQ,Qwen2.5-Coder-7B,GPTQ,636767dd1a6d9265ec0186f3,0.0,0,0,0,0.0,0.0
CoderEval-Java-Qwen2.5-Coder-7B-GPTQ,Qwen2.5-Coder-7B,GPTQ,636767de1a6d9265ec01871c,0.0,0,0,0,0.0,0.0
CoderEval-Java-Qwen2.5-Coder-7B-GPTQ,Qwen2.5-Coder-7B,GPTQ,636767df1a6d9265ec018744,0.0,0,0,0,0.0,0.0
CoderEval-Java-Qwen2.5-Coder-7B-GPTQ,Qwen2.5-Coder-7B,GPTQ,636767df1a6d9265ec01873c,4.0,0,1,0,1.0,0.0
CoderEval-Java-Qwen2.5-Coder-7B-GPTQ,Qwen2.5-Coder-7B,GPTQ,636767e01a6d9265ec018755,25.0,0,1,0,6.0,13.0
CoderEval-Java-Qwen2.5-Coder-7B-GPTQ,Qwen2.5-Coder-7B,GPTQ,636767e01a6d9265ec018764,0.0,0,0,0,0.0,0.0
CoderEval-Java-Qwen2.5-Coder-7B-GPTQ,Qwen2.5-Coder-7B,GPTQ,636767e11a6d9265ec018781,0.0,0,0,0,0.0,0.0
CoderEval-Java-Qwen2.5-Coder-7B-GPTQ,Qwen2.5-Coder-7B,GPTQ,636767e11a6d9265ec018795,0.0,0,0,0,0.0,0.0
CoderEval-Java-Qwen2.5-Coder-7B-QUIP,Qwen2.5-Coder-7B,QUIP,6367667d1a6d9265ec017401,0.0,0,0,0,0.0,0.0
CoderEval-Java-Qwen2.5-Coder-7B-QUIP,Qwen2.5-Coder-7B,QUIP,6367667d1a6d9265ec01741d,0.0,0,0,0,0.0,0.0
CoderEval-Java-Qwen2.5-Coder-7B-QUIP,Qwen2.5-Coder-7B,QUIP,6367667e1a6d9265ec01743a,9.0,0,1,0,2.0,2.0
CoderEval-Java-Qwen2.5-Coder-7B-QUIP,Qwen2.5-Coder-7B,QUIP,6367667f1a6d9265ec017457,0.0,0,0,0,0.0,0.0
CoderEval-Java-Qwen2.5-Coder-7B-QUIP,Qwen2.5-Coder-7B,QUIP,6367667f1a6d9265ec01745d,23.0,0,3,0,5.0,7.0
CoderEval-Java-Qwen2.5-Coder-7B-QUIP,Qwen2.5-Coder-7B,QUIP,636766801a6d9265ec017487,5.0,0,2,0,1.0,0.0
CoderEval-Java-Qwen2.5-Coder-7B-QUIP,Qwen2.5-Coder-7B,QUIP,636766821a6d9265ec0174b6,0.0,0,0,0,0.0,0.0
CoderEval-Java-Qwen2.5-Coder-7B-QUIP,Qwen2.5-Coder-7B,QUIP,636766821a6d9265ec0174bf,7.0,0,2,0,1.0,0.0
CoderEval-Java-Qwen2.5-Coder-7B-QUIP,Qwen2.5-Coder-7B,QUIP,636766821a6d9265ec0174c9,0.0,0,0,0,0.0,0.0
CoderEval-Java-Qwen2.5-Coder-7B-QUIP,Qwen2.5-Coder-7B,QUIP,636766831a6d9265ec0174eb,7.0,0,1,0,2.0,1.0
CoderEval-Java-Qwen2.5-Coder-7B-QUIP,Qwen2.5-Coder-7B,QUIP,636766851a6d9265ec01751b,5.0,0,4,0,7.0,9.0
CoderEval-Java-Qwen2.5-Coder-7B-QUIP,Qwen2.5-Coder-7B,QUIP,636766861a6d9265ec017553,5.0,0,1,0,1.0,0.0
CoderEval-Java-Qwen2.5-Coder-7B-QUIP,Qwen2.5-Coder-7B,QUIP,636766861a6d9265ec01755a,5.0,0,1,0,1.0,0.0
CoderEval-Java-Qwen2.5-Coder-7B-QUIP,Qwen2.5-Coder-7B,QUIP,636766a81a6d9265ec017586,9.0,0,1,0,3.0,3.0
CoderEval-Java-Qwen2.5-Coder-7B-QUIP,Qwen2.5-Coder-7B,QUIP,636766a81a6d9265ec017595,0.0,0,0,0,0.0,0.0
CoderEval-Java-Qwen2.5-Coder-7B-QUIP,Qwen2.5-Coder-7B,QUIP,636766a81a6d9265ec01758e,0.0,0,0,0,0.0,0.0
CoderEval-Java-Qwen2.5-Coder-7B-QUIP,Qwen2.5-Coder-7B,QUIP,636766a91a6d9265ec0175ae,21.0,0,1,0,6.0,5.0
CoderEval-Java-Qwen2.5-Coder-7B-QUIP,Qwen2.5-Coder-7B,QUIP,636766a91a6d9265ec0175c1,0.0,0,0,0,0.0,0.0
CoderEval-Java-Qwen2.5-Coder-7B-QUIP,Qwen2.5-Coder-7B,QUIP,636766a91a6d9265ec0175c2,4.0,0,1,0,1.0,0.0
CoderEval-Java-Qwen2.5-Coder-7B-QUIP,Qwen2.5-Coder-7B,QUIP,636766a91a6d9265ec0175c4,0.0,0,0,0,0.0,0.0
CoderEval-Java-Qwen2.5-Coder-7B-QUIP,Qwen2.5-Coder-7B,QUIP,636766aa1a6d9265ec0175ce,4.0,0,1,0,1.0,0.0
CoderEval-Java-Qwen2.5-Coder-7B-QUIP,Qwen2.5-Coder-7B,QUIP,636766ae1a6d9265ec0175d8,0.0,0,0,0,0.0,0.0
CoderEval-Java-Qwen2.5-Coder-7B-QUIP,Qwen2.5-Coder-7B,QUIP,636766ae1a6d9265ec0175dc,5.0,0,1,0,1.0,0.0
CoderEval-Java-Qwen2.5-Coder-7B-QUIP,Qwen2.5-Coder-7B,QUIP,636766f01a6d9265ec017639,6.0,0,4,0,2.0,1.0
CoderEval-Java-Qwen2.5-Coder-7B-QUIP,Qwen2.5-Coder-7B,QUIP,636766f01a6d9265ec01762e,8.0,0,2,0,2.0,1.0
CoderEval-Java-Qwen2.5-Coder-7B-QUIP,Qwen2.5-Coder-7B,QUIP,636766f01a6d9265ec01763e,24.0,0,3,0,11.0,10.0
CoderEval-Java-Qwen2.5-Coder-7B-QUIP,Qwen2.5-Coder-7B,QUIP,636766f11a6d9265ec017641,4.0,0,1,0,1.0,0.0
CoderEval-Java-Qwen2.5-Coder-7B-QUIP,Qwen2.5-Coder-7B,QUIP,636766f11a6d9265ec017651,8.0,0,2,0,3.0,2.0
CoderEval-Java-Qwen2.5-Coder-7B-QUIP,Qwen2.5-Coder-7B,QUIP,636766f11a6d9265ec017658,8.0,0,2,0,2.0,1.0
CoderEval-Java-Qwen2.5-Coder-7B-QUIP,Qwen2.5-Coder-7B,QUIP,636766f11a6d9265ec017663,7.0,0,3,0,5.0,4.0
CoderEval-Java-Qwen2.5-Coder-7B-QUIP,Qwen2.5-Coder-7B,QUIP,636766f11a6d9265ec01764f,0.0,0,0,0,0.0,0.0
CoderEval-Java-Qwen2.5-Coder-7B-QUIP,Qwen2.5-Coder-7B,QUIP,636766f21a6d9265ec017667,0.0,0,0,0,0.0,0.0
CoderEval-Java-Qwen2.5-Coder-7B-QUIP,Qwen2.5-Coder-7B,QUIP,636766f21a6d9265ec017677,5.0,0,2,0,1.0,0.0
CoderEval-Java-Qwen2.5-Coder-7B-QUIP,Qwen2.5-Coder-7B,QUIP,636766f21a6d9265ec01767d,0.0,0,0,0,0.0,0.0
CoderEval-Java-Qwen2.5-Coder-7B-QUIP,Qwen2.5-Coder-7B,QUIP,636766f31a6d9265ec01768f,0.0,0,0,0,0.0,0.0
CoderEval-Java-Qwen2.5-Coder-7B-QUIP,Qwen2.5-Coder-7B,QUIP,636766f61a6d9265ec017701,0.0,0,0,0,0.0,0.0
CoderEval-Java-Qwen2.5-Coder-7B-QUIP,Qwen2.5-Coder-7B,QUIP,636766f71a6d9265ec017730,9.0,0,2,0,2.0,2.0
CoderEval-Java-Qwen2.5-Coder-7B-QUIP,Qwen2.5-Coder-7B,QUIP,636766f81a6d9265ec017758,4.0,0,1,0,1.0,0.0
CoderEval-Java-Qwen2.5-Coder-7B-QUIP,Qwen2.5-Coder-7B,QUIP,636766f81a6d9265ec01775b,0.0,0,0,0,0.0,0.0
CoderEval-Java-Qwen2.5-Coder-7B-QUIP,Qwen2.5-Coder-7B,QUIP,636766f81a6d9265ec01775c,8.0,0,2,0,2.0,1.0
CoderEval-Java-Qwen2.5-Coder-7B-QUIP,Qwen2.5-Coder-7B,QUIP,636766f91a6d9265ec01776e,10.0,0,2,0,3.0,2.0
CoderEval-Java-Qwen2.5-Coder-7B-QUIP,Qwen2.5-Coder-7B,QUIP,636766f91a6d9265ec01777d,11.0,0,2,0,7.0,6.0
CoderEval-Java-Qwen2.5-Coder-7B-QUIP,Qwen2.5-Coder-7B,QUIP,636766f91a6d9265ec01777f,5.0,0,2,0,2.0,1.0
CoderEval-Java-Qwen2.5-Coder-7B-QUIP,Qwen2.5-Coder-7B,QUIP,636766fa1a6d9265ec017796,9.0,0,2,0,2.0,1.0
CoderEval-Java-Qwen2.5-Coder-7B-QUIP,Qwen2.5-Coder-7B,QUIP,636766fa1a6d9265ec01779c,26.0,0,3,0,10.0,22.0
CoderEval-Java-Qwen2.5-Coder-7B-QUIP,Qwen2.5-Coder-7B,QUIP,636766fa1a6d9265ec01779d,5.0,0,2,0,1.0,0.0
CoderEval-Java-Qwen2.5-Coder-7B-QUIP,Qwen2.5-Coder-7B,QUIP,636766fa1a6d9265ec0177a4,9.0,0,2,0,2.0,1.0
CoderEval-Java-Qwen2.5-Coder-7B-QUIP,Qwen2.5-Coder-7B,QUIP,636766fa1a6d9265ec0177a9,5.0,0,1,0,1.0,0.0
CoderEval-Java-Qwen2.5-Coder-7B-QUIP,Qwen2.5-Coder-7B,QUIP,636766fb1a6d9265ec0177c1,0.0,0,0,0,0.0,0.0
CoderEval-Java-Qwen2.5-Coder-7B-QUIP,Qwen2.5-Coder-7B,QUIP,636766fb1a6d9265ec0177c3,0.0,0,0,0,0.0,0.0
CoderEval-Java-Qwen2.5-Coder-7B-QUIP,Qwen2.5-Coder-7B,QUIP,636766fc1a6d9265ec0177da,5.0,0,2,0,4.0,1.0
CoderEval-Java-Qwen2.5-Coder-7B-QUIP,Qwen2.5-Coder-7B,QUIP,636766fc1a6d9265ec0177ef,0.0,0,0,0,0.0,0.0
CoderEval-Java-Qwen2.5-Coder-7B-QUIP,Qwen2.5-Coder-7B,QUIP,636766fd1a6d9265ec017814,10.0,0,3,0,7.0,7.0
CoderEval-Java-Qwen2.5-Coder-7B-QUIP,Qwen2.5-Coder-7B,QUIP,636766fe1a6d9265ec017821,0.0,0,0,0,0.0,0.0
CoderEval-Java-Qwen2.5-Coder-7B-QUIP,Qwen2.5-Coder-7B,QUIP,636766fe1a6d9265ec017834,0.0,0,0,0,0.0,0.0
CoderEval-Java-Qwen2.5-Coder-7B-QUIP,Qwen2.5-Coder-7B,QUIP,636766fe1a6d9265ec017838,15.0,0,2,0,4.0,3.0
CoderEval-Java-Qwen2.5-Coder-7B-QUIP,Qwen2.5-Coder-7B,QUIP,636766fe1a6d9265ec01781c,0.0,0,0,0,0.0,0.0
CoderEval-Java-Qwen2.5-Coder-7B-QUIP,Qwen2.5-Coder-7B,QUIP,636766fe1a6d9265ec01782a,0.0,0,0,0,0.0,0.0
CoderEval-Java-Qwen2.5-Coder-7B-QUIP,Qwen2.5-Coder-7B,QUIP,636766ff1a6d9265ec017842,12.0,0,3,0,3.0,2.0
CoderEval-Java-Qwen2.5-Coder-7B-QUIP,Qwen2.5-Coder-7B,QUIP,636766ff1a6d9265ec017851,0.0,0,0,0,0.0,0.0
CoderEval-Java-Qwen2.5-Coder-7B-QUIP,Qwen2.5-Coder-7B,QUIP,636766ff1a6d9265ec017853,0.0,0,0,0,0.0,0.0
CoderEval-Java-Qwen2.5-Coder-7B-QUIP,Qwen2.5-Coder-7B,QUIP,636766ff1a6d9265ec01783b,0.0,0,0,0,0.0,0.0
CoderEval-Java-Qwen2.5-Coder-7B-QUIP,Qwen2.5-Coder-7B,QUIP,636766ff1a6d9265ec01784b,0.0,0,0,0,0.0,0.0
CoderEval-Java-Qwen2.5-Coder-7B-QUIP,Qwen2.5-Coder-7B,QUIP,636767001a6d9265ec017873,12.0,0,2,0,3.0,2.0
CoderEval-Java-Qwen2.5-Coder-7B-QUIP,Qwen2.5-Coder-7B,QUIP,636767021a6d9265ec0178b2,17.0,0,1,0,6.0,6.0
CoderEval-Java-Qwen2.5-Coder-7B-QUIP,Qwen2.5-Coder-7B,QUIP,636767021a6d9265ec0178bb,0.0,0,0,0,0.0,0.0
CoderEval-Java-Qwen2.5-Coder-7B-QUIP,Qwen2.5-Coder-7B,QUIP,636767021a6d9265ec0178bc,5.0,0,2,0,1.0,0.0
CoderEval-Java-Qwen2.5-Coder-7B-QUIP,Qwen2.5-Coder-7B,QUIP,636767021a6d9265ec0178bf,0.0,0,0,0,0.0,0.0
CoderEval-Java-Qwen2.5-Coder-7B-QUIP,Qwen2.5-Coder-7B,QUIP,636767031a6d9265ec0178dd,10.0,0,2,0,1.0,1.0
CoderEval-Java-Qwen2.5-Coder-7B-QUIP,Qwen2.5-Coder-7B,QUIP,636767031a6d9265ec0178e6,0.0,0,0,0,0.0,0.0
CoderEval-Java-Qwen2.5-Coder-7B-QUIP,Qwen2.5-Coder-7B,QUIP,636767031a6d9265ec0178ef,0.0,0,0,0,0.0,0.0
CoderEval-Java-Qwen2.5-Coder-7B-QUIP,Qwen2.5-Coder-7B,QUIP,636767041a6d9265ec017911,0.0,0,0,0,0.0,0.0
CoderEval-Java-Qwen2.5-Coder-7B-QUIP,Qwen2.5-Coder-7B,QUIP,636767041a6d9265ec0178f8,0.0,0,0,0,0.0,0.0
CoderEval-Java-Qwen2.5-Coder-7B-QUIP,Qwen2.5-Coder-7B,QUIP,636767041a6d9265ec01790f,9.0,0,2,0,2.0,1.0
CoderEval-Java-Qwen2.5-Coder-7B-QUIP,Qwen2.5-Coder-7B,QUIP,636767061a6d9265ec01794a,8.0,0,2,0,4.0,2.0
CoderEval-Java-Qwen2.5-Coder-7B-QUIP,Qwen2.5-Coder-7B,QUIP,636767081a6d9265ec017989,11.0,0,4,0,4.0,3.0
CoderEval-Java-Qwen2.5-Coder-7B-QUIP,Qwen2.5-Coder-7B,QUIP,636767081a6d9265ec0179a2,8.0,0,2,0,3.0,3.0
CoderEval-Java-Qwen2.5-Coder-7B-QUIP,Qwen2.5-Coder-7B,QUIP,6367670a1a6d9265ec0179cf,5.0,0,2,0,2.0,1.0
CoderEval-Java-Qwen2.5-Coder-7B-QUIP,Qwen2.5-Coder-7B,QUIP,6367670a1a6d9265ec0179d8,4.0,0,1,0,1.0,0.0
CoderEval-Java-Qwen2.5-Coder-7B-QUIP,Qwen2.5-Coder-7B,QUIP,6367670a1a6d9265ec0179d9,8.0,0,2,0,2.0,1.0
CoderEval-Java-Qwen2.5-Coder-7B-QUIP,Qwen2.5-Coder-7B,QUIP,6367670a1a6d9265ec0179dc,0.0,0,0,0,0.0,0.0
CoderEval-Java-Qwen2.5-Coder-7B-QUIP,Qwen2.5-Coder-7B,QUIP,6367670a1a6d9265ec0179e7,10.0,0,1,0,3.0,3.0
CoderEval-Java-Qwen2.5-Coder-7B-QUIP,Qwen2.5-Coder-7B,QUIP,6367670a1a6d9265ec0179e8,0.0,0,0,0,0.0,0.0
CoderEval-Java-Qwen2.5-Coder-7B-QUIP,Qwen2.5-Coder-7B,QUIP,6367670a1a6d9265ec0179f1,9.0,0,2,0,2.0,1.0
CoderEval-Java-Qwen2.5-Coder-7B-QUIP,Qwen2.5-Coder-7B,QUIP,6367670b1a6d9265ec0179f2,4.0,0,1,0,1.0,0.0
CoderEval-Java-Qwen2.5-Coder-7B-QUIP,Qwen2.5-Coder-7B,QUIP,6367670b1a6d9265ec0179fe,4.0,0,2,0,1.0,0.0
CoderEval-Java-Qwen2.5-Coder-7B-QUIP,Qwen2.5-Coder-7B,QUIP,6367670b1a6d9265ec0179ff,4.0,0,2,0,3.0,2.0
CoderEval-Java-Qwen2.5-Coder-7B-QUIP,Qwen2.5-Coder-7B,QUIP,6367670b1a6d9265ec017a00,0.0,0,0,0,0.0,0.0
CoderEval-Java-Qwen2.5-Coder-7B-QUIP,Qwen2.5-Coder-7B,QUIP,6367670b1a6d9265ec017a05,5.0,0,2,0,1.0,0.0
CoderEval-Java-Qwen2.5-Coder-7B-QUIP,Qwen2.5-Coder-7B,QUIP,6367670b1a6d9265ec017a0f,0.0,0,0,0,0.0,0.0
CoderEval-Java-Qwen2.5-Coder-7B-QUIP,Qwen2.5-Coder-7B,QUIP,6367670c1a6d9265ec017a35,12.0,0,2,0,4.0,4.0
CoderEval-Java-Qwen2.5-Coder-7B-QUIP,Qwen2.5-Coder-7B,QUIP,6367670c1a6d9265ec017a2a,11.0,0,4,0,4.0,3.0
CoderEval-Java-Qwen2.5-Coder-7B-QUIP,Qwen2.5-Coder-7B,QUIP,636767121a6d9265ec017b0a,12.0,0,1,0,3.0,3.0
CoderEval-Java-Qwen2.5-Coder-7B-QUIP,Qwen2.5-Coder-7B,QUIP,636767131a6d9265ec017b23,5.0,0,1,0,1.0,0.0
CoderEval-Java-Qwen2.5-Coder-7B-QUIP,Qwen2.5-Coder-7B,QUIP,636767151a6d9265ec017b6b,0.0,0,0,0,0.0,0.0
CoderEval-Java-Qwen2.5-Coder-7B-QUIP,Qwen2.5-Coder-7B,QUIP,636767191a6d9265ec017c0f,0.0,0,0,0,0.0,0.0
CoderEval-Java-Qwen2.5-Coder-7B-QUIP,Qwen2.5-Coder-7B,QUIP,6367671a1a6d9265ec017c15,20.0,0,1,0,7.0,5.0
CoderEval-Java-Qwen2.5-Coder-7B-QUIP,Qwen2.5-Coder-7B,QUIP,6367672d1a6d9265ec017c73,9.0,0,1,0,3.0,2.0
CoderEval-Java-Qwen2.5-Coder-7B-QUIP,Qwen2.5-Coder-7B,QUIP,6367672d1a6d9265ec017c74,4.0,0,2,0,1.0,0.0
CoderEval-Java-Qwen2.5-Coder-7B-QUIP,Qwen2.5-Coder-7B,QUIP,6367672d1a6d9265ec017c78,9.0,0,1,0,2.0,1.0
CoderEval-Java-Qwen2.5-Coder-7B-QUIP,Qwen2.5-Coder-7B,QUIP,636767431a6d9265ec017c88,9.0,0,1,0,2.0,1.0
CoderEval-Java-Qwen2.5-Coder-7B-QUIP,Qwen2.5-Coder-7B,QUIP,636767431a6d9265ec017c8d,10.0,0,1,0,2.0,1.0
CoderEval-Java-Qwen2.5-Coder-7B-QUIP,Qwen2.5-Coder-7B,QUIP,636767441a6d9265ec017cc1,8.0,0,1,0,1.0,0.0
CoderEval-Java-Qwen2.5-Coder-7B-QUIP,Qwen2.5-Coder-7B,QUIP,636767461a6d9265ec017d0e,12.0,0,1,0,2.0,1.0
CoderEval-Java-Qwen2.5-Coder-7B-QUIP,Qwen2.5-Coder-7B,QUIP,636767491a6d9265ec017d90,12.0,0,2,0,5.0,3.0
CoderEval-Java-Qwen2.5-Coder-7B-QUIP,Qwen2.5-Coder-7B,QUIP,6367674a1a6d9265ec017da9,13.0,0,1,0,2.0,1.0
CoderEval-Java-Qwen2.5-Coder-7B-QUIP,Qwen2.5-Coder-7B,QUIP,6367674a1a6d9265ec017dab,4.0,0,2,0,2.0,1.0
CoderEval-Java-Qwen2.5-Coder-7B-QUIP,Qwen2.5-Coder-7B,QUIP,6367674b1a6d9265ec017dc0,12.0,0,2,0,2.0,1.0
CoderEval-Java-Qwen2.5-Coder-7B-QUIP,Qwen2.5-Coder-7B,QUIP,6367674f1a6d9265ec017e74,5.0,0,1,0,1.0,0.0
CoderEval-Java-Qwen2.5-Coder-7B-QUIP,Qwen2.5-Coder-7B,QUIP,636767501a6d9265ec017e86,4.0,0,1,0,1.0,0.0
CoderEval-Java-Qwen2.5-Coder-7B-QUIP,Qwen2.5-Coder-7B,QUIP,636767511a6d9265ec017eb0,11.0,0,1,0,3.0,3.0
CoderEval-Java-Qwen2.5-Coder-7B-QUIP,Qwen2.5-Coder-7B,QUIP,636767511a6d9265ec017eb6,12.0,0,1,0,3.0,3.0
CoderEval-Java-Qwen2.5-Coder-7B-QUIP,Qwen2.5-Coder-7B,QUIP,636767521a6d9265ec017ecc,14.0,0,2,0,1.0,0.0
CoderEval-Java-Qwen2.5-Coder-7B-QUIP,Qwen2.5-Coder-7B,QUIP,636767531a6d9265ec017ef1,0.0,0,0,0,0.0,0.0
CoderEval-Java-Qwen2.5-Coder-7B-QUIP,Qwen2.5-Coder-7B,QUIP,636767551a6d9265ec017f3f,0.0,0,0,0,0.0,0.0
CoderEval-Java-Qwen2.5-Coder-7B-QUIP,Qwen2.5-Coder-7B,QUIP,636767561a6d9265ec017f63,4.0,0,1,0,1.0,0.0
CoderEval-Java-Qwen2.5-Coder-7B-QUIP,Qwen2.5-Coder-7B,QUIP,636767561a6d9265ec017f7c,0.0,0,0,0,0.0,0.0
CoderEval-Java-Qwen2.5-Coder-7B-QUIP,Qwen2.5-Coder-7B,QUIP,636767581a6d9265ec017fb4,11.0,0,1,0,2.0,1.0
CoderEval-Java-Qwen2.5-Coder-7B-QUIP,Qwen2.5-Coder-7B,QUIP,636767581a6d9265ec017fc4,0.0,0,0,0,0.0,0.0
CoderEval-Java-Qwen2.5-Coder-7B-QUIP,Qwen2.5-Coder-7B,QUIP,6367675c1a6d9265ec018058,5.0,0,2,0,2.0,0.0
CoderEval-Java-Qwen2.5-Coder-7B-QUIP,Qwen2.5-Coder-7B,QUIP,6367675c1a6d9265ec01805b,12.0,0,1,0,3.0,2.0
CoderEval-Java-Qwen2.5-Coder-7B-QUIP,Qwen2.5-Coder-7B,QUIP,6367675d1a6d9265ec018082,4.0,0,1,0,1.0,0.0
CoderEval-Java-Qwen2.5-Coder-7B-QUIP,Qwen2.5-Coder-7B,QUIP,6367675f1a6d9265ec0180cf,0.0,0,0,0,0.0,0.0
CoderEval-Java-Qwen2.5-Coder-7B-QUIP,Qwen2.5-Coder-7B,QUIP,6367675f1a6d9265ec0180d3,9.0,0,3,0,2.0,1.0
CoderEval-Java-Qwen2.5-Coder-7B-QUIP,Qwen2.5-Coder-7B,QUIP,636767601a6d9265ec0180e2,10.0,0,2,0,2.0,1.0
CoderEval-Java-Qwen2.5-Coder-7B-QUIP,Qwen2.5-Coder-7B,QUIP,636767611a6d9265ec018112,9.0,0,1,0,2.0,2.0
CoderEval-Java-Qwen2.5-Coder-7B-QUIP,Qwen2.5-Coder-7B,QUIP,636767611a6d9265ec018116,0.0,0,0,0,0.0,0.0
CoderEval-Java-Qwen2.5-Coder-7B-QUIP,Qwen2.5-Coder-7B,QUIP,636767631a6d9265ec018171,4.0,0,3,0,1.0,0.0
CoderEval-Java-Qwen2.5-Coder-7B-QUIP,Qwen2.5-Coder-7B,QUIP,636767691a6d9265ec0181a6,0.0,0,0,0,0.0,0.0
CoderEval-Java-Qwen2.5-Coder-7B-QUIP,Qwen2.5-Coder-7B,QUIP,636767691a6d9265ec0181a7,12.0,0,2,0,5.0,4.0
CoderEval-Java-Qwen2.5-Coder-7B-QUIP,Qwen2.5-Coder-7B,QUIP,636767691a6d9265ec0181aa,12.0,0,2,0,3.0,2.0
CoderEval-Java-Qwen2.5-Coder-7B-QUIP,Qwen2.5-Coder-7B,QUIP,636767691a6d9265ec0181ac,0.0,0,0,0,0.0,0.0
CoderEval-Java-Qwen2.5-Coder-7B-QUIP,Qwen2.5-Coder-7B,QUIP,6367676a1a6d9265ec0181bf,8.0,0,2,0,2.0,1.0
CoderEval-Java-Qwen2.5-Coder-7B-QUIP,Qwen2.5-Coder-7B,QUIP,6367676a1a6d9265ec0181cd,8.0,0,2,0,2.0,1.0
CoderEval-Java-Qwen2.5-Coder-7B-QUIP,Qwen2.5-Coder-7B,QUIP,6367676a1a6d9265ec0181d4,0.0,0,0,0,0.0,0.0
CoderEval-Java-Qwen2.5-Coder-7B-QUIP,Qwen2.5-Coder-7B,QUIP,6367676b1a6d9265ec0181dd,14.0,0,2,0,3.0,3.0
CoderEval-Java-Qwen2.5-Coder-7B-QUIP,Qwen2.5-Coder-7B,QUIP,6367676b1a6d9265ec0181df,8.0,0,3,0,1.0,0.0
CoderEval-Java-Qwen2.5-Coder-7B-QUIP,Qwen2.5-Coder-7B,QUIP,6367676b1a6d9265ec0181e2,0.0,0,0,0,0.0,0.0
CoderEval-Java-Qwen2.5-Coder-7B-QUIP,Qwen2.5-Coder-7B,QUIP,6367676b1a6d9265ec0181e9,0.0,0,0,0,0.0,0.0
CoderEval-Java-Qwen2.5-Coder-7B-QUIP,Qwen2.5-Coder-7B,QUIP,6367676b1a6d9265ec0181ee,0.0,0,0,0,0.0,0.0
CoderEval-Java-Qwen2.5-Coder-7B-QUIP,Qwen2.5-Coder-7B,QUIP,6367676c1a6d9265ec018204,12.0,0,3,0,3.0,2.0
CoderEval-Java-Qwen2.5-Coder-7B-QUIP,Qwen2.5-Coder-7B,QUIP,6367676c1a6d9265ec018220,12.0,0,2,0,3.0,2.0
CoderEval-Java-Qwen2.5-Coder-7B-QUIP,Qwen2.5-Coder-7B,QUIP,6367676c1a6d9265ec018223,0.0,0,0,0,0.0,0.0
CoderEval-Java-Qwen2.5-Coder-7B-QUIP,Qwen2.5-Coder-7B,QUIP,6367676c1a6d9265ec01820b,9.0,0,2,0,2.0,1.0
CoderEval-Java-Qwen2.5-Coder-7B-QUIP,Qwen2.5-Coder-7B,QUIP,6367676d1a6d9265ec018229,8.0,0,2,0,2.0,1.0
CoderEval-Java-Qwen2.5-Coder-7B-QUIP,Qwen2.5-Coder-7B,QUIP,636767781a6d9265ec018250,0.0,0,0,0,0.0,0.0
CoderEval-Java-Qwen2.5-Coder-7B-QUIP,Qwen2.5-Coder-7B,QUIP,636767791a6d9265ec01826d,0.0,0,0,0,0.0,0.0
CoderEval-Java-Qwen2.5-Coder-7B-QUIP,Qwen2.5-Coder-7B,QUIP,6367677b1a6d9265ec0182bd,0.0,0,0,0,0.0,0.0
CoderEval-Java-Qwen2.5-Coder-7B-QUIP,Qwen2.5-Coder-7B,QUIP,6367677d1a6d9265ec0182fd,0.0,0,0,0,0.0,0.0
CoderEval-Java-Qwen2.5-Coder-7B-QUIP,Qwen2.5-Coder-7B,QUIP,6367677e1a6d9265ec01830f,5.0,0,1,0,1.0,0.0
CoderEval-Java-Qwen2.5-Coder-7B-QUIP,Qwen2.5-Coder-7B,QUIP,6367677e1a6d9265ec01832e,4.0,0,1,0,1.0,0.0
CoderEval-Java-Qwen2.5-Coder-7B-QUIP,Qwen2.5-Coder-7B,QUIP,6367677f1a6d9265ec018347,0.0,0,0,0,0.0,0.0
CoderEval-Java-Qwen2.5-Coder-7B-QUIP,Qwen2.5-Coder-7B,QUIP,6367677f1a6d9265ec01834b,5.0,0,1,0,1.0,0.0
CoderEval-Java-Qwen2.5-Coder-7B-QUIP,Qwen2.5-Coder-7B,QUIP,636767821a6d9265ec0183a0,0.0,0,0,0,0.0,0.0
CoderEval-Java-Qwen2.5-Coder-7B-QUIP,Qwen2.5-Coder-7B,QUIP,636767821a6d9265ec0183ab,4.0,0,1,0,1.0,0.0
CoderEval-Java-Qwen2.5-Coder-7B-QUIP,Qwen2.5-Coder-7B,QUIP,636767831a6d9265ec0183c9,5.0,0,2,0,1.0,0.0
CoderEval-Java-Qwen2.5-Coder-7B-QUIP,Qwen2.5-Coder-7B,QUIP,636767841a6d9265ec0183e8,66.0,0,2,0,22.0,21.0
CoderEval-Java-Qwen2.5-Coder-7B-QUIP,Qwen2.5-Coder-7B,QUIP,636767861a6d9265ec018440,0.0,0,0,0,0.0,0.0
CoderEval-Java-Qwen2.5-Coder-7B-QUIP,Qwen2.5-Coder-7B,QUIP,636767861a6d9265ec01844c,0.0,0,0,0,0.0,0.0
CoderEval-Java-Qwen2.5-Coder-7B-QUIP,Qwen2.5-Coder-7B,QUIP,636767871a6d9265ec01846d,0.0,0,0,0,0.0,0.0
CoderEval-Java-Qwen2.5-Coder-7B-QUIP,Qwen2.5-Coder-7B,QUIP,636767a21a6d9265ec018517,9.0,0,1,0,2.0,1.0
CoderEval-Java-Qwen2.5-Coder-7B-QUIP,Qwen2.5-Coder-7B,QUIP,636767a31a6d9265ec018552,4.0,0,1,0,1.0,0.0
CoderEval-Java-Qwen2.5-Coder-7B-QUIP,Qwen2.5-Coder-7B,QUIP,636767a31a6d9265ec01854f,12.0,0,1,0,3.0,3.0
CoderEval-Java-Qwen2.5-Coder-7B-QUIP,Qwen2.5-Coder-7B,QUIP,636767a41a6d9265ec018572,15.0,0,1,0,3.0,3.0
CoderEval-Java-Qwen2.5-Coder-7B-QUIP,Qwen2.5-Coder-7B,QUIP,636767a41a6d9265ec018582,0.0,0,0,0,0.0,0.0
CoderEval-Java-Qwen2.5-Coder-7B-QUIP,Qwen2.5-Coder-7B,QUIP,636767a41a6d9265ec01856c,0.0,0,0,0,0.0,0.0
CoderEval-Java-Qwen2.5-Coder-7B-QUIP,Qwen2.5-Coder-7B,QUIP,636767a41a6d9265ec01857e,5.0,0,3,0,3.0,3.0
CoderEval-Java-Qwen2.5-Coder-7B-QUIP,Qwen2.5-Coder-7B,QUIP,636767a51a6d9265ec01859d,13.0,0,1,0,5.0,5.0
CoderEval-Java-Qwen2.5-Coder-7B-QUIP,Qwen2.5-Coder-7B,QUIP,636767a61a6d9265ec0185b7,5.0,0,2,0,1.0,0.0
CoderEval-Java-Qwen2.5-Coder-7B-QUIP,Qwen2.5-Coder-7B,QUIP,636767a81a6d9265ec0185fc,0.0,0,0,0,0.0,0.0
CoderEval-Java-Qwen2.5-Coder-7B-QUIP,Qwen2.5-Coder-7B,QUIP,636767aa1a6d9265ec01864a,0.0,0,0,0,0.0,0.0
CoderEval-Java-Qwen2.5-Coder-7B-QUIP,Qwen2.5-Coder-7B,QUIP,636767ab1a6d9265ec018676,0.0,0,0,0,0.0,0.0
CoderEval-Java-Qwen2.5-Coder-7B-QUIP,Qwen2.5-Coder-7B,QUIP,636767dc1a6d9265ec0186be,0.0,0,0,0,0.0,0.0
CoderEval-Java-Qwen2.5-Coder-7B-QUIP,Qwen2.5-Coder-7B,QUIP,636767dc1a6d9265ec0186cb,0.0,0,0,0,0.0,0.0
CoderEval-Java-Qwen2.5-Coder-7B-QUIP,Qwen2.5-Coder-7B,QUIP,636767dd1a6d9265ec0186de,5.0,0,1,0,1.0,0.0
CoderEval-Java-Qwen2.5-Coder-7B-QUIP,Qwen2.5-Coder-7B,QUIP,636767dd1a6d9265ec0186e5,0.0,0,0,0,0.0,0.0
CoderEval-Java-Qwen2.5-Coder-7B-QUIP,Qwen2.5-Coder-7B,QUIP,636767dd1a6d9265ec0186f3,0.0,0,0,0,0.0,0.0
CoderEval-Java-Qwen2.5-Coder-7B-QUIP,Qwen2.5-Coder-7B,QUIP,636767de1a6d9265ec01871c,9.0,0,1,0,2.0,2.0
CoderEval-Java-Qwen2.5-Coder-7B-QUIP,Qwen2.5-Coder-7B,QUIP,636767df1a6d9265ec018744,16.0,0,1,0,3.0,3.0
CoderEval-Java-Qwen2.5-Coder-7B-QUIP,Qwen2.5-Coder-7B,QUIP,636767df1a6d9265ec01873c,4.0,0,1,0,1.0,0.0
CoderEval-Java-Qwen2.5-Coder-7B-QUIP,Qwen2.5-Coder-7B,QUIP,636767e01a6d9265ec018755,0.0,0,0,0,0.0,0.0
CoderEval-Java-Qwen2.5-Coder-7B-QUIP,Qwen2.5-Coder-7B,QUIP,636767e01a6d9265ec018764,9.0,0,1,0,2.0,1.0
CoderEval-Java-Qwen2.5-Coder-7B-QUIP,Qwen2.5-Coder-7B,QUIP,636767e11a6d9265ec018781,15.0,0,1,0,3.0,5.0
CoderEval-Java-Qwen2.5-Coder-7B-QUIP,Qwen2.5-Coder-7B,QUIP,636767e11a6d9265ec018795,5.0,0,1,0,1.0,0.0
