Directory,Model,Method,TaskID,LoC,Reliability,Maintainability,Security_Hotspots,CyC,CoC
CoderEval-Python-CodeLlama-7B-AQLM,CodeLlama-7B,AQLM,62b438a266fea644fe22cc2d,6.0,0,0,0,1.0,0.0
CoderEval-Python-CodeLlama-7B-AQLM,CodeLlama-7B,AQLM,62b438a266fea644fe22cc2e,25.0,0,5,0,1.0,0.0
CoderEval-Python-CodeLlama-7B-AQLM,CodeLlama-7B,AQLM,62b438b666fea644fe22cc72,2.0,0,0,0,1.0,0.0
CoderEval-Python-CodeLlama-7B-AQLM,CodeLlama-7B,AQLM,62b438b666fea644fe22cc78,0.0,0,0,0,0.0,0.0
CoderEval-Python-CodeLlama-7B-AQLM,CodeLlama-7B,AQLM,62b45665d7d32e5b55cc8364,6.0,0,0,0,1.0,0.0
CoderEval-Python-CodeLlama-7B-AQLM,CodeLlama-7B,AQLM,62b45665d7d32e5b55cc8365,0.0,0,0,0,0.0,0.0
CoderEval-Python-CodeLlama-7B-AQLM,CodeLlama-7B,AQLM,62b45679d7d32e5b55cc83a9,2.0,0,0,0,1.0,0.0
CoderEval-Python-CodeLlama-7B-AQLM,CodeLlama-7B,AQLM,62b4567ad7d32e5b55cc83af,0.0,0,0,0,0.0,0.0
CoderEval-Python-CodeLlama-7B-AQLM,CodeLlama-7B,AQLM,62b4567ed7d32e5b55cc83d9,15.0,0,1,0,6.0,18.0
CoderEval-Python-CodeLlama-7B-AQLM,CodeLlama-7B,AQLM,62b45df05108cfac7f2109ce,5.0,0,0,0,2.0,2.0
CoderEval-Python-CodeLlama-7B-AQLM,CodeLlama-7B,AQLM,62b45df15108cfac7f2109dc,2.0,0,0,0,1.0,0.0
CoderEval-Python-CodeLlama-7B-AQLM,CodeLlama-7B,AQLM,62b45df15108cfac7f2109dd,2.0,0,0,0,1.0,0.0
CoderEval-Python-CodeLlama-7B-AQLM,CodeLlama-7B,AQLM,62b45e145108cfac7f210a07,0.0,0,0,0,0.0,0.0
CoderEval-Python-CodeLlama-7B-AQLM,CodeLlama-7B,AQLM,62b45e145108cfac7f210a09,8.0,0,0,0,4.0,5.0
CoderEval-Python-CodeLlama-7B-AQLM,CodeLlama-7B,AQLM,62b45e165108cfac7f210a16,26.0,0,1,0,17.0,65.0
CoderEval-Python-CodeLlama-7B-AQLM,CodeLlama-7B,AQLM,62b45e165108cfac7f210a17,5.0,0,1,0,2.0,1.0
CoderEval-Python-CodeLlama-7B-AQLM,CodeLlama-7B,AQLM,62b45e175108cfac7f210a19,26.0,0,1,0,10.0,15.0
CoderEval-Python-CodeLlama-7B-AQLM,CodeLlama-7B,AQLM,62b45e21e0d4551b0392c8ed,7.0,0,0,0,2.0,3.0
CoderEval-Python-CodeLlama-7B-AQLM,CodeLlama-7B,AQLM,62b45e23e0d4551b0392c90a,22.0,0,5,0,9.0,12.0
CoderEval-Python-CodeLlama-7B-AQLM,CodeLlama-7B,AQLM,62b45e2eb89c9fd354170232,4.0,0,0,0,1.0,0.0
CoderEval-Python-CodeLlama-7B-AQLM,CodeLlama-7B,AQLM,62b45e515108cfac7f210a3c,0.0,0,0,0,0.0,0.0
CoderEval-Python-CodeLlama-7B-AQLM,CodeLlama-7B,AQLM,62b45e945108cfac7f210a4a,12.0,0,0,0,5.0,10.0
CoderEval-Python-CodeLlama-7B-AQLM,CodeLlama-7B,AQLM,62b463153879012d19481498,2.0,0,0,0,2.0,0.0
CoderEval-Python-CodeLlama-7B-AQLM,CodeLlama-7B,AQLM,62b463153879012d1948149a,8.0,0,1,0,4.0,4.0
CoderEval-Python-CodeLlama-7B-AQLM,CodeLlama-7B,AQLM,62b463153879012d1948149b,2.0,0,0,0,2.0,1.0
CoderEval-Python-CodeLlama-7B-AQLM,CodeLlama-7B,AQLM,62b463153879012d1948149c,2.0,0,0,0,2.0,0.0
CoderEval-Python-CodeLlama-7B-AQLM,CodeLlama-7B,AQLM,62b463153879012d1948149d,4.0,0,0,0,2.0,1.0
CoderEval-Python-CodeLlama-7B-AQLM,CodeLlama-7B,AQLM,62b463153879012d1948149f,15.0,0,0,0,4.0,3.0
CoderEval-Python-CodeLlama-7B-AQLM,CodeLlama-7B,AQLM,62b463153879012d194814a1,2.0,0,0,0,1.0,0.0
CoderEval-Python-CodeLlama-7B-AQLM,CodeLlama-7B,AQLM,62b463163879012d194814a2,2.0,0,0,0,1.0,0.0
CoderEval-Python-CodeLlama-7B-AQLM,CodeLlama-7B,AQLM,62b463163879012d194814a4,2.0,0,0,0,1.0,0.0
CoderEval-Python-CodeLlama-7B-AQLM,CodeLlama-7B,AQLM,62b463163879012d194814a6,3.0,0,0,0,1.0,0.0
CoderEval-Python-CodeLlama-7B-AQLM,CodeLlama-7B,AQLM,62b4631b3879012d194814dd,2.0,0,0,0,1.0,0.0
CoderEval-Python-CodeLlama-7B-AQLM,CodeLlama-7B,AQLM,62b463283879012d1948153d,6.0,0,0,0,3.0,3.0
CoderEval-Python-CodeLlama-7B-AQLM,CodeLlama-7B,AQLM,62b463303879012d19481579,8.0,0,0,0,3.0,3.0
CoderEval-Python-CodeLlama-7B-AQLM,CodeLlama-7B,AQLM,62b46740d2f69a53b466171a,6.0,0,0,0,3.0,2.0
CoderEval-Python-CodeLlama-7B-AQLM,CodeLlama-7B,AQLM,62b46746d2f69a53b4661722,2.0,0,0,0,1.0,0.0
CoderEval-Python-CodeLlama-7B-AQLM,CodeLlama-7B,AQLM,62b86707b4d922cb0e688c2a,5.0,0,0,0,2.0,0.0
CoderEval-Python-CodeLlama-7B-AQLM,CodeLlama-7B,AQLM,62b86729b4d922cb0e688c2f,36.0,0,1,0,1.0,0.0
CoderEval-Python-CodeLlama-7B-AQLM,CodeLlama-7B,AQLM,62b869eab4d922cb0e688cbf,0.0,0,0,0,0.0,0.0
CoderEval-Python-CodeLlama-7B-AQLM,CodeLlama-7B,AQLM,62b869eab4d922cb0e688cc5,22.0,0,0,0,6.0,10.0
CoderEval-Python-CodeLlama-7B-AQLM,CodeLlama-7B,AQLM,62b869ebb4d922cb0e688cc6,26.0,0,1,0,8.0,21.0
CoderEval-Python-CodeLlama-7B-AQLM,CodeLlama-7B,AQLM,62b86a01b4d922cb0e688ccc,10.0,0,1,0,3.0,5.0
CoderEval-Python-CodeLlama-7B-AQLM,CodeLlama-7B,AQLM,62b86a4fb4d922cb0e688cf7,3.0,0,0,0,2.0,1.0
CoderEval-Python-CodeLlama-7B-AQLM,CodeLlama-7B,AQLM,62b86a4fb4d922cb0e688cf8,6.0,0,0,0,3.0,2.0
CoderEval-Python-CodeLlama-7B-AQLM,CodeLlama-7B,AQLM,62b86a9eb4d922cb0e688d25,0.0,0,0,0,0.0,0.0
CoderEval-Python-CodeLlama-7B-AQLM,CodeLlama-7B,AQLM,62b86aa3b4d922cb0e688d36,6.0,0,0,0,3.0,2.0
CoderEval-Python-CodeLlama-7B-AQLM,CodeLlama-7B,AQLM,62b87af09a0c4fa8b80b34f1,12.0,0,0,0,6.0,5.0
CoderEval-Python-CodeLlama-7B-AQLM,CodeLlama-7B,AQLM,62b87af19a0c4fa8b80b34f7,10.0,0,0,0,5.0,6.0
CoderEval-Python-CodeLlama-7B-AQLM,CodeLlama-7B,AQLM,62b87af69a0c4fa8b80b351a,2.0,0,0,0,2.0,1.0
CoderEval-Python-CodeLlama-7B-AQLM,CodeLlama-7B,AQLM,62b87af99a0c4fa8b80b3524,2.0,0,0,0,1.0,0.0
CoderEval-Python-CodeLlama-7B-AQLM,CodeLlama-7B,AQLM,62b87b099a0c4fa8b80b3538,2.0,0,0,0,2.0,1.0
CoderEval-Python-CodeLlama-7B-AQLM,CodeLlama-7B,AQLM,62b87b199a0c4fa8b80b354c,47.0,0,2,0,24.0,23.0
CoderEval-Python-CodeLlama-7B-AQLM,CodeLlama-7B,AQLM,62b87b199a0c4fa8b80b354e,6.0,0,1,0,1.0,1.0
CoderEval-Python-CodeLlama-7B-AQLM,CodeLlama-7B,AQLM,62b87b4f9a0c4fa8b80b3580,2.0,0,0,0,1.0,0.0
CoderEval-Python-CodeLlama-7B-AQLM,CodeLlama-7B,AQLM,62b87b4f9a0c4fa8b80b3581,13.0,0,0,0,6.0,6.0
CoderEval-Python-CodeLlama-7B-AQLM,CodeLlama-7B,AQLM,62b87b519a0c4fa8b80b3583,11.0,0,0,0,5.0,4.0
CoderEval-Python-CodeLlama-7B-AQLM,CodeLlama-7B,AQLM,62b87b7e9a0c4fa8b80b35bc,20.0,0,0,0,8.0,7.0
CoderEval-Python-CodeLlama-7B-AQLM,CodeLlama-7B,AQLM,62b87b839a0c4fa8b80b35cb,6.0,0,0,0,3.0,3.0
CoderEval-Python-CodeLlama-7B-AQLM,CodeLlama-7B,AQLM,62b87b859a0c4fa8b80b35d7,4.0,0,0,0,1.0,0.0
CoderEval-Python-CodeLlama-7B-AQLM,CodeLlama-7B,AQLM,62b87b869a0c4fa8b80b35e1,22.0,0,0,0,5.0,7.0
CoderEval-Python-CodeLlama-7B-AQLM,CodeLlama-7B,AQLM,62b87b989a0c4fa8b80b35ee,3.0,0,0,0,1.0,0.0
CoderEval-Python-CodeLlama-7B-AQLM,CodeLlama-7B,AQLM,62b87d23d292efb640a55667,5.0,0,0,0,2.0,0.0
CoderEval-Python-CodeLlama-7B-AQLM,CodeLlama-7B,AQLM,62b87d23d292efb640a55668,0.0,0,0,0,0.0,0.0
CoderEval-Python-CodeLlama-7B-AQLM,CodeLlama-7B,AQLM,62b87d23d292efb640a5566b,34.0,0,1,0,9.0,11.0
CoderEval-Python-CodeLlama-7B-AQLM,CodeLlama-7B,AQLM,62b87d24d292efb640a55670,9.0,0,0,0,1.0,2.0
CoderEval-Python-CodeLlama-7B-AQLM,CodeLlama-7B,AQLM,62b87d24d292efb640a5566d,5.0,0,0,0,2.0,2.0
CoderEval-Python-CodeLlama-7B-AQLM,CodeLlama-7B,AQLM,62b87d24d292efb640a5566f,0.0,0,0,0,0.0,0.0
CoderEval-Python-CodeLlama-7B-AQLM,CodeLlama-7B,AQLM,62b89640755ee91dce50a114,7.0,0,0,0,3.0,2.0
CoderEval-Python-CodeLlama-7B-AQLM,CodeLlama-7B,AQLM,62b8982f755ee91dce50a241,2.0,0,0,0,1.0,0.0
CoderEval-Python-CodeLlama-7B-AQLM,CodeLlama-7B,AQLM,62b8a4a4755ee91dce50a3d2,9.0,0,0,0,4.0,3.0
CoderEval-Python-CodeLlama-7B-AQLM,CodeLlama-7B,AQLM,62b8a7b2755ee91dce50a4a7,5.0,0,0,0,2.0,2.0
CoderEval-Python-CodeLlama-7B-AQLM,CodeLlama-7B,AQLM,62b8b3d4eb7e40a82d2d110d,2.0,0,0,0,1.0,0.0
CoderEval-Python-CodeLlama-7B-AQLM,CodeLlama-7B,AQLM,62b8b3d4eb7e40a82d2d110e,2.0,0,0,0,1.0,0.0
CoderEval-Python-CodeLlama-7B-AQLM,CodeLlama-7B,AQLM,62b8b3d4eb7e40a82d2d110f,2.0,0,0,0,1.0,0.0
CoderEval-Python-CodeLlama-7B-AQLM,CodeLlama-7B,AQLM,62b8b3d5eb7e40a82d2d1110,6.0,0,0,0,1.0,1.0
CoderEval-Python-CodeLlama-7B-AQLM,CodeLlama-7B,AQLM,62b8b3d6eb7e40a82d2d111c,0.0,0,0,0,0.0,0.0
CoderEval-Python-CodeLlama-7B-AQLM,CodeLlama-7B,AQLM,62b8b416eb7e40a82d2d1129,5.0,0,0,0,3.0,2.0
CoderEval-Python-CodeLlama-7B-AQLM,CodeLlama-7B,AQLM,62b8b4b9eb7e40a82d2d1134,5.0,0,1,0,5.0,3.0
CoderEval-Python-CodeLlama-7B-AQLM,CodeLlama-7B,AQLM,62b8b4baeb7e40a82d2d1136,0.0,0,0,0,0.0,0.0
CoderEval-Python-CodeLlama-7B-AQLM,CodeLlama-7B,AQLM,62b8b4baeb7e40a82d2d1137,18.0,0,1,0,4.0,9.0
CoderEval-Python-CodeLlama-7B-AQLM,CodeLlama-7B,AQLM,62b8b4c1eb7e40a82d2d1139,0.0,0,0,0,0.0,0.0
CoderEval-Python-CodeLlama-7B-AQLM,CodeLlama-7B,AQLM,62b8b559eb7e40a82d2d11f6,0.0,0,0,0,0.0,0.0
CoderEval-Python-CodeLlama-7B-AQLM,CodeLlama-7B,AQLM,62b8b559eb7e40a82d2d11f8,6.0,0,2,0,3.0,3.0
CoderEval-Python-CodeLlama-7B-AQLM,CodeLlama-7B,AQLM,62b8b58deb7e40a82d2d1269,2.0,0,1,0,1.0,0.0
CoderEval-Python-CodeLlama-7B-AQLM,CodeLlama-7B,AQLM,62b8b590eb7e40a82d2d1275,11.0,0,1,0,6.0,8.0
CoderEval-Python-CodeLlama-7B-AQLM,CodeLlama-7B,AQLM,62b8b59feb7e40a82d2d1291,2.0,0,1,0,1.0,0.0
CoderEval-Python-CodeLlama-7B-AQLM,CodeLlama-7B,AQLM,62b8d22548ba5a41d1c3f472,15.0,1,2,0,5.0,5.0
CoderEval-Python-CodeLlama-7B-AQLM,CodeLlama-7B,AQLM,62b8d22948ba5a41d1c3f47c,5.0,0,0,0,2.0,2.0
CoderEval-Python-CodeLlama-7B-AQLM,CodeLlama-7B,AQLM,62b8d22a48ba5a41d1c3f47d,9.0,0,0,0,2.0,3.0
CoderEval-Python-CodeLlama-7B-AQLM,CodeLlama-7B,AQLM,62b8d22a48ba5a41d1c3f47e,6.0,0,0,0,2.0,2.0
CoderEval-Python-CodeLlama-7B-AQLM,CodeLlama-7B,AQLM,62b8d22f48ba5a41d1c3f488,9.0,0,0,0,2.0,2.0
CoderEval-Python-CodeLlama-7B-AQLM,CodeLlama-7B,AQLM,62b8d23748ba5a41d1c3f496,0.0,0,0,0,0.0,0.0
CoderEval-Python-CodeLlama-7B-AQLM,CodeLlama-7B,AQLM,62b8d23748ba5a41d1c3f497,5.0,0,0,0,2.0,1.0
CoderEval-Python-CodeLlama-7B-AQLM,CodeLlama-7B,AQLM,62b8d23948ba5a41d1c3f498,33.0,0,0,0,10.0,5.0
CoderEval-Python-CodeLlama-7B-AQLM,CodeLlama-7B,AQLM,62b8d23a48ba5a41d1c3f499,13.0,0,0,0,4.0,3.0
CoderEval-Python-CodeLlama-7B-AQLM,CodeLlama-7B,AQLM,62b8d23b48ba5a41d1c3f49a,54.0,0,17,0,22.0,14.0
CoderEval-Python-CodeLlama-7B-AQLM,CodeLlama-7B,AQLM,62b8d23c48ba5a41d1c3f49b,12.0,0,0,0,3.0,3.0
CoderEval-Python-CodeLlama-7B-AQLM,CodeLlama-7B,AQLM,62b8d23e48ba5a41d1c3f49e,5.0,0,0,0,2.0,2.0
CoderEval-Python-CodeLlama-7B-AQLM,CodeLlama-7B,AQLM,62b8d24048ba5a41d1c3f49f,18.0,0,1,0,5.0,4.0
CoderEval-Python-CodeLlama-7B-AQLM,CodeLlama-7B,AQLM,62b8d27a48ba5a41d1c3f4c6,14.0,1,1,0,5.0,5.0
CoderEval-Python-CodeLlama-7B-AQLM,CodeLlama-7B,AQLM,62e4fb4d85ea9864308902e7,4.0,0,0,0,2.0,1.0
CoderEval-Python-CodeLlama-7B-AQLM,CodeLlama-7B,AQLM,62e4fb6585ea98643089032b,2.0,0,0,0,1.0,0.0
CoderEval-Python-CodeLlama-7B-AQLM,CodeLlama-7B,AQLM,62e4fbda85ea986430890403,3.0,0,0,0,1.0,0.0
CoderEval-Python-CodeLlama-7B-AQLM,CodeLlama-7B,AQLM,62e4fbda85ea986430890405,0.0,0,0,0,0.0,0.0
CoderEval-Python-CodeLlama-7B-AQLM,CodeLlama-7B,AQLM,62e5dc9ed76274f8a4026b5b,7.0,0,0,0,3.0,0.0
CoderEval-Python-CodeLlama-7B-AQLM,CodeLlama-7B,AQLM,62e60707d76274f8a4026b69,28.0,0,3,0,14.0,20.0
CoderEval-Python-CodeLlama-7B-AQLM,CodeLlama-7B,AQLM,62e60723d76274f8a4026b75,2.0,0,0,0,1.0,0.0
CoderEval-Python-CodeLlama-7B-AQLM,CodeLlama-7B,AQLM,62e60879d76274f8a4026bec,27.0,0,0,0,10.0,9.0
CoderEval-Python-CodeLlama-7B-AQLM,CodeLlama-7B,AQLM,62e6087ad76274f8a4026bf2,7.0,0,0,0,1.0,0.0
CoderEval-Python-CodeLlama-7B-AQLM,CodeLlama-7B,AQLM,62e6087bd76274f8a4026bfa,2.0,0,0,0,1.0,0.0
CoderEval-Python-CodeLlama-7B-AQLM,CodeLlama-7B,AQLM,62e60b10d76274f8a4026ccd,2.0,0,0,0,1.0,0.0
CoderEval-Python-CodeLlama-7B-AQLM,CodeLlama-7B,AQLM,62e60da4d76274f8a4026cf1,2.0,0,0,0,1.0,0.0
CoderEval-Python-CodeLlama-7B-AQLM,CodeLlama-7B,AQLM,62e60e05d76274f8a4026cfd,2.0,0,0,0,1.0,0.0
CoderEval-Python-CodeLlama-7B-AQLM,CodeLlama-7B,AQLM,62e60e49d76274f8a4026d25,9.0,0,0,0,3.0,0.0
CoderEval-Python-CodeLlama-7B-AQLM,CodeLlama-7B,AQLM,62e60ed4d76274f8a4026da0,2.0,0,0,0,1.0,0.0
CoderEval-Python-CodeLlama-7B-AQLM,CodeLlama-7B,AQLM,62e60f33d76274f8a4026de9,7.0,0,0,0,2.0,3.0
CoderEval-Python-CodeLlama-7B-AQLM,CodeLlama-7B,AQLM,62e60f37d76274f8a4026dfd,4.0,0,0,0,2.0,1.0
CoderEval-Python-CodeLlama-7B-AQLM,CodeLlama-7B,AQLM,62e60f3bd76274f8a4026e10,6.0,0,0,0,1.0,0.0
CoderEval-Python-CodeLlama-7B-AQLM,CodeLlama-7B,AQLM,62e60f43d76274f8a4026e28,6.0,0,0,0,2.0,1.0
CoderEval-Python-CodeLlama-7B-AQLM,CodeLlama-7B,AQLM,62ece4982e6aefcf4aabbd60,21.0,0,8,0,10.0,9.0
CoderEval-Python-CodeLlama-7B-AQLM,CodeLlama-7B,AQLM,62ece4982e6aefcf4aabbd61,9.0,0,0,0,4.0,7.0
CoderEval-Python-CodeLlama-7B-AQLM,CodeLlama-7B,AQLM,62ece4982e6aefcf4aabbd62,5.0,0,0,0,3.0,3.0
CoderEval-Python-CodeLlama-7B-AQLM,CodeLlama-7B,AQLM,62ece4982e6aefcf4aabbd63,2.0,0,0,0,2.0,1.0
CoderEval-Python-CodeLlama-7B-AQLM,CodeLlama-7B,AQLM,62ece4982e6aefcf4aabbd64,5.0,0,1,0,2.0,2.0
CoderEval-Python-CodeLlama-7B-AQLM,CodeLlama-7B,AQLM,62ece4982e6aefcf4aabbd65,2.0,0,0,0,1.0,0.0
CoderEval-Python-CodeLlama-7B-AQLM,CodeLlama-7B,AQLM,62ece4982e6aefcf4aabbd66,8.0,0,0,0,3.0,4.0
CoderEval-Python-CodeLlama-7B-AQLM,CodeLlama-7B,AQLM,62ece4982e6aefcf4aabbd67,2.0,0,0,0,1.0,0.0
CoderEval-Python-CodeLlama-7B-AQLM,CodeLlama-7B,AQLM,62ece4982e6aefcf4aabbd69,3.0,0,0,0,1.0,0.0
CoderEval-Python-CodeLlama-7B-AQLM,CodeLlama-7B,AQLM,62ece4982e6aefcf4aabbd70,2.0,0,0,0,1.0,0.0
CoderEval-Python-CodeLlama-7B-AQLM,CodeLlama-7B,AQLM,62ece4982e6aefcf4aabbd71,5.0,0,0,0,2.0,1.0
CoderEval-Python-CodeLlama-7B-AQLM,CodeLlama-7B,AQLM,62ece4982e6aefcf4aabbd72,2.0,0,0,0,1.0,0.0
CoderEval-Python-CodeLlama-7B-AQLM,CodeLlama-7B,AQLM,62ece4982e6aefcf4aabbd73,12.0,0,0,0,4.0,7.0
CoderEval-Python-CodeLlama-7B-AQLM,CodeLlama-7B,AQLM,62ece4982e6aefcf4aabbd74,13.0,0,0,0,2.0,1.0
CoderEval-Python-CodeLlama-7B-AQLM,CodeLlama-7B,AQLM,62ece4982e6aefcf4aabbd76,2.0,0,0,0,1.0,0.0
CoderEval-Python-CodeLlama-7B-AQLM,CodeLlama-7B,AQLM,62ece4982e6aefcf4aabbd77,22.0,0,0,0,4.0,10.0
CoderEval-Python-CodeLlama-7B-AQLM,CodeLlama-7B,AQLM,62ece4982e6aefcf4aabbd5f,3.0,0,0,0,2.0,1.0
CoderEval-Python-CodeLlama-7B-AQLM,CodeLlama-7B,AQLM,62ece4982e6aefcf4aabbd6a,2.0,0,0,0,1.0,0.0
CoderEval-Python-CodeLlama-7B-AQLM,CodeLlama-7B,AQLM,62ece4982e6aefcf4aabbd6b,6.0,1,0,0,2.0,1.0
CoderEval-Python-CodeLlama-7B-AQLM,CodeLlama-7B,AQLM,62ece4982e6aefcf4aabbd6f,9.0,0,0,0,2.0,1.0
CoderEval-Python-CodeLlama-7B-AQLM,CodeLlama-7B,AQLM,62ece4992e6aefcf4aabbd78,2.0,0,0,0,1.0,0.0
CoderEval-Python-CodeLlama-7B-AQLM,CodeLlama-7B,AQLM,62ece4992e6aefcf4aabbd79,5.0,0,0,0,2.0,1.0
CoderEval-Python-CodeLlama-7B-AQLM,CodeLlama-7B,AQLM,62ece4992e6aefcf4aabbd80,5.0,0,0,0,4.0,5.0
CoderEval-Python-CodeLlama-7B-AQLM,CodeLlama-7B,AQLM,62ece4992e6aefcf4aabbd82,6.0,0,0,0,3.0,3.0
CoderEval-Python-CodeLlama-7B-AQLM,CodeLlama-7B,AQLM,62ece4992e6aefcf4aabbd83,36.0,0,0,0,11.0,11.0
CoderEval-Python-CodeLlama-7B-AQLM,CodeLlama-7B,AQLM,62ece4992e6aefcf4aabbd84,6.0,0,0,0,1.0,1.0
CoderEval-Python-CodeLlama-7B-AQLM,CodeLlama-7B,AQLM,62ece4992e6aefcf4aabbd85,10.0,0,0,0,4.0,4.0
CoderEval-Python-CodeLlama-7B-AQLM,CodeLlama-7B,AQLM,62ece4992e6aefcf4aabbd86,4.0,0,0,0,2.0,1.0
CoderEval-Python-CodeLlama-7B-AQLM,CodeLlama-7B,AQLM,62ece4992e6aefcf4aabbd87,11.0,0,0,0,2.0,2.0
CoderEval-Python-CodeLlama-7B-AQLM,CodeLlama-7B,AQLM,62ece4992e6aefcf4aabbd88,2.0,0,0,0,1.0,0.0
CoderEval-Python-CodeLlama-7B-AQLM,CodeLlama-7B,AQLM,62ece4992e6aefcf4aabbd7a,2.0,0,0,0,2.0,1.0
CoderEval-Python-CodeLlama-7B-AQLM,CodeLlama-7B,AQLM,62ece4992e6aefcf4aabbd7b,8.0,0,0,0,3.0,3.0
CoderEval-Python-CodeLlama-7B-AQLM,CodeLlama-7B,AQLM,62ece4992e6aefcf4aabbd7c,2.0,0,0,0,1.0,0.0
CoderEval-Python-CodeLlama-7B-AQLM,CodeLlama-7B,AQLM,62ece4992e6aefcf4aabbd7d,32.0,0,4,0,1.0,0.0
CoderEval-Python-CodeLlama-7B-AQLM,CodeLlama-7B,AQLM,62ece4992e6aefcf4aabbd7e,10.0,0,0,0,3.0,4.0
CoderEval-Python-CodeLlama-7B-AQLM,CodeLlama-7B,AQLM,62ece4992e6aefcf4aabbd7f,18.0,0,0,0,4.0,5.0
CoderEval-Python-CodeLlama-7B-AQLM,CodeLlama-7B,AQLM,62ece4992e6aefcf4aabbd8a,10.0,0,0,0,3.0,4.0
CoderEval-Python-CodeLlama-7B-AQLM,CodeLlama-7B,AQLM,62ece4992e6aefcf4aabbd8b,4.0,0,0,0,2.0,1.0
CoderEval-Python-CodeLlama-7B-AQLM,CodeLlama-7B,AQLM,6305f9991d275c6667163c50,3.0,0,0,0,1.0,0.0
CoderEval-Python-CodeLlama-7B-AQLM,CodeLlama-7B,AQLM,6306091073426c38ae68acac,7.0,0,0,0,3.0,4.0
CoderEval-Python-CodeLlama-7B-AQLM,CodeLlama-7B,AQLM,6306091a73426c38ae68acc8,2.0,0,0,0,1.0,0.0
CoderEval-Python-CodeLlama-7B-AQLM,CodeLlama-7B,AQLM,6306092973426c38ae68ad01,6.0,0,0,0,3.0,3.0
CoderEval-Python-CodeLlama-7B-AQLM,CodeLlama-7B,AQLM,6306092c73426c38ae68ad02,7.0,0,0,0,5.0,6.0
CoderEval-Python-CodeLlama-7B-AQLM,CodeLlama-7B,AQLM,6306092d73426c38ae68ad04,2.0,0,0,0,1.0,0.0
CoderEval-Python-CodeLlama-7B-AQLM,CodeLlama-7B,AQLM,6306092d73426c38ae68ad05,5.0,0,0,0,3.0,3.0
CoderEval-Python-CodeLlama-7B-AQLM,CodeLlama-7B,AQLM,6306092d73426c38ae68ad06,6.0,0,0,0,3.0,3.0
CoderEval-Python-CodeLlama-7B-AQLM,CodeLlama-7B,AQLM,6306092d73426c38ae68ad08,11.0,0,2,0,6.0,15.0
CoderEval-Python-CodeLlama-7B-AQLM,CodeLlama-7B,AQLM,6306092e73426c38ae68ad0d,14.0,0,1,0,2.0,6.0
CoderEval-Python-CodeLlama-7B-AQLM,CodeLlama-7B,AQLM,6306092e73426c38ae68ad0f,15.0,0,0,0,4.0,9.0
CoderEval-Python-CodeLlama-7B-AQLM,CodeLlama-7B,AQLM,6306092f73426c38ae68ad13,2.0,0,26,0,1.0,0.0
CoderEval-Python-CodeLlama-7B-AQLM,CodeLlama-7B,AQLM,6306093273426c38ae68ad15,1.0,0,42,0,1.0,0.0
CoderEval-Python-CodeLlama-7B-AQLM,CodeLlama-7B,AQLM,63060ada73426c38ae68ad31,0.0,0,0,0,0.0,0.0
CoderEval-Python-CodeLlama-7B-AQLM,CodeLlama-7B,AQLM,63060b1a73426c38ae68ad3e,7.0,1,0,0,2.0,1.0
CoderEval-Python-CodeLlama-7B-AQLM,CodeLlama-7B,AQLM,63060b1b73426c38ae68ad42,3.0,0,0,0,2.0,1.0
CoderEval-Python-CodeLlama-7B-AQLM,CodeLlama-7B,AQLM,6306292052e177c0ba469f09,13.0,0,0,0,4.0,9.0
CoderEval-Python-CodeLlama-7B-AQLM,CodeLlama-7B,AQLM,6306292152e177c0ba469f0d,6.0,0,0,0,3.0,2.0
CoderEval-Python-CodeLlama-7B-AQLM,CodeLlama-7B,AQLM,6306292252e177c0ba469f11,2.0,0,0,0,1.0,0.0
CoderEval-Python-CodeLlama-7B-AQLM,CodeLlama-7B,AQLM,6306292352e177c0ba469f1d,9.0,0,0,0,3.0,3.0
CoderEval-Python-CodeLlama-7B-AQLM,CodeLlama-7B,AQLM,6306292352e177c0ba469f1e,4.0,0,0,0,1.0,0.0
CoderEval-Python-CodeLlama-7B-AQLM,CodeLlama-7B,AQLM,6306292652e177c0ba469f34,7.0,0,0,0,1.0,1.0
CoderEval-Python-CodeLlama-7B-AQLM,CodeLlama-7B,AQLM,6306292a52e177c0ba469f41,5.0,0,0,0,3.0,3.0
CoderEval-Python-CodeLlama-7B-AQLM,CodeLlama-7B,AQLM,6306298b52e177c0ba469fdc,2.0,0,0,0,1.0,0.0
CoderEval-Python-CodeLlama-7B-AQLM,CodeLlama-7B,AQLM,6306299052e177c0ba469fe8,5.0,0,0,0,2.0,2.0
CoderEval-Python-CodeLlama-7B-AQLM,CodeLlama-7B,AQLM,630629b952e177c0ba46a043,7.0,0,0,0,2.0,1.0
CoderEval-Python-CodeLlama-7B-AQLM,CodeLlama-7B,AQLM,630629d052e177c0ba46a0a1,2.0,0,4,0,1.0,0.0
CoderEval-Python-CodeLlama-7B-AQLM,CodeLlama-7B,AQLM,630629e052e177c0ba46a0c4,3.0,0,0,0,1.0,0.0
CoderEval-Python-CodeLlama-7B-AQLM,CodeLlama-7B,AQLM,630629e152e177c0ba46a0d1,5.0,0,0,0,1.0,1.0
CoderEval-Python-CodeLlama-7B-AQLM,CodeLlama-7B,AQLM,630629e152e177c0ba46a0d2,7.0,0,1,0,2.0,2.0
CoderEval-Python-CodeLlama-7B-AQLM,CodeLlama-7B,AQLM,630629e252e177c0ba46a0d6,8.0,0,0,0,2.0,4.0
CoderEval-Python-CodeLlama-7B-AQLM,CodeLlama-7B,AQLM,630629e752e177c0ba46a0fb,2.0,0,0,0,1.0,0.0
CoderEval-Python-CodeLlama-7B-AWQ,CodeLlama-7B,AWQ,62b438a266fea644fe22cc2d,12.0,0,0,0,3.0,4.0
CoderEval-Python-CodeLlama-7B-AWQ,CodeLlama-7B,AWQ,62b438a266fea644fe22cc2e,0.0,0,0,0,0.0,0.0
CoderEval-Python-CodeLlama-7B-AWQ,CodeLlama-7B,AWQ,62b438b666fea644fe22cc72,2.0,0,0,0,1.0,0.0
CoderEval-Python-CodeLlama-7B-AWQ,CodeLlama-7B,AWQ,62b438b666fea644fe22cc78,10.0,0,0,0,1.0,0.0
CoderEval-Python-CodeLlama-7B-AWQ,CodeLlama-7B,AWQ,62b45665d7d32e5b55cc8364,11.0,0,0,0,3.0,4.0
CoderEval-Python-CodeLlama-7B-AWQ,CodeLlama-7B,AWQ,62b45665d7d32e5b55cc8365,18.0,1,1,0,1.0,0.0
CoderEval-Python-CodeLlama-7B-AWQ,CodeLlama-7B,AWQ,62b45679d7d32e5b55cc83a9,2.0,0,0,0,1.0,0.0
CoderEval-Python-CodeLlama-7B-AWQ,CodeLlama-7B,AWQ,62b4567ad7d32e5b55cc83af,10.0,0,0,0,1.0,0.0
CoderEval-Python-CodeLlama-7B-AWQ,CodeLlama-7B,AWQ,62b4567ed7d32e5b55cc83d9,13.0,0,0,0,4.0,9.0
CoderEval-Python-CodeLlama-7B-AWQ,CodeLlama-7B,AWQ,62b45df05108cfac7f2109ce,0.0,0,0,0,0.0,0.0
CoderEval-Python-CodeLlama-7B-AWQ,CodeLlama-7B,AWQ,62b45df15108cfac7f2109dc,2.0,0,0,0,1.0,0.0
CoderEval-Python-CodeLlama-7B-AWQ,CodeLlama-7B,AWQ,62b45df15108cfac7f2109dd,2.0,0,0,0,1.0,0.0
CoderEval-Python-CodeLlama-7B-AWQ,CodeLlama-7B,AWQ,62b45e145108cfac7f210a07,0.0,0,0,0,0.0,0.0
CoderEval-Python-CodeLlama-7B-AWQ,CodeLlama-7B,AWQ,62b45e145108cfac7f210a09,8.0,0,0,0,4.0,6.0
CoderEval-Python-CodeLlama-7B-AWQ,CodeLlama-7B,AWQ,62b45e165108cfac7f210a16,0.0,0,0,0,0.0,0.0
CoderEval-Python-CodeLlama-7B-AWQ,CodeLlama-7B,AWQ,62b45e165108cfac7f210a17,5.0,0,0,0,2.0,1.0
CoderEval-Python-CodeLlama-7B-AWQ,CodeLlama-7B,AWQ,62b45e175108cfac7f210a19,16.0,0,1,0,6.0,5.0
CoderEval-Python-CodeLlama-7B-AWQ,CodeLlama-7B,AWQ,62b45e21e0d4551b0392c8ed,7.0,0,0,0,2.0,3.0
CoderEval-Python-CodeLlama-7B-AWQ,CodeLlama-7B,AWQ,62b45e23e0d4551b0392c90a,13.0,0,0,0,4.0,6.0
CoderEval-Python-CodeLlama-7B-AWQ,CodeLlama-7B,AWQ,62b45e2eb89c9fd354170232,4.0,0,0,0,1.0,0.0
CoderEval-Python-CodeLlama-7B-AWQ,CodeLlama-7B,AWQ,62b45e515108cfac7f210a3c,3.0,0,0,0,1.0,0.0
CoderEval-Python-CodeLlama-7B-AWQ,CodeLlama-7B,AWQ,62b45e945108cfac7f210a4a,8.0,0,0,0,3.0,3.0
CoderEval-Python-CodeLlama-7B-AWQ,CodeLlama-7B,AWQ,62b463153879012d19481498,2.0,0,0,0,2.0,0.0
CoderEval-Python-CodeLlama-7B-AWQ,CodeLlama-7B,AWQ,62b463153879012d1948149a,8.0,0,0,0,4.0,4.0
CoderEval-Python-CodeLlama-7B-AWQ,CodeLlama-7B,AWQ,62b463153879012d1948149b,2.0,0,0,0,2.0,1.0
CoderEval-Python-CodeLlama-7B-AWQ,CodeLlama-7B,AWQ,62b463153879012d1948149c,2.0,0,0,0,2.0,0.0
CoderEval-Python-CodeLlama-7B-AWQ,CodeLlama-7B,AWQ,62b463153879012d1948149d,3.0,0,0,0,1.0,0.0
CoderEval-Python-CodeLlama-7B-AWQ,CodeLlama-7B,AWQ,62b463153879012d1948149f,9.0,0,0,0,3.0,2.0
CoderEval-Python-CodeLlama-7B-AWQ,CodeLlama-7B,AWQ,62b463153879012d194814a1,2.0,0,0,0,1.0,0.0
CoderEval-Python-CodeLlama-7B-AWQ,CodeLlama-7B,AWQ,62b463163879012d194814a2,2.0,0,0,0,1.0,0.0
CoderEval-Python-CodeLlama-7B-AWQ,CodeLlama-7B,AWQ,62b463163879012d194814a4,2.0,0,0,0,1.0,0.0
CoderEval-Python-CodeLlama-7B-AWQ,CodeLlama-7B,AWQ,62b463163879012d194814a6,3.0,0,0,0,1.0,0.0
CoderEval-Python-CodeLlama-7B-AWQ,CodeLlama-7B,AWQ,62b4631b3879012d194814dd,2.0,0,0,0,1.0,0.0
CoderEval-Python-CodeLlama-7B-AWQ,CodeLlama-7B,AWQ,62b463283879012d1948153d,6.0,0,0,0,3.0,3.0
CoderEval-Python-CodeLlama-7B-AWQ,CodeLlama-7B,AWQ,62b463303879012d19481579,9.0,0,0,0,3.0,4.0
CoderEval-Python-CodeLlama-7B-AWQ,CodeLlama-7B,AWQ,62b46740d2f69a53b466171a,6.0,0,0,0,3.0,2.0
CoderEval-Python-CodeLlama-7B-AWQ,CodeLlama-7B,AWQ,62b46746d2f69a53b4661722,2.0,0,0,0,1.0,0.0
CoderEval-Python-CodeLlama-7B-AWQ,CodeLlama-7B,AWQ,62b86707b4d922cb0e688c2a,0.0,0,0,0,0.0,0.0
CoderEval-Python-CodeLlama-7B-AWQ,CodeLlama-7B,AWQ,62b86729b4d922cb0e688c2f,34.0,0,0,0,1.0,0.0
CoderEval-Python-CodeLlama-7B-AWQ,CodeLlama-7B,AWQ,62b869eab4d922cb0e688cbf,12.0,0,0,0,3.0,3.0
CoderEval-Python-CodeLlama-7B-AWQ,CodeLlama-7B,AWQ,62b869eab4d922cb0e688cc5,0.0,0,0,0,0.0,0.0
CoderEval-Python-CodeLlama-7B-AWQ,CodeLlama-7B,AWQ,62b869ebb4d922cb0e688cc6,0.0,0,0,0,0.0,0.0
CoderEval-Python-CodeLlama-7B-AWQ,CodeLlama-7B,AWQ,62b86a01b4d922cb0e688ccc,10.0,0,1,0,3.0,5.0
CoderEval-Python-CodeLlama-7B-AWQ,CodeLlama-7B,AWQ,62b86a4fb4d922cb0e688cf7,3.0,0,0,0,2.0,1.0
CoderEval-Python-CodeLlama-7B-AWQ,CodeLlama-7B,AWQ,62b86a4fb4d922cb0e688cf8,8.0,0,0,0,4.0,3.0
CoderEval-Python-CodeLlama-7B-AWQ,CodeLlama-7B,AWQ,62b86a9eb4d922cb0e688d25,0.0,0,0,0,0.0,0.0
CoderEval-Python-CodeLlama-7B-AWQ,CodeLlama-7B,AWQ,62b86aa3b4d922cb0e688d36,4.0,0,0,0,2.0,1.0
CoderEval-Python-CodeLlama-7B-AWQ,CodeLlama-7B,AWQ,62b87af09a0c4fa8b80b34f1,16.0,0,0,0,9.0,8.0
CoderEval-Python-CodeLlama-7B-AWQ,CodeLlama-7B,AWQ,62b87af19a0c4fa8b80b34f7,5.0,0,0,0,5.0,3.0
CoderEval-Python-CodeLlama-7B-AWQ,CodeLlama-7B,AWQ,62b87af69a0c4fa8b80b351a,2.0,0,0,0,2.0,1.0
CoderEval-Python-CodeLlama-7B-AWQ,CodeLlama-7B,AWQ,62b87af99a0c4fa8b80b3524,2.0,0,0,0,1.0,0.0
CoderEval-Python-CodeLlama-7B-AWQ,CodeLlama-7B,AWQ,62b87b099a0c4fa8b80b3538,2.0,0,0,0,2.0,1.0
CoderEval-Python-CodeLlama-7B-AWQ,CodeLlama-7B,AWQ,62b87b199a0c4fa8b80b354c,0.0,0,0,0,0.0,0.0
CoderEval-Python-CodeLlama-7B-AWQ,CodeLlama-7B,AWQ,62b87b199a0c4fa8b80b354e,6.0,0,1,0,1.0,1.0
CoderEval-Python-CodeLlama-7B-AWQ,CodeLlama-7B,AWQ,62b87b4f9a0c4fa8b80b3580,2.0,0,0,0,1.0,0.0
CoderEval-Python-CodeLlama-7B-AWQ,CodeLlama-7B,AWQ,62b87b4f9a0c4fa8b80b3581,21.0,0,0,0,8.0,8.0
CoderEval-Python-CodeLlama-7B-AWQ,CodeLlama-7B,AWQ,62b87b519a0c4fa8b80b3583,12.0,0,0,0,5.0,4.0
CoderEval-Python-CodeLlama-7B-AWQ,CodeLlama-7B,AWQ,62b87b7e9a0c4fa8b80b35bc,4.0,0,0,0,3.0,3.0
CoderEval-Python-CodeLlama-7B-AWQ,CodeLlama-7B,AWQ,62b87b839a0c4fa8b80b35cb,6.0,0,0,0,3.0,3.0
CoderEval-Python-CodeLlama-7B-AWQ,CodeLlama-7B,AWQ,62b87b859a0c4fa8b80b35d7,2.0,0,0,0,1.0,0.0
CoderEval-Python-CodeLlama-7B-AWQ,CodeLlama-7B,AWQ,62b87b869a0c4fa8b80b35e1,0.0,0,0,0,0.0,0.0
CoderEval-Python-CodeLlama-7B-AWQ,CodeLlama-7B,AWQ,62b87b989a0c4fa8b80b35ee,3.0,0,0,0,1.0,0.0
CoderEval-Python-CodeLlama-7B-AWQ,CodeLlama-7B,AWQ,62b87d23d292efb640a55667,0.0,0,0,0,0.0,0.0
CoderEval-Python-CodeLlama-7B-AWQ,CodeLlama-7B,AWQ,62b87d23d292efb640a55668,18.0,0,0,0,1.0,0.0
CoderEval-Python-CodeLlama-7B-AWQ,CodeLlama-7B,AWQ,62b87d23d292efb640a5566b,0.0,0,0,0,0.0,0.0
CoderEval-Python-CodeLlama-7B-AWQ,CodeLlama-7B,AWQ,62b87d24d292efb640a55670,5.0,0,1,0,1.0,1.0
CoderEval-Python-CodeLlama-7B-AWQ,CodeLlama-7B,AWQ,62b87d24d292efb640a5566d,2.0,0,0,0,2.0,1.0
CoderEval-Python-CodeLlama-7B-AWQ,CodeLlama-7B,AWQ,62b87d24d292efb640a5566f,19.0,0,0,0,2.0,9.0
CoderEval-Python-CodeLlama-7B-AWQ,CodeLlama-7B,AWQ,62b89640755ee91dce50a114,9.0,0,0,0,4.0,2.0
CoderEval-Python-CodeLlama-7B-AWQ,CodeLlama-7B,AWQ,62b8982f755ee91dce50a241,14.0,0,0,0,1.0,0.0
CoderEval-Python-CodeLlama-7B-AWQ,CodeLlama-7B,AWQ,62b8a4a4755ee91dce50a3d2,5.0,0,0,0,2.0,2.0
CoderEval-Python-CodeLlama-7B-AWQ,CodeLlama-7B,AWQ,62b8a7b2755ee91dce50a4a7,4.0,0,0,0,2.0,1.0
CoderEval-Python-CodeLlama-7B-AWQ,CodeLlama-7B,AWQ,62b8b3d4eb7e40a82d2d110d,2.0,0,0,0,1.0,0.0
CoderEval-Python-CodeLlama-7B-AWQ,CodeLlama-7B,AWQ,62b8b3d4eb7e40a82d2d110e,2.0,0,0,0,1.0,0.0
CoderEval-Python-CodeLlama-7B-AWQ,CodeLlama-7B,AWQ,62b8b3d4eb7e40a82d2d110f,2.0,0,0,0,1.0,0.0
CoderEval-Python-CodeLlama-7B-AWQ,CodeLlama-7B,AWQ,62b8b3d5eb7e40a82d2d1110,6.0,0,0,0,1.0,1.0
CoderEval-Python-CodeLlama-7B-AWQ,CodeLlama-7B,AWQ,62b8b3d6eb7e40a82d2d111c,0.0,0,0,0,0.0,0.0
CoderEval-Python-CodeLlama-7B-AWQ,CodeLlama-7B,AWQ,62b8b416eb7e40a82d2d1129,5.0,0,0,0,2.0,2.0
CoderEval-Python-CodeLlama-7B-AWQ,CodeLlama-7B,AWQ,62b8b4b9eb7e40a82d2d1134,5.0,0,1,0,2.0,2.0
CoderEval-Python-CodeLlama-7B-AWQ,CodeLlama-7B,AWQ,62b8b4baeb7e40a82d2d1136,32.0,0,1,0,11.0,17.0
CoderEval-Python-CodeLlama-7B-AWQ,CodeLlama-7B,AWQ,62b8b4baeb7e40a82d2d1137,32.0,0,3,0,11.0,17.0
CoderEval-Python-CodeLlama-7B-AWQ,CodeLlama-7B,AWQ,62b8b4c1eb7e40a82d2d1139,10.0,0,2,0,5.0,4.0
CoderEval-Python-CodeLlama-7B-AWQ,CodeLlama-7B,AWQ,62b8b559eb7e40a82d2d11f6,5.0,0,1,0,2.0,2.0
CoderEval-Python-CodeLlama-7B-AWQ,CodeLlama-7B,AWQ,62b8b559eb7e40a82d2d11f8,6.0,0,1,0,3.0,3.0
CoderEval-Python-CodeLlama-7B-AWQ,CodeLlama-7B,AWQ,62b8b58deb7e40a82d2d1269,2.0,0,1,0,1.0,0.0
CoderEval-Python-CodeLlama-7B-AWQ,CodeLlama-7B,AWQ,62b8b590eb7e40a82d2d1275,2.0,0,1,0,1.0,0.0
CoderEval-Python-CodeLlama-7B-AWQ,CodeLlama-7B,AWQ,62b8b59feb7e40a82d2d1291,2.0,0,1,0,1.0,0.0
CoderEval-Python-CodeLlama-7B-AWQ,CodeLlama-7B,AWQ,62b8d22548ba5a41d1c3f472,0.0,0,0,0,0.0,0.0
CoderEval-Python-CodeLlama-7B-AWQ,CodeLlama-7B,AWQ,62b8d22948ba5a41d1c3f47c,5.0,0,0,0,2.0,2.0
CoderEval-Python-CodeLlama-7B-AWQ,CodeLlama-7B,AWQ,62b8d22a48ba5a41d1c3f47d,10.0,0,0,0,2.0,3.0
CoderEval-Python-CodeLlama-7B-AWQ,CodeLlama-7B,AWQ,62b8d22a48ba5a41d1c3f47e,6.0,0,0,0,2.0,2.0
CoderEval-Python-CodeLlama-7B-AWQ,CodeLlama-7B,AWQ,62b8d22f48ba5a41d1c3f488,8.0,0,0,0,2.0,1.0
CoderEval-Python-CodeLlama-7B-AWQ,CodeLlama-7B,AWQ,62b8d23748ba5a41d1c3f496,0.0,0,0,0,0.0,0.0
CoderEval-Python-CodeLlama-7B-AWQ,CodeLlama-7B,AWQ,62b8d23748ba5a41d1c3f497,8.0,0,0,0,2.0,1.0
CoderEval-Python-CodeLlama-7B-AWQ,CodeLlama-7B,AWQ,62b8d23948ba5a41d1c3f498,29.0,1,2,0,7.0,12.0
CoderEval-Python-CodeLlama-7B-AWQ,CodeLlama-7B,AWQ,62b8d23a48ba5a41d1c3f499,5.0,0,0,0,2.0,2.0
CoderEval-Python-CodeLlama-7B-AWQ,CodeLlama-7B,AWQ,62b8d23b48ba5a41d1c3f49a,40.0,0,1,0,10.0,14.0
CoderEval-Python-CodeLlama-7B-AWQ,CodeLlama-7B,AWQ,62b8d23c48ba5a41d1c3f49b,9.0,0,0,0,2.0,1.0
CoderEval-Python-CodeLlama-7B-AWQ,CodeLlama-7B,AWQ,62b8d23e48ba5a41d1c3f49e,2.0,0,0,0,1.0,0.0
CoderEval-Python-CodeLlama-7B-AWQ,CodeLlama-7B,AWQ,62b8d24048ba5a41d1c3f49f,24.0,0,0,0,4.0,9.0
CoderEval-Python-CodeLlama-7B-AWQ,CodeLlama-7B,AWQ,62b8d27a48ba5a41d1c3f4c6,0.0,0,0,0,0.0,0.0
CoderEval-Python-CodeLlama-7B-AWQ,CodeLlama-7B,AWQ,62e4fb4d85ea9864308902e7,53.0,0,1,0,27.0,26.0
CoderEval-Python-CodeLlama-7B-AWQ,CodeLlama-7B,AWQ,62e4fb6585ea98643089032b,2.0,0,0,0,1.0,0.0
CoderEval-Python-CodeLlama-7B-AWQ,CodeLlama-7B,AWQ,62e4fbda85ea986430890403,2.0,0,0,0,1.0,0.0
CoderEval-Python-CodeLlama-7B-AWQ,CodeLlama-7B,AWQ,62e4fbda85ea986430890405,0.0,0,0,0,0.0,0.0
CoderEval-Python-CodeLlama-7B-AWQ,CodeLlama-7B,AWQ,62e5dc9ed76274f8a4026b5b,0.0,0,0,0,0.0,0.0
CoderEval-Python-CodeLlama-7B-AWQ,CodeLlama-7B,AWQ,62e60707d76274f8a4026b69,32.0,0,0,0,14.0,7.0
CoderEval-Python-CodeLlama-7B-AWQ,CodeLlama-7B,AWQ,62e60723d76274f8a4026b75,2.0,0,0,0,1.0,0.0
CoderEval-Python-CodeLlama-7B-AWQ,CodeLlama-7B,AWQ,62e60879d76274f8a4026bec,0.0,0,0,0,0.0,0.0
CoderEval-Python-CodeLlama-7B-AWQ,CodeLlama-7B,AWQ,62e6087ad76274f8a4026bf2,0.0,0,0,0,0.0,0.0
CoderEval-Python-CodeLlama-7B-AWQ,CodeLlama-7B,AWQ,62e6087bd76274f8a4026bfa,2.0,0,0,0,1.0,0.0
CoderEval-Python-CodeLlama-7B-AWQ,CodeLlama-7B,AWQ,62e60b10d76274f8a4026ccd,2.0,0,0,0,1.0,0.0
CoderEval-Python-CodeLlama-7B-AWQ,CodeLlama-7B,AWQ,62e60da4d76274f8a4026cf1,2.0,0,0,0,1.0,0.0
CoderEval-Python-CodeLlama-7B-AWQ,CodeLlama-7B,AWQ,62e60e05d76274f8a4026cfd,2.0,0,0,0,1.0,0.0
CoderEval-Python-CodeLlama-7B-AWQ,CodeLlama-7B,AWQ,62e60e49d76274f8a4026d25,0.0,0,0,0,0.0,0.0
CoderEval-Python-CodeLlama-7B-AWQ,CodeLlama-7B,AWQ,62e60ed4d76274f8a4026da0,2.0,0,0,0,1.0,0.0
CoderEval-Python-CodeLlama-7B-AWQ,CodeLlama-7B,AWQ,62e60f33d76274f8a4026de9,0.0,0,0,0,0.0,0.0
CoderEval-Python-CodeLlama-7B-AWQ,CodeLlama-7B,AWQ,62e60f37d76274f8a4026dfd,2.0,0,0,0,1.0,0.0
CoderEval-Python-CodeLlama-7B-AWQ,CodeLlama-7B,AWQ,62e60f3bd76274f8a4026e10,6.0,0,0,0,1.0,0.0
CoderEval-Python-CodeLlama-7B-AWQ,CodeLlama-7B,AWQ,62e60f43d76274f8a4026e28,4.0,0,0,0,2.0,1.0
CoderEval-Python-CodeLlama-7B-AWQ,CodeLlama-7B,AWQ,62ece4982e6aefcf4aabbd60,16.0,0,0,0,3.0,7.0
CoderEval-Python-CodeLlama-7B-AWQ,CodeLlama-7B,AWQ,62ece4982e6aefcf4aabbd61,9.0,0,0,0,4.0,7.0
CoderEval-Python-CodeLlama-7B-AWQ,CodeLlama-7B,AWQ,62ece4982e6aefcf4aabbd62,5.0,0,0,0,3.0,3.0
CoderEval-Python-CodeLlama-7B-AWQ,CodeLlama-7B,AWQ,62ece4982e6aefcf4aabbd63,2.0,0,0,0,2.0,1.0
CoderEval-Python-CodeLlama-7B-AWQ,CodeLlama-7B,AWQ,62ece4982e6aefcf4aabbd64,5.0,0,1,0,2.0,2.0
CoderEval-Python-CodeLlama-7B-AWQ,CodeLlama-7B,AWQ,62ece4982e6aefcf4aabbd65,2.0,0,0,0,1.0,0.0
CoderEval-Python-CodeLlama-7B-AWQ,CodeLlama-7B,AWQ,62ece4982e6aefcf4aabbd66,8.0,0,0,0,3.0,4.0
CoderEval-Python-CodeLlama-7B-AWQ,CodeLlama-7B,AWQ,62ece4982e6aefcf4aabbd67,2.0,0,0,0,1.0,0.0
CoderEval-Python-CodeLlama-7B-AWQ,CodeLlama-7B,AWQ,62ece4982e6aefcf4aabbd69,3.0,0,0,0,1.0,0.0
CoderEval-Python-CodeLlama-7B-AWQ,CodeLlama-7B,AWQ,62ece4982e6aefcf4aabbd70,2.0,0,0,0,1.0,0.0
CoderEval-Python-CodeLlama-7B-AWQ,CodeLlama-7B,AWQ,62ece4982e6aefcf4aabbd71,5.0,0,0,0,2.0,1.0
CoderEval-Python-CodeLlama-7B-AWQ,CodeLlama-7B,AWQ,62ece4982e6aefcf4aabbd72,2.0,0,0,0,1.0,0.0
CoderEval-Python-CodeLlama-7B-AWQ,CodeLlama-7B,AWQ,62ece4982e6aefcf4aabbd73,10.0,0,0,0,4.0,6.0
CoderEval-Python-CodeLlama-7B-AWQ,CodeLlama-7B,AWQ,62ece4982e6aefcf4aabbd74,0.0,0,0,0,0.0,0.0
CoderEval-Python-CodeLlama-7B-AWQ,CodeLlama-7B,AWQ,62ece4982e6aefcf4aabbd76,2.0,0,0,0,1.0,0.0
CoderEval-Python-CodeLlama-7B-AWQ,CodeLlama-7B,AWQ,62ece4982e6aefcf4aabbd77,9.0,0,1,0,3.0,5.0
CoderEval-Python-CodeLlama-7B-AWQ,CodeLlama-7B,AWQ,62ece4982e6aefcf4aabbd5f,3.0,0,0,0,2.0,1.0
CoderEval-Python-CodeLlama-7B-AWQ,CodeLlama-7B,AWQ,62ece4982e6aefcf4aabbd6a,2.0,0,0,0,1.0,0.0
CoderEval-Python-CodeLlama-7B-AWQ,CodeLlama-7B,AWQ,62ece4982e6aefcf4aabbd6b,6.0,1,0,0,2.0,1.0
CoderEval-Python-CodeLlama-7B-AWQ,CodeLlama-7B,AWQ,62ece4982e6aefcf4aabbd6f,10.0,0,0,0,3.0,2.0
CoderEval-Python-CodeLlama-7B-AWQ,CodeLlama-7B,AWQ,62ece4992e6aefcf4aabbd78,2.0,0,0,0,1.0,0.0
CoderEval-Python-CodeLlama-7B-AWQ,CodeLlama-7B,AWQ,62ece4992e6aefcf4aabbd79,5.0,0,0,0,2.0,1.0
CoderEval-Python-CodeLlama-7B-AWQ,CodeLlama-7B,AWQ,62ece4992e6aefcf4aabbd80,5.0,0,0,0,4.0,5.0
CoderEval-Python-CodeLlama-7B-AWQ,CodeLlama-7B,AWQ,62ece4992e6aefcf4aabbd82,6.0,0,0,0,3.0,3.0
CoderEval-Python-CodeLlama-7B-AWQ,CodeLlama-7B,AWQ,62ece4992e6aefcf4aabbd83,37.0,0,1,0,17.0,19.0
CoderEval-Python-CodeLlama-7B-AWQ,CodeLlama-7B,AWQ,62ece4992e6aefcf4aabbd84,6.0,0,0,0,1.0,1.0
CoderEval-Python-CodeLlama-7B-AWQ,CodeLlama-7B,AWQ,62ece4992e6aefcf4aabbd85,0.0,0,0,0,0.0,0.0
CoderEval-Python-CodeLlama-7B-AWQ,CodeLlama-7B,AWQ,62ece4992e6aefcf4aabbd86,4.0,0,0,0,2.0,1.0
CoderEval-Python-CodeLlama-7B-AWQ,CodeLlama-7B,AWQ,62ece4992e6aefcf4aabbd87,14.0,0,0,0,2.0,1.0
CoderEval-Python-CodeLlama-7B-AWQ,CodeLlama-7B,AWQ,62ece4992e6aefcf4aabbd88,2.0,0,0,0,1.0,0.0
CoderEval-Python-CodeLlama-7B-AWQ,CodeLlama-7B,AWQ,62ece4992e6aefcf4aabbd7a,2.0,0,0,0,2.0,1.0
CoderEval-Python-CodeLlama-7B-AWQ,CodeLlama-7B,AWQ,62ece4992e6aefcf4aabbd7b,12.0,0,0,0,3.0,5.0
CoderEval-Python-CodeLlama-7B-AWQ,CodeLlama-7B,AWQ,62ece4992e6aefcf4aabbd7c,2.0,0,0,0,1.0,0.0
CoderEval-Python-CodeLlama-7B-AWQ,CodeLlama-7B,AWQ,62ece4992e6aefcf4aabbd7d,10.0,0,0,0,2.0,1.0
CoderEval-Python-CodeLlama-7B-AWQ,CodeLlama-7B,AWQ,62ece4992e6aefcf4aabbd7e,9.0,0,0,0,2.0,3.0
CoderEval-Python-CodeLlama-7B-AWQ,CodeLlama-7B,AWQ,62ece4992e6aefcf4aabbd7f,9.0,0,0,0,4.0,3.0
CoderEval-Python-CodeLlama-7B-AWQ,CodeLlama-7B,AWQ,62ece4992e6aefcf4aabbd8a,21.0,1,0,0,7.0,13.0
CoderEval-Python-CodeLlama-7B-AWQ,CodeLlama-7B,AWQ,62ece4992e6aefcf4aabbd8b,4.0,0,0,0,2.0,1.0
CoderEval-Python-CodeLlama-7B-AWQ,CodeLlama-7B,AWQ,6305f9991d275c6667163c50,3.0,0,0,0,1.0,0.0
CoderEval-Python-CodeLlama-7B-AWQ,CodeLlama-7B,AWQ,6306091073426c38ae68acac,7.0,0,0,0,3.0,2.0
CoderEval-Python-CodeLlama-7B-AWQ,CodeLlama-7B,AWQ,6306091a73426c38ae68acc8,2.0,0,0,0,1.0,0.0
CoderEval-Python-CodeLlama-7B-AWQ,CodeLlama-7B,AWQ,6306092973426c38ae68ad01,6.0,0,0,0,3.0,3.0
CoderEval-Python-CodeLlama-7B-AWQ,CodeLlama-7B,AWQ,6306092c73426c38ae68ad02,20.0,0,0,0,7.0,9.0
CoderEval-Python-CodeLlama-7B-AWQ,CodeLlama-7B,AWQ,6306092d73426c38ae68ad04,2.0,0,0,0,1.0,0.0
CoderEval-Python-CodeLlama-7B-AWQ,CodeLlama-7B,AWQ,6306092d73426c38ae68ad05,5.0,0,0,0,3.0,3.0
CoderEval-Python-CodeLlama-7B-AWQ,CodeLlama-7B,AWQ,6306092d73426c38ae68ad06,2.0,0,0,0,2.0,0.0
CoderEval-Python-CodeLlama-7B-AWQ,CodeLlama-7B,AWQ,6306092d73426c38ae68ad08,0.0,0,0,0,0.0,0.0
CoderEval-Python-CodeLlama-7B-AWQ,CodeLlama-7B,AWQ,6306092e73426c38ae68ad0d,0.0,0,0,0,0.0,0.0
CoderEval-Python-CodeLlama-7B-AWQ,CodeLlama-7B,AWQ,6306092e73426c38ae68ad0f,12.0,0,0,0,3.0,5.0
CoderEval-Python-CodeLlama-7B-AWQ,CodeLlama-7B,AWQ,6306092f73426c38ae68ad13,0.0,0,0,0,0.0,0.0
CoderEval-Python-CodeLlama-7B-AWQ,CodeLlama-7B,AWQ,6306093273426c38ae68ad15,1.0,0,45,0,1.0,0.0
CoderEval-Python-CodeLlama-7B-AWQ,CodeLlama-7B,AWQ,63060ada73426c38ae68ad31,0.0,0,0,0,0.0,0.0
CoderEval-Python-CodeLlama-7B-AWQ,CodeLlama-7B,AWQ,63060b1a73426c38ae68ad3e,0.0,0,0,0,0.0,0.0
CoderEval-Python-CodeLlama-7B-AWQ,CodeLlama-7B,AWQ,63060b1b73426c38ae68ad42,3.0,0,0,0,2.0,1.0
CoderEval-Python-CodeLlama-7B-AWQ,CodeLlama-7B,AWQ,6306292052e177c0ba469f09,21.0,0,0,0,4.0,13.0
CoderEval-Python-CodeLlama-7B-AWQ,CodeLlama-7B,AWQ,6306292152e177c0ba469f0d,6.0,0,0,0,3.0,2.0
CoderEval-Python-CodeLlama-7B-AWQ,CodeLlama-7B,AWQ,6306292252e177c0ba469f11,2.0,0,0,0,1.0,0.0
CoderEval-Python-CodeLlama-7B-AWQ,CodeLlama-7B,AWQ,6306292352e177c0ba469f1d,44.0,1,1,0,1.0,0.0
CoderEval-Python-CodeLlama-7B-AWQ,CodeLlama-7B,AWQ,6306292352e177c0ba469f1e,6.0,0,0,0,1.0,0.0
CoderEval-Python-CodeLlama-7B-AWQ,CodeLlama-7B,AWQ,6306292652e177c0ba469f34,6.0,0,0,0,1.0,1.0
CoderEval-Python-CodeLlama-7B-AWQ,CodeLlama-7B,AWQ,6306292a52e177c0ba469f41,5.0,0,0,0,3.0,3.0
CoderEval-Python-CodeLlama-7B-AWQ,CodeLlama-7B,AWQ,6306298b52e177c0ba469fdc,2.0,0,0,0,1.0,0.0
CoderEval-Python-CodeLlama-7B-AWQ,CodeLlama-7B,AWQ,6306299052e177c0ba469fe8,5.0,0,0,0,2.0,2.0
CoderEval-Python-CodeLlama-7B-AWQ,CodeLlama-7B,AWQ,630629b952e177c0ba46a043,5.0,0,0,0,1.0,0.0
CoderEval-Python-CodeLlama-7B-AWQ,CodeLlama-7B,AWQ,630629d052e177c0ba46a0a1,6.0,0,1,0,1.0,1.0
CoderEval-Python-CodeLlama-7B-AWQ,CodeLlama-7B,AWQ,630629e052e177c0ba46a0c4,6.0,0,0,0,1.0,0.0
CoderEval-Python-CodeLlama-7B-AWQ,CodeLlama-7B,AWQ,630629e152e177c0ba46a0d1,5.0,0,0,0,1.0,1.0
CoderEval-Python-CodeLlama-7B-AWQ,CodeLlama-7B,AWQ,630629e152e177c0ba46a0d2,5.0,0,0,0,1.0,0.0
CoderEval-Python-CodeLlama-7B-AWQ,CodeLlama-7B,AWQ,630629e252e177c0ba46a0d6,5.0,0,0,0,1.0,1.0
CoderEval-Python-CodeLlama-7B-AWQ,CodeLlama-7B,AWQ,630629e752e177c0ba46a0fb,2.0,0,0,0,1.0,0.0
CoderEval-Python-CodeLlama-7B-BitsAndBytes,CodeLlama-7B,BitsAndBytes,62b438a266fea644fe22cc2d,12.0,0,0,0,3.0,4.0
CoderEval-Python-CodeLlama-7B-BitsAndBytes,CodeLlama-7B,BitsAndBytes,62b438a266fea644fe22cc2e,16.0,0,0,0,1.0,0.0
CoderEval-Python-CodeLlama-7B-BitsAndBytes,CodeLlama-7B,BitsAndBytes,62b438b666fea644fe22cc72,2.0,0,0,0,1.0,0.0
CoderEval-Python-CodeLlama-7B-BitsAndBytes,CodeLlama-7B,BitsAndBytes,62b438b666fea644fe22cc78,20.0,0,0,0,1.0,0.0
CoderEval-Python-CodeLlama-7B-BitsAndBytes,CodeLlama-7B,BitsAndBytes,62b45665d7d32e5b55cc8364,12.0,0,0,0,3.0,4.0
CoderEval-Python-CodeLlama-7B-BitsAndBytes,CodeLlama-7B,BitsAndBytes,62b45665d7d32e5b55cc8365,0.0,0,0,0,0.0,0.0
CoderEval-Python-CodeLlama-7B-BitsAndBytes,CodeLlama-7B,BitsAndBytes,62b45679d7d32e5b55cc83a9,2.0,0,0,0,1.0,0.0
CoderEval-Python-CodeLlama-7B-BitsAndBytes,CodeLlama-7B,BitsAndBytes,62b4567ad7d32e5b55cc83af,20.0,0,0,0,1.0,0.0
CoderEval-Python-CodeLlama-7B-BitsAndBytes,CodeLlama-7B,BitsAndBytes,62b4567ed7d32e5b55cc83d9,11.0,0,0,0,4.0,8.0
CoderEval-Python-CodeLlama-7B-BitsAndBytes,CodeLlama-7B,BitsAndBytes,62b45df05108cfac7f2109ce,67.0,0,1,0,33.0,33.0
CoderEval-Python-CodeLlama-7B-BitsAndBytes,CodeLlama-7B,BitsAndBytes,62b45df15108cfac7f2109dc,2.0,0,1,0,1.0,0.0
CoderEval-Python-CodeLlama-7B-BitsAndBytes,CodeLlama-7B,BitsAndBytes,62b45df15108cfac7f2109dd,2.0,0,0,0,1.0,0.0
CoderEval-Python-CodeLlama-7B-BitsAndBytes,CodeLlama-7B,BitsAndBytes,62b45e145108cfac7f210a07,10.0,0,0,0,4.0,8.0
CoderEval-Python-CodeLlama-7B-BitsAndBytes,CodeLlama-7B,BitsAndBytes,62b45e145108cfac7f210a09,12.0,0,0,0,6.0,12.0
CoderEval-Python-CodeLlama-7B-BitsAndBytes,CodeLlama-7B,BitsAndBytes,62b45e165108cfac7f210a16,28.0,0,1,0,10.0,9.0
CoderEval-Python-CodeLlama-7B-BitsAndBytes,CodeLlama-7B,BitsAndBytes,62b45e165108cfac7f210a17,5.0,0,1,0,2.0,1.0
CoderEval-Python-CodeLlama-7B-BitsAndBytes,CodeLlama-7B,BitsAndBytes,62b45e175108cfac7f210a19,37.0,0,7,0,14.0,22.0
CoderEval-Python-CodeLlama-7B-BitsAndBytes,CodeLlama-7B,BitsAndBytes,62b45e21e0d4551b0392c8ed,7.0,0,0,0,2.0,3.0
CoderEval-Python-CodeLlama-7B-BitsAndBytes,CodeLlama-7B,BitsAndBytes,62b45e23e0d4551b0392c90a,14.0,0,2,0,5.0,9.0
CoderEval-Python-CodeLlama-7B-BitsAndBytes,CodeLlama-7B,BitsAndBytes,62b45e2eb89c9fd354170232,4.0,0,0,0,1.0,0.0
CoderEval-Python-CodeLlama-7B-BitsAndBytes,CodeLlama-7B,BitsAndBytes,62b45e515108cfac7f210a3c,6.0,0,0,0,1.0,0.0
CoderEval-Python-CodeLlama-7B-BitsAndBytes,CodeLlama-7B,BitsAndBytes,62b45e945108cfac7f210a4a,8.0,0,0,0,3.0,3.0
CoderEval-Python-CodeLlama-7B-BitsAndBytes,CodeLlama-7B,BitsAndBytes,62b463153879012d19481498,2.0,0,0,0,1.0,0.0
CoderEval-Python-CodeLlama-7B-BitsAndBytes,CodeLlama-7B,BitsAndBytes,62b463153879012d1948149a,10.0,0,1,0,5.0,7.0
CoderEval-Python-CodeLlama-7B-BitsAndBytes,CodeLlama-7B,BitsAndBytes,62b463153879012d1948149b,2.0,0,0,0,2.0,1.0
CoderEval-Python-CodeLlama-7B-BitsAndBytes,CodeLlama-7B,BitsAndBytes,62b463153879012d1948149c,2.0,0,0,0,2.0,0.0
CoderEval-Python-CodeLlama-7B-BitsAndBytes,CodeLlama-7B,BitsAndBytes,62b463153879012d1948149d,3.0,0,0,0,1.0,0.0
CoderEval-Python-CodeLlama-7B-BitsAndBytes,CodeLlama-7B,BitsAndBytes,62b463153879012d1948149f,8.0,0,0,0,4.0,3.0
CoderEval-Python-CodeLlama-7B-BitsAndBytes,CodeLlama-7B,BitsAndBytes,62b463153879012d194814a1,2.0,0,0,0,1.0,0.0
CoderEval-Python-CodeLlama-7B-BitsAndBytes,CodeLlama-7B,BitsAndBytes,62b463163879012d194814a2,2.0,0,0,0,1.0,0.0
CoderEval-Python-CodeLlama-7B-BitsAndBytes,CodeLlama-7B,BitsAndBytes,62b463163879012d194814a4,2.0,0,0,0,1.0,0.0
CoderEval-Python-CodeLlama-7B-BitsAndBytes,CodeLlama-7B,BitsAndBytes,62b463163879012d194814a6,3.0,0,0,0,1.0,0.0
CoderEval-Python-CodeLlama-7B-BitsAndBytes,CodeLlama-7B,BitsAndBytes,62b4631b3879012d194814dd,2.0,0,0,0,1.0,0.0
CoderEval-Python-CodeLlama-7B-BitsAndBytes,CodeLlama-7B,BitsAndBytes,62b463283879012d1948153d,6.0,0,0,0,3.0,3.0
CoderEval-Python-CodeLlama-7B-BitsAndBytes,CodeLlama-7B,BitsAndBytes,62b463303879012d19481579,9.0,0,0,0,3.0,4.0
CoderEval-Python-CodeLlama-7B-BitsAndBytes,CodeLlama-7B,BitsAndBytes,62b46740d2f69a53b466171a,4.0,0,1,0,3.0,2.0
CoderEval-Python-CodeLlama-7B-BitsAndBytes,CodeLlama-7B,BitsAndBytes,62b46746d2f69a53b4661722,2.0,0,0,0,1.0,0.0
CoderEval-Python-CodeLlama-7B-BitsAndBytes,CodeLlama-7B,BitsAndBytes,62b86707b4d922cb0e688c2a,0.0,0,0,0,0.0,0.0
CoderEval-Python-CodeLlama-7B-BitsAndBytes,CodeLlama-7B,BitsAndBytes,62b86729b4d922cb0e688c2f,30.0,0,1,0,1.0,0.0
CoderEval-Python-CodeLlama-7B-BitsAndBytes,CodeLlama-7B,BitsAndBytes,62b869eab4d922cb0e688cbf,4.0,0,0,0,3.0,3.0
CoderEval-Python-CodeLlama-7B-BitsAndBytes,CodeLlama-7B,BitsAndBytes,62b869eab4d922cb0e688cc5,0.0,0,0,0,0.0,0.0
CoderEval-Python-CodeLlama-7B-BitsAndBytes,CodeLlama-7B,BitsAndBytes,62b869ebb4d922cb0e688cc6,0.0,0,0,0,0.0,0.0
CoderEval-Python-CodeLlama-7B-BitsAndBytes,CodeLlama-7B,BitsAndBytes,62b86a01b4d922cb0e688ccc,10.0,0,1,0,3.0,5.0
CoderEval-Python-CodeLlama-7B-BitsAndBytes,CodeLlama-7B,BitsAndBytes,62b86a4fb4d922cb0e688cf7,3.0,0,0,0,2.0,1.0
CoderEval-Python-CodeLlama-7B-BitsAndBytes,CodeLlama-7B,BitsAndBytes,62b86a4fb4d922cb0e688cf8,6.0,0,0,0,3.0,2.0
CoderEval-Python-CodeLlama-7B-BitsAndBytes,CodeLlama-7B,BitsAndBytes,62b86a9eb4d922cb0e688d25,0.0,0,0,0,0.0,0.0
CoderEval-Python-CodeLlama-7B-BitsAndBytes,CodeLlama-7B,BitsAndBytes,62b86aa3b4d922cb0e688d36,4.0,0,0,0,2.0,1.0
CoderEval-Python-CodeLlama-7B-BitsAndBytes,CodeLlama-7B,BitsAndBytes,62b87af09a0c4fa8b80b34f1,6.0,0,0,0,4.0,3.0
CoderEval-Python-CodeLlama-7B-BitsAndBytes,CodeLlama-7B,BitsAndBytes,62b87af19a0c4fa8b80b34f7,14.0,0,0,0,5.0,7.0
CoderEval-Python-CodeLlama-7B-BitsAndBytes,CodeLlama-7B,BitsAndBytes,62b87af69a0c4fa8b80b351a,2.0,0,0,0,2.0,1.0
CoderEval-Python-CodeLlama-7B-BitsAndBytes,CodeLlama-7B,BitsAndBytes,62b87af99a0c4fa8b80b3524,2.0,0,0,0,1.0,0.0
CoderEval-Python-CodeLlama-7B-BitsAndBytes,CodeLlama-7B,BitsAndBytes,62b87b099a0c4fa8b80b3538,2.0,0,0,0,2.0,1.0
CoderEval-Python-CodeLlama-7B-BitsAndBytes,CodeLlama-7B,BitsAndBytes,62b87b199a0c4fa8b80b354c,0.0,0,0,0,0.0,0.0
CoderEval-Python-CodeLlama-7B-BitsAndBytes,CodeLlama-7B,BitsAndBytes,62b87b199a0c4fa8b80b354e,6.0,0,1,0,1.0,1.0
CoderEval-Python-CodeLlama-7B-BitsAndBytes,CodeLlama-7B,BitsAndBytes,62b87b4f9a0c4fa8b80b3580,2.0,0,0,0,1.0,0.0
CoderEval-Python-CodeLlama-7B-BitsAndBytes,CodeLlama-7B,BitsAndBytes,62b87b4f9a0c4fa8b80b3581,15.0,0,0,0,5.0,9.0
CoderEval-Python-CodeLlama-7B-BitsAndBytes,CodeLlama-7B,BitsAndBytes,62b87b519a0c4fa8b80b3583,12.0,0,0,0,5.0,4.0
CoderEval-Python-CodeLlama-7B-BitsAndBytes,CodeLlama-7B,BitsAndBytes,62b87b7e9a0c4fa8b80b35bc,15.0,0,0,0,13.0,10.0
CoderEval-Python-CodeLlama-7B-BitsAndBytes,CodeLlama-7B,BitsAndBytes,62b87b839a0c4fa8b80b35cb,6.0,0,0,0,3.0,3.0
CoderEval-Python-CodeLlama-7B-BitsAndBytes,CodeLlama-7B,BitsAndBytes,62b87b859a0c4fa8b80b35d7,3.0,0,0,0,1.0,0.0
CoderEval-Python-CodeLlama-7B-BitsAndBytes,CodeLlama-7B,BitsAndBytes,62b87b869a0c4fa8b80b35e1,0.0,0,0,0,0.0,0.0
CoderEval-Python-CodeLlama-7B-BitsAndBytes,CodeLlama-7B,BitsAndBytes,62b87b989a0c4fa8b80b35ee,3.0,0,0,0,1.0,0.0
CoderEval-Python-CodeLlama-7B-BitsAndBytes,CodeLlama-7B,BitsAndBytes,62b87d23d292efb640a55667,0.0,0,0,0,0.0,0.0
CoderEval-Python-CodeLlama-7B-BitsAndBytes,CodeLlama-7B,BitsAndBytes,62b87d23d292efb640a55668,0.0,0,0,0,0.0,0.0
CoderEval-Python-CodeLlama-7B-BitsAndBytes,CodeLlama-7B,BitsAndBytes,62b87d23d292efb640a5566b,20.0,0,0,0,6.0,7.0
CoderEval-Python-CodeLlama-7B-BitsAndBytes,CodeLlama-7B,BitsAndBytes,62b87d24d292efb640a55670,9.0,0,1,0,1.0,2.0
CoderEval-Python-CodeLlama-7B-BitsAndBytes,CodeLlama-7B,BitsAndBytes,62b87d24d292efb640a5566d,5.0,0,0,0,2.0,2.0
CoderEval-Python-CodeLlama-7B-BitsAndBytes,CodeLlama-7B,BitsAndBytes,62b87d24d292efb640a5566f,7.0,0,0,0,2.0,3.0
CoderEval-Python-CodeLlama-7B-BitsAndBytes,CodeLlama-7B,BitsAndBytes,62b89640755ee91dce50a114,7.0,0,0,0,3.0,2.0
CoderEval-Python-CodeLlama-7B-BitsAndBytes,CodeLlama-7B,BitsAndBytes,62b8982f755ee91dce50a241,2.0,0,0,0,1.0,0.0
CoderEval-Python-CodeLlama-7B-BitsAndBytes,CodeLlama-7B,BitsAndBytes,62b8a4a4755ee91dce50a3d2,5.0,0,0,0,2.0,2.0
CoderEval-Python-CodeLlama-7B-BitsAndBytes,CodeLlama-7B,BitsAndBytes,62b8a7b2755ee91dce50a4a7,4.0,0,0,0,2.0,1.0
CoderEval-Python-CodeLlama-7B-BitsAndBytes,CodeLlama-7B,BitsAndBytes,62b8b3d4eb7e40a82d2d110d,2.0,0,0,0,1.0,0.0
CoderEval-Python-CodeLlama-7B-BitsAndBytes,CodeLlama-7B,BitsAndBytes,62b8b3d4eb7e40a82d2d110e,2.0,0,0,0,2.0,1.0
CoderEval-Python-CodeLlama-7B-BitsAndBytes,CodeLlama-7B,BitsAndBytes,62b8b3d4eb7e40a82d2d110f,2.0,0,0,0,1.0,0.0
CoderEval-Python-CodeLlama-7B-BitsAndBytes,CodeLlama-7B,BitsAndBytes,62b8b3d5eb7e40a82d2d1110,6.0,0,0,0,1.0,1.0
CoderEval-Python-CodeLlama-7B-BitsAndBytes,CodeLlama-7B,BitsAndBytes,62b8b3d6eb7e40a82d2d111c,14.0,0,0,0,5.0,10.0
CoderEval-Python-CodeLlama-7B-BitsAndBytes,CodeLlama-7B,BitsAndBytes,62b8b416eb7e40a82d2d1129,5.0,0,0,0,2.0,2.0
CoderEval-Python-CodeLlama-7B-BitsAndBytes,CodeLlama-7B,BitsAndBytes,62b8b4b9eb7e40a82d2d1134,5.0,0,1,0,2.0,2.0
CoderEval-Python-CodeLlama-7B-BitsAndBytes,CodeLlama-7B,BitsAndBytes,62b8b4baeb7e40a82d2d1136,0.0,0,0,0,0.0,0.0
CoderEval-Python-CodeLlama-7B-BitsAndBytes,CodeLlama-7B,BitsAndBytes,62b8b4baeb7e40a82d2d1137,0.0,0,0,0,0.0,0.0
CoderEval-Python-CodeLlama-7B-BitsAndBytes,CodeLlama-7B,BitsAndBytes,62b8b4c1eb7e40a82d2d1139,16.0,0,2,0,8.0,7.0
CoderEval-Python-CodeLlama-7B-BitsAndBytes,CodeLlama-7B,BitsAndBytes,62b8b559eb7e40a82d2d11f6,8.0,0,1,0,4.0,3.0
CoderEval-Python-CodeLlama-7B-BitsAndBytes,CodeLlama-7B,BitsAndBytes,62b8b559eb7e40a82d2d11f8,6.0,0,1,0,3.0,3.0
CoderEval-Python-CodeLlama-7B-BitsAndBytes,CodeLlama-7B,BitsAndBytes,62b8b58deb7e40a82d2d1269,2.0,0,1,0,1.0,0.0
CoderEval-Python-CodeLlama-7B-BitsAndBytes,CodeLlama-7B,BitsAndBytes,62b8b590eb7e40a82d2d1275,7.0,0,1,0,4.0,6.0
CoderEval-Python-CodeLlama-7B-BitsAndBytes,CodeLlama-7B,BitsAndBytes,62b8b59feb7e40a82d2d1291,2.0,0,1,0,1.0,0.0
CoderEval-Python-CodeLlama-7B-BitsAndBytes,CodeLlama-7B,BitsAndBytes,62b8d22548ba5a41d1c3f472,0.0,0,0,0,0.0,0.0
CoderEval-Python-CodeLlama-7B-BitsAndBytes,CodeLlama-7B,BitsAndBytes,62b8d22948ba5a41d1c3f47c,2.0,0,0,0,1.0,0.0
CoderEval-Python-CodeLlama-7B-BitsAndBytes,CodeLlama-7B,BitsAndBytes,62b8d22a48ba5a41d1c3f47d,9.0,0,0,0,2.0,3.0
CoderEval-Python-CodeLlama-7B-BitsAndBytes,CodeLlama-7B,BitsAndBytes,62b8d22a48ba5a41d1c3f47e,6.0,0,0,0,2.0,2.0
CoderEval-Python-CodeLlama-7B-BitsAndBytes,CodeLlama-7B,BitsAndBytes,62b8d22f48ba5a41d1c3f488,9.0,0,0,0,2.0,2.0
CoderEval-Python-CodeLlama-7B-BitsAndBytes,CodeLlama-7B,BitsAndBytes,62b8d23748ba5a41d1c3f496,0.0,0,0,0,0.0,0.0
CoderEval-Python-CodeLlama-7B-BitsAndBytes,CodeLlama-7B,BitsAndBytes,62b8d23748ba5a41d1c3f497,6.0,0,0,0,2.0,1.0
CoderEval-Python-CodeLlama-7B-BitsAndBytes,CodeLlama-7B,BitsAndBytes,62b8d23948ba5a41d1c3f498,0.0,0,0,0,0.0,0.0
CoderEval-Python-CodeLlama-7B-BitsAndBytes,CodeLlama-7B,BitsAndBytes,62b8d23a48ba5a41d1c3f499,4.0,0,0,0,2.0,1.0
CoderEval-Python-CodeLlama-7B-BitsAndBytes,CodeLlama-7B,BitsAndBytes,62b8d23b48ba5a41d1c3f49a,0.0,0,0,0,0.0,0.0
CoderEval-Python-CodeLlama-7B-BitsAndBytes,CodeLlama-7B,BitsAndBytes,62b8d23c48ba5a41d1c3f49b,9.0,0,0,0,3.0,2.0
CoderEval-Python-CodeLlama-7B-BitsAndBytes,CodeLlama-7B,BitsAndBytes,62b8d23e48ba5a41d1c3f49e,8.0,0,0,0,2.0,2.0
CoderEval-Python-CodeLlama-7B-BitsAndBytes,CodeLlama-7B,BitsAndBytes,62b8d24048ba5a41d1c3f49f,0.0,0,0,0,0.0,0.0
CoderEval-Python-CodeLlama-7B-BitsAndBytes,CodeLlama-7B,BitsAndBytes,62b8d27a48ba5a41d1c3f4c6,0.0,0,0,0,0.0,0.0
CoderEval-Python-CodeLlama-7B-BitsAndBytes,CodeLlama-7B,BitsAndBytes,62e4fb4d85ea9864308902e7,4.0,0,0,0,2.0,1.0
CoderEval-Python-CodeLlama-7B-BitsAndBytes,CodeLlama-7B,BitsAndBytes,62e4fb6585ea98643089032b,2.0,0,0,0,1.0,0.0
CoderEval-Python-CodeLlama-7B-BitsAndBytes,CodeLlama-7B,BitsAndBytes,62e4fbda85ea986430890403,3.0,0,0,0,1.0,0.0
CoderEval-Python-CodeLlama-7B-BitsAndBytes,CodeLlama-7B,BitsAndBytes,62e4fbda85ea986430890405,0.0,0,0,0,0.0,0.0
CoderEval-Python-CodeLlama-7B-BitsAndBytes,CodeLlama-7B,BitsAndBytes,62e5dc9ed76274f8a4026b5b,0.0,0,0,0,0.0,0.0
CoderEval-Python-CodeLlama-7B-BitsAndBytes,CodeLlama-7B,BitsAndBytes,62e60707d76274f8a4026b69,23.0,0,2,0,12.0,8.0
CoderEval-Python-CodeLlama-7B-BitsAndBytes,CodeLlama-7B,BitsAndBytes,62e60723d76274f8a4026b75,2.0,0,0,0,1.0,0.0
CoderEval-Python-CodeLlama-7B-BitsAndBytes,CodeLlama-7B,BitsAndBytes,62e60879d76274f8a4026bec,0.0,0,0,0,0.0,0.0
CoderEval-Python-CodeLlama-7B-BitsAndBytes,CodeLlama-7B,BitsAndBytes,62e6087ad76274f8a4026bf2,0.0,0,0,0,0.0,0.0
CoderEval-Python-CodeLlama-7B-BitsAndBytes,CodeLlama-7B,BitsAndBytes,62e6087bd76274f8a4026bfa,4.0,0,0,0,1.0,0.0
CoderEval-Python-CodeLlama-7B-BitsAndBytes,CodeLlama-7B,BitsAndBytes,62e60b10d76274f8a4026ccd,2.0,0,0,0,1.0,0.0
CoderEval-Python-CodeLlama-7B-BitsAndBytes,CodeLlama-7B,BitsAndBytes,62e60da4d76274f8a4026cf1,2.0,0,0,0,1.0,0.0
CoderEval-Python-CodeLlama-7B-BitsAndBytes,CodeLlama-7B,BitsAndBytes,62e60e05d76274f8a4026cfd,2.0,0,0,0,1.0,0.0
CoderEval-Python-CodeLlama-7B-BitsAndBytes,CodeLlama-7B,BitsAndBytes,62e60e49d76274f8a4026d25,0.0,0,0,0,0.0,0.0
CoderEval-Python-CodeLlama-7B-BitsAndBytes,CodeLlama-7B,BitsAndBytes,62e60ed4d76274f8a4026da0,2.0,0,0,0,1.0,0.0
CoderEval-Python-CodeLlama-7B-BitsAndBytes,CodeLlama-7B,BitsAndBytes,62e60f33d76274f8a4026de9,7.0,0,0,0,2.0,3.0
CoderEval-Python-CodeLlama-7B-BitsAndBytes,CodeLlama-7B,BitsAndBytes,62e60f37d76274f8a4026dfd,2.0,0,0,0,1.0,0.0
CoderEval-Python-CodeLlama-7B-BitsAndBytes,CodeLlama-7B,BitsAndBytes,62e60f3bd76274f8a4026e10,6.0,0,0,0,1.0,0.0
CoderEval-Python-CodeLlama-7B-BitsAndBytes,CodeLlama-7B,BitsAndBytes,62e60f43d76274f8a4026e28,5.0,0,0,0,2.0,2.0
CoderEval-Python-CodeLlama-7B-BitsAndBytes,CodeLlama-7B,BitsAndBytes,62ece4982e6aefcf4aabbd60,18.0,1,0,0,8.0,7.0
CoderEval-Python-CodeLlama-7B-BitsAndBytes,CodeLlama-7B,BitsAndBytes,62ece4982e6aefcf4aabbd61,11.0,0,0,0,5.0,8.0
CoderEval-Python-CodeLlama-7B-BitsAndBytes,CodeLlama-7B,BitsAndBytes,62ece4982e6aefcf4aabbd62,5.0,0,0,0,3.0,3.0
CoderEval-Python-CodeLlama-7B-BitsAndBytes,CodeLlama-7B,BitsAndBytes,62ece4982e6aefcf4aabbd63,2.0,0,0,0,2.0,1.0
CoderEval-Python-CodeLlama-7B-BitsAndBytes,CodeLlama-7B,BitsAndBytes,62ece4982e6aefcf4aabbd64,5.0,0,1,0,2.0,2.0
CoderEval-Python-CodeLlama-7B-BitsAndBytes,CodeLlama-7B,BitsAndBytes,62ece4982e6aefcf4aabbd65,2.0,0,0,0,1.0,0.0
CoderEval-Python-CodeLlama-7B-BitsAndBytes,CodeLlama-7B,BitsAndBytes,62ece4982e6aefcf4aabbd66,8.0,0,0,0,3.0,4.0
CoderEval-Python-CodeLlama-7B-BitsAndBytes,CodeLlama-7B,BitsAndBytes,62ece4982e6aefcf4aabbd67,2.0,0,0,0,1.0,0.0
CoderEval-Python-CodeLlama-7B-BitsAndBytes,CodeLlama-7B,BitsAndBytes,62ece4982e6aefcf4aabbd69,3.0,0,0,0,1.0,0.0
CoderEval-Python-CodeLlama-7B-BitsAndBytes,CodeLlama-7B,BitsAndBytes,62ece4982e6aefcf4aabbd70,2.0,0,0,0,1.0,0.0
CoderEval-Python-CodeLlama-7B-BitsAndBytes,CodeLlama-7B,BitsAndBytes,62ece4982e6aefcf4aabbd71,5.0,0,0,0,2.0,1.0
CoderEval-Python-CodeLlama-7B-BitsAndBytes,CodeLlama-7B,BitsAndBytes,62ece4982e6aefcf4aabbd72,2.0,0,0,0,1.0,0.0
CoderEval-Python-CodeLlama-7B-BitsAndBytes,CodeLlama-7B,BitsAndBytes,62ece4982e6aefcf4aabbd73,10.0,0,0,0,4.0,6.0
CoderEval-Python-CodeLlama-7B-BitsAndBytes,CodeLlama-7B,BitsAndBytes,62ece4982e6aefcf4aabbd74,0.0,0,0,0,0.0,0.0
CoderEval-Python-CodeLlama-7B-BitsAndBytes,CodeLlama-7B,BitsAndBytes,62ece4982e6aefcf4aabbd76,2.0,0,0,0,1.0,0.0
CoderEval-Python-CodeLlama-7B-BitsAndBytes,CodeLlama-7B,BitsAndBytes,62ece4982e6aefcf4aabbd77,10.0,0,1,0,3.0,5.0
CoderEval-Python-CodeLlama-7B-BitsAndBytes,CodeLlama-7B,BitsAndBytes,62ece4982e6aefcf4aabbd5f,3.0,0,0,0,2.0,1.0
CoderEval-Python-CodeLlama-7B-BitsAndBytes,CodeLlama-7B,BitsAndBytes,62ece4982e6aefcf4aabbd6a,2.0,0,0,0,1.0,0.0
CoderEval-Python-CodeLlama-7B-BitsAndBytes,CodeLlama-7B,BitsAndBytes,62ece4982e6aefcf4aabbd6b,6.0,0,0,0,2.0,1.0
CoderEval-Python-CodeLlama-7B-BitsAndBytes,CodeLlama-7B,BitsAndBytes,62ece4982e6aefcf4aabbd6f,11.0,0,0,0,3.0,2.0
CoderEval-Python-CodeLlama-7B-BitsAndBytes,CodeLlama-7B,BitsAndBytes,62ece4992e6aefcf4aabbd78,2.0,0,0,0,1.0,0.0
CoderEval-Python-CodeLlama-7B-BitsAndBytes,CodeLlama-7B,BitsAndBytes,62ece4992e6aefcf4aabbd79,8.0,0,0,0,5.0,2.0
CoderEval-Python-CodeLlama-7B-BitsAndBytes,CodeLlama-7B,BitsAndBytes,62ece4992e6aefcf4aabbd80,5.0,0,0,0,2.0,2.0
CoderEval-Python-CodeLlama-7B-BitsAndBytes,CodeLlama-7B,BitsAndBytes,62ece4992e6aefcf4aabbd82,6.0,0,0,0,3.0,3.0
CoderEval-Python-CodeLlama-7B-BitsAndBytes,CodeLlama-7B,BitsAndBytes,62ece4992e6aefcf4aabbd83,16.0,0,0,0,6.0,6.0
CoderEval-Python-CodeLlama-7B-BitsAndBytes,CodeLlama-7B,BitsAndBytes,62ece4992e6aefcf4aabbd84,6.0,0,0,0,1.0,1.0
CoderEval-Python-CodeLlama-7B-BitsAndBytes,CodeLlama-7B,BitsAndBytes,62ece4992e6aefcf4aabbd85,0.0,0,0,0,0.0,0.0
CoderEval-Python-CodeLlama-7B-BitsAndBytes,CodeLlama-7B,BitsAndBytes,62ece4992e6aefcf4aabbd86,4.0,0,0,0,2.0,1.0
CoderEval-Python-CodeLlama-7B-BitsAndBytes,CodeLlama-7B,BitsAndBytes,62ece4992e6aefcf4aabbd87,15.0,0,0,0,2.0,2.0
CoderEval-Python-CodeLlama-7B-BitsAndBytes,CodeLlama-7B,BitsAndBytes,62ece4992e6aefcf4aabbd88,2.0,0,0,0,1.0,0.0
CoderEval-Python-CodeLlama-7B-BitsAndBytes,CodeLlama-7B,BitsAndBytes,62ece4992e6aefcf4aabbd7a,2.0,0,0,0,2.0,1.0
CoderEval-Python-CodeLlama-7B-BitsAndBytes,CodeLlama-7B,BitsAndBytes,62ece4992e6aefcf4aabbd7b,8.0,0,0,0,3.0,3.0
CoderEval-Python-CodeLlama-7B-BitsAndBytes,CodeLlama-7B,BitsAndBytes,62ece4992e6aefcf4aabbd7c,2.0,0,0,0,1.0,0.0
CoderEval-Python-CodeLlama-7B-BitsAndBytes,CodeLlama-7B,BitsAndBytes,62ece4992e6aefcf4aabbd7d,58.0,0,3,0,1.0,0.0
CoderEval-Python-CodeLlama-7B-BitsAndBytes,CodeLlama-7B,BitsAndBytes,62ece4992e6aefcf4aabbd7e,10.0,0,0,0,3.0,4.0
CoderEval-Python-CodeLlama-7B-BitsAndBytes,CodeLlama-7B,BitsAndBytes,62ece4992e6aefcf4aabbd7f,9.0,0,0,0,4.0,3.0
CoderEval-Python-CodeLlama-7B-BitsAndBytes,CodeLlama-7B,BitsAndBytes,62ece4992e6aefcf4aabbd8a,10.0,0,0,0,2.0,3.0
CoderEval-Python-CodeLlama-7B-BitsAndBytes,CodeLlama-7B,BitsAndBytes,62ece4992e6aefcf4aabbd8b,4.0,0,0,0,2.0,1.0
CoderEval-Python-CodeLlama-7B-BitsAndBytes,CodeLlama-7B,BitsAndBytes,6305f9991d275c6667163c50,3.0,0,0,0,1.0,0.0
CoderEval-Python-CodeLlama-7B-BitsAndBytes,CodeLlama-7B,BitsAndBytes,6306091073426c38ae68acac,7.0,0,0,0,3.0,2.0
CoderEval-Python-CodeLlama-7B-BitsAndBytes,CodeLlama-7B,BitsAndBytes,6306091a73426c38ae68acc8,2.0,0,0,0,1.0,0.0
CoderEval-Python-CodeLlama-7B-BitsAndBytes,CodeLlama-7B,BitsAndBytes,6306092973426c38ae68ad01,6.0,0,0,0,3.0,3.0
CoderEval-Python-CodeLlama-7B-BitsAndBytes,CodeLlama-7B,BitsAndBytes,6306092c73426c38ae68ad02,10.0,0,0,0,3.0,4.0
CoderEval-Python-CodeLlama-7B-BitsAndBytes,CodeLlama-7B,BitsAndBytes,6306092d73426c38ae68ad04,2.0,0,0,0,1.0,0.0
CoderEval-Python-CodeLlama-7B-BitsAndBytes,CodeLlama-7B,BitsAndBytes,6306092d73426c38ae68ad05,5.0,0,0,0,3.0,3.0
CoderEval-Python-CodeLlama-7B-BitsAndBytes,CodeLlama-7B,BitsAndBytes,6306092d73426c38ae68ad06,0.0,0,0,0,0.0,0.0
CoderEval-Python-CodeLlama-7B-BitsAndBytes,CodeLlama-7B,BitsAndBytes,6306092d73426c38ae68ad08,0.0,0,0,0,0.0,0.0
CoderEval-Python-CodeLlama-7B-BitsAndBytes,CodeLlama-7B,BitsAndBytes,6306092e73426c38ae68ad0d,0.0,0,0,0,0.0,0.0
CoderEval-Python-CodeLlama-7B-BitsAndBytes,CodeLlama-7B,BitsAndBytes,6306092e73426c38ae68ad0f,12.0,0,0,0,3.0,5.0
CoderEval-Python-CodeLlama-7B-BitsAndBytes,CodeLlama-7B,BitsAndBytes,6306092f73426c38ae68ad13,0.0,0,0,0,0.0,0.0
CoderEval-Python-CodeLlama-7B-BitsAndBytes,CodeLlama-7B,BitsAndBytes,6306093273426c38ae68ad15,1.0,0,40,0,1.0,0.0
CoderEval-Python-CodeLlama-7B-BitsAndBytes,CodeLlama-7B,BitsAndBytes,63060ada73426c38ae68ad31,0.0,0,0,0,0.0,0.0
CoderEval-Python-CodeLlama-7B-BitsAndBytes,CodeLlama-7B,BitsAndBytes,63060b1a73426c38ae68ad3e,0.0,0,0,0,0.0,0.0
CoderEval-Python-CodeLlama-7B-BitsAndBytes,CodeLlama-7B,BitsAndBytes,63060b1b73426c38ae68ad42,3.0,0,0,0,2.0,1.0
CoderEval-Python-CodeLlama-7B-BitsAndBytes,CodeLlama-7B,BitsAndBytes,6306292052e177c0ba469f09,16.0,0,0,0,4.0,10.0
CoderEval-Python-CodeLlama-7B-BitsAndBytes,CodeLlama-7B,BitsAndBytes,6306292152e177c0ba469f0d,7.0,0,0,0,3.0,3.0
CoderEval-Python-CodeLlama-7B-BitsAndBytes,CodeLlama-7B,BitsAndBytes,6306292252e177c0ba469f11,2.0,0,0,0,1.0,0.0
CoderEval-Python-CodeLlama-7B-BitsAndBytes,CodeLlama-7B,BitsAndBytes,6306292352e177c0ba469f1d,0.0,0,0,0,0.0,0.0
CoderEval-Python-CodeLlama-7B-BitsAndBytes,CodeLlama-7B,BitsAndBytes,6306292352e177c0ba469f1e,4.0,0,0,0,1.0,0.0
CoderEval-Python-CodeLlama-7B-BitsAndBytes,CodeLlama-7B,BitsAndBytes,6306292652e177c0ba469f34,14.0,0,0,0,1.0,5.0
CoderEval-Python-CodeLlama-7B-BitsAndBytes,CodeLlama-7B,BitsAndBytes,6306292a52e177c0ba469f41,5.0,0,0,0,3.0,3.0
CoderEval-Python-CodeLlama-7B-BitsAndBytes,CodeLlama-7B,BitsAndBytes,6306298b52e177c0ba469fdc,2.0,0,0,0,1.0,0.0
CoderEval-Python-CodeLlama-7B-BitsAndBytes,CodeLlama-7B,BitsAndBytes,6306299052e177c0ba469fe8,5.0,0,0,0,2.0,2.0
CoderEval-Python-CodeLlama-7B-BitsAndBytes,CodeLlama-7B,BitsAndBytes,630629b952e177c0ba46a043,5.0,0,0,0,1.0,0.0
CoderEval-Python-CodeLlama-7B-BitsAndBytes,CodeLlama-7B,BitsAndBytes,630629d052e177c0ba46a0a1,31.0,0,15,0,16.0,15.0
CoderEval-Python-CodeLlama-7B-BitsAndBytes,CodeLlama-7B,BitsAndBytes,630629e052e177c0ba46a0c4,3.0,0,0,0,1.0,0.0
CoderEval-Python-CodeLlama-7B-BitsAndBytes,CodeLlama-7B,BitsAndBytes,630629e152e177c0ba46a0d1,5.0,0,0,0,1.0,1.0
CoderEval-Python-CodeLlama-7B-BitsAndBytes,CodeLlama-7B,BitsAndBytes,630629e152e177c0ba46a0d2,9.0,0,2,0,3.0,2.0
CoderEval-Python-CodeLlama-7B-BitsAndBytes,CodeLlama-7B,BitsAndBytes,630629e252e177c0ba46a0d6,2.0,0,0,0,1.0,0.0
CoderEval-Python-CodeLlama-7B-BitsAndBytes,CodeLlama-7B,BitsAndBytes,630629e752e177c0ba46a0fb,2.0,0,0,0,1.0,0.0
CoderEval-Python-CodeLlama-7B-FP,CodeLlama-7B,FP,62b438a266fea644fe22cc2d,12.0,0,0,0,3.0,4.0
CoderEval-Python-CodeLlama-7B-FP,CodeLlama-7B,FP,62b438a266fea644fe22cc2e,9.0,0,0,0,1.0,0.0
CoderEval-Python-CodeLlama-7B-FP,CodeLlama-7B,FP,62b438b666fea644fe22cc72,2.0,0,0,0,1.0,0.0
CoderEval-Python-CodeLlama-7B-FP,CodeLlama-7B,FP,62b438b666fea644fe22cc78,11.0,0,0,0,1.0,0.0
CoderEval-Python-CodeLlama-7B-FP,CodeLlama-7B,FP,62b45665d7d32e5b55cc8364,12.0,0,0,0,3.0,4.0
CoderEval-Python-CodeLlama-7B-FP,CodeLlama-7B,FP,62b45665d7d32e5b55cc8365,23.0,0,1,0,1.0,0.0
CoderEval-Python-CodeLlama-7B-FP,CodeLlama-7B,FP,62b45679d7d32e5b55cc83a9,2.0,0,0,0,1.0,0.0
CoderEval-Python-CodeLlama-7B-FP,CodeLlama-7B,FP,62b4567ad7d32e5b55cc83af,11.0,0,0,0,1.0,0.0
CoderEval-Python-CodeLlama-7B-FP,CodeLlama-7B,FP,62b4567ed7d32e5b55cc83d9,13.0,0,0,0,4.0,9.0
CoderEval-Python-CodeLlama-7B-FP,CodeLlama-7B,FP,62b45df05108cfac7f2109ce,69.0,0,1,0,34.0,34.0
CoderEval-Python-CodeLlama-7B-FP,CodeLlama-7B,FP,62b45df15108cfac7f2109dc,2.0,0,0,0,1.0,0.0
CoderEval-Python-CodeLlama-7B-FP,CodeLlama-7B,FP,62b45df15108cfac7f2109dd,2.0,0,0,0,1.0,0.0
CoderEval-Python-CodeLlama-7B-FP,CodeLlama-7B,FP,62b45e145108cfac7f210a07,37.0,0,1,0,5.0,22.0
CoderEval-Python-CodeLlama-7B-FP,CodeLlama-7B,FP,62b45e145108cfac7f210a09,9.0,0,0,0,4.0,6.0
CoderEval-Python-CodeLlama-7B-FP,CodeLlama-7B,FP,62b45e165108cfac7f210a16,0.0,0,0,0,0.0,0.0
CoderEval-Python-CodeLlama-7B-FP,CodeLlama-7B,FP,62b45e165108cfac7f210a17,5.0,0,1,0,2.0,1.0
CoderEval-Python-CodeLlama-7B-FP,CodeLlama-7B,FP,62b45e175108cfac7f210a19,40.0,0,7,0,15.0,24.0
CoderEval-Python-CodeLlama-7B-FP,CodeLlama-7B,FP,62b45e21e0d4551b0392c8ed,7.0,0,0,0,2.0,3.0
CoderEval-Python-CodeLlama-7B-FP,CodeLlama-7B,FP,62b45e23e0d4551b0392c90a,14.0,0,0,0,5.0,9.0
CoderEval-Python-CodeLlama-7B-FP,CodeLlama-7B,FP,62b45e2eb89c9fd354170232,4.0,0,0,0,1.0,0.0
CoderEval-Python-CodeLlama-7B-FP,CodeLlama-7B,FP,62b45e515108cfac7f210a3c,0.0,0,0,0,0.0,0.0
CoderEval-Python-CodeLlama-7B-FP,CodeLlama-7B,FP,62b45e945108cfac7f210a4a,8.0,0,0,0,3.0,3.0
CoderEval-Python-CodeLlama-7B-FP,CodeLlama-7B,FP,62b463153879012d19481498,2.0,0,0,0,2.0,0.0
CoderEval-Python-CodeLlama-7B-FP,CodeLlama-7B,FP,62b463153879012d1948149a,8.0,0,0,0,4.0,4.0
CoderEval-Python-CodeLlama-7B-FP,CodeLlama-7B,FP,62b463153879012d1948149b,2.0,0,0,0,2.0,1.0
CoderEval-Python-CodeLlama-7B-FP,CodeLlama-7B,FP,62b463153879012d1948149c,2.0,0,0,0,2.0,0.0
CoderEval-Python-CodeLlama-7B-FP,CodeLlama-7B,FP,62b463153879012d1948149d,3.0,0,0,0,1.0,0.0
CoderEval-Python-CodeLlama-7B-FP,CodeLlama-7B,FP,62b463153879012d1948149f,9.0,0,0,0,3.0,2.0
CoderEval-Python-CodeLlama-7B-FP,CodeLlama-7B,FP,62b463153879012d194814a1,2.0,0,0,0,1.0,0.0
CoderEval-Python-CodeLlama-7B-FP,CodeLlama-7B,FP,62b463163879012d194814a2,2.0,0,0,0,1.0,0.0
CoderEval-Python-CodeLlama-7B-FP,CodeLlama-7B,FP,62b463163879012d194814a4,2.0,0,0,0,1.0,0.0
CoderEval-Python-CodeLlama-7B-FP,CodeLlama-7B,FP,62b463163879012d194814a6,3.0,0,0,0,1.0,0.0
CoderEval-Python-CodeLlama-7B-FP,CodeLlama-7B,FP,62b4631b3879012d194814dd,2.0,0,0,0,1.0,0.0
CoderEval-Python-CodeLlama-7B-FP,CodeLlama-7B,FP,62b463283879012d1948153d,6.0,0,0,0,3.0,3.0
CoderEval-Python-CodeLlama-7B-FP,CodeLlama-7B,FP,62b463303879012d19481579,9.0,0,0,0,3.0,4.0
CoderEval-Python-CodeLlama-7B-FP,CodeLlama-7B,FP,62b46740d2f69a53b466171a,6.0,0,0,0,3.0,2.0
CoderEval-Python-CodeLlama-7B-FP,CodeLlama-7B,FP,62b46746d2f69a53b4661722,2.0,0,0,0,1.0,0.0
CoderEval-Python-CodeLlama-7B-FP,CodeLlama-7B,FP,62b86707b4d922cb0e688c2a,0.0,0,0,0,0.0,0.0
CoderEval-Python-CodeLlama-7B-FP,CodeLlama-7B,FP,62b86729b4d922cb0e688c2f,34.0,0,0,0,2.0,1.0
CoderEval-Python-CodeLlama-7B-FP,CodeLlama-7B,FP,62b869eab4d922cb0e688cbf,4.0,0,0,0,3.0,3.0
CoderEval-Python-CodeLlama-7B-FP,CodeLlama-7B,FP,62b869eab4d922cb0e688cc5,0.0,0,0,0,0.0,0.0
CoderEval-Python-CodeLlama-7B-FP,CodeLlama-7B,FP,62b869ebb4d922cb0e688cc6,0.0,0,0,0,0.0,0.0
CoderEval-Python-CodeLlama-7B-FP,CodeLlama-7B,FP,62b86a01b4d922cb0e688ccc,13.0,0,0,0,4.0,6.0
CoderEval-Python-CodeLlama-7B-FP,CodeLlama-7B,FP,62b86a4fb4d922cb0e688cf7,3.0,0,0,0,2.0,1.0
CoderEval-Python-CodeLlama-7B-FP,CodeLlama-7B,FP,62b86a4fb4d922cb0e688cf8,6.0,0,0,0,3.0,2.0
CoderEval-Python-CodeLlama-7B-FP,CodeLlama-7B,FP,62b86a9eb4d922cb0e688d25,0.0,0,0,0,0.0,0.0
CoderEval-Python-CodeLlama-7B-FP,CodeLlama-7B,FP,62b86aa3b4d922cb0e688d36,6.0,0,0,0,3.0,2.0
CoderEval-Python-CodeLlama-7B-FP,CodeLlama-7B,FP,62b87af09a0c4fa8b80b34f1,12.0,0,0,0,6.0,5.0
CoderEval-Python-CodeLlama-7B-FP,CodeLlama-7B,FP,62b87af19a0c4fa8b80b34f7,10.0,0,0,0,5.0,6.0
CoderEval-Python-CodeLlama-7B-FP,CodeLlama-7B,FP,62b87af69a0c4fa8b80b351a,2.0,0,0,0,2.0,1.0
CoderEval-Python-CodeLlama-7B-FP,CodeLlama-7B,FP,62b87af99a0c4fa8b80b3524,2.0,0,0,0,1.0,0.0
CoderEval-Python-CodeLlama-7B-FP,CodeLlama-7B,FP,62b87b099a0c4fa8b80b3538,2.0,0,0,0,2.0,1.0
CoderEval-Python-CodeLlama-7B-FP,CodeLlama-7B,FP,62b87b199a0c4fa8b80b354c,0.0,0,0,0,0.0,0.0
CoderEval-Python-CodeLlama-7B-FP,CodeLlama-7B,FP,62b87b199a0c4fa8b80b354e,6.0,0,1,0,1.0,1.0
CoderEval-Python-CodeLlama-7B-FP,CodeLlama-7B,FP,62b87b4f9a0c4fa8b80b3580,2.0,0,0,0,1.0,0.0
CoderEval-Python-CodeLlama-7B-FP,CodeLlama-7B,FP,62b87b4f9a0c4fa8b80b3581,19.0,0,0,0,8.0,9.0
CoderEval-Python-CodeLlama-7B-FP,CodeLlama-7B,FP,62b87b519a0c4fa8b80b3583,12.0,0,0,0,5.0,4.0
CoderEval-Python-CodeLlama-7B-FP,CodeLlama-7B,FP,62b87b7e9a0c4fa8b80b35bc,36.0,0,1,0,22.0,42.0
CoderEval-Python-CodeLlama-7B-FP,CodeLlama-7B,FP,62b87b839a0c4fa8b80b35cb,6.0,0,0,0,3.0,3.0
CoderEval-Python-CodeLlama-7B-FP,CodeLlama-7B,FP,62b87b859a0c4fa8b80b35d7,4.0,0,0,0,1.0,0.0
CoderEval-Python-CodeLlama-7B-FP,CodeLlama-7B,FP,62b87b869a0c4fa8b80b35e1,0.0,0,0,0,0.0,0.0
CoderEval-Python-CodeLlama-7B-FP,CodeLlama-7B,FP,62b87b989a0c4fa8b80b35ee,3.0,0,0,0,1.0,0.0
CoderEval-Python-CodeLlama-7B-FP,CodeLlama-7B,FP,62b87d23d292efb640a55667,0.0,0,0,0,0.0,0.0
CoderEval-Python-CodeLlama-7B-FP,CodeLlama-7B,FP,62b87d23d292efb640a55668,0.0,0,0,0,0.0,0.0
CoderEval-Python-CodeLlama-7B-FP,CodeLlama-7B,FP,62b87d23d292efb640a5566b,28.0,0,0,0,10.0,11.0
CoderEval-Python-CodeLlama-7B-FP,CodeLlama-7B,FP,62b87d24d292efb640a55670,9.0,0,0,0,1.0,2.0
CoderEval-Python-CodeLlama-7B-FP,CodeLlama-7B,FP,62b87d24d292efb640a5566d,5.0,0,0,0,2.0,2.0
CoderEval-Python-CodeLlama-7B-FP,CodeLlama-7B,FP,62b87d24d292efb640a5566f,0.0,0,0,0,0.0,0.0
CoderEval-Python-CodeLlama-7B-FP,CodeLlama-7B,FP,62b89640755ee91dce50a114,7.0,0,0,0,3.0,2.0
CoderEval-Python-CodeLlama-7B-FP,CodeLlama-7B,FP,62b8982f755ee91dce50a241,2.0,0,0,0,1.0,0.0
CoderEval-Python-CodeLlama-7B-FP,CodeLlama-7B,FP,62b8a4a4755ee91dce50a3d2,5.0,0,0,0,2.0,1.0
CoderEval-Python-CodeLlama-7B-FP,CodeLlama-7B,FP,62b8a7b2755ee91dce50a4a7,4.0,0,0,0,2.0,1.0
CoderEval-Python-CodeLlama-7B-FP,CodeLlama-7B,FP,62b8b3d4eb7e40a82d2d110d,2.0,0,0,0,1.0,0.0
CoderEval-Python-CodeLlama-7B-FP,CodeLlama-7B,FP,62b8b3d4eb7e40a82d2d110e,2.0,0,0,0,2.0,1.0
CoderEval-Python-CodeLlama-7B-FP,CodeLlama-7B,FP,62b8b3d4eb7e40a82d2d110f,2.0,0,0,0,1.0,0.0
CoderEval-Python-CodeLlama-7B-FP,CodeLlama-7B,FP,62b8b3d5eb7e40a82d2d1110,6.0,0,0,0,1.0,1.0
CoderEval-Python-CodeLlama-7B-FP,CodeLlama-7B,FP,62b8b3d6eb7e40a82d2d111c,14.0,0,0,0,5.0,10.0
CoderEval-Python-CodeLlama-7B-FP,CodeLlama-7B,FP,62b8b416eb7e40a82d2d1129,5.0,0,0,0,3.0,2.0
CoderEval-Python-CodeLlama-7B-FP,CodeLlama-7B,FP,62b8b4b9eb7e40a82d2d1134,5.0,0,1,0,2.0,2.0
CoderEval-Python-CodeLlama-7B-FP,CodeLlama-7B,FP,62b8b4baeb7e40a82d2d1136,0.0,0,0,0,0.0,0.0
CoderEval-Python-CodeLlama-7B-FP,CodeLlama-7B,FP,62b8b4baeb7e40a82d2d1137,0.0,0,0,0,0.0,0.0
CoderEval-Python-CodeLlama-7B-FP,CodeLlama-7B,FP,62b8b4c1eb7e40a82d2d1139,17.0,0,1,0,9.0,9.0
CoderEval-Python-CodeLlama-7B-FP,CodeLlama-7B,FP,62b8b559eb7e40a82d2d11f6,8.0,0,1,0,4.0,3.0
CoderEval-Python-CodeLlama-7B-FP,CodeLlama-7B,FP,62b8b559eb7e40a82d2d11f8,6.0,0,1,0,3.0,3.0
CoderEval-Python-CodeLlama-7B-FP,CodeLlama-7B,FP,62b8b58deb7e40a82d2d1269,2.0,0,1,0,1.0,0.0
CoderEval-Python-CodeLlama-7B-FP,CodeLlama-7B,FP,62b8b590eb7e40a82d2d1275,2.0,0,1,0,1.0,0.0
CoderEval-Python-CodeLlama-7B-FP,CodeLlama-7B,FP,62b8b59feb7e40a82d2d1291,2.0,0,1,0,1.0,0.0
CoderEval-Python-CodeLlama-7B-FP,CodeLlama-7B,FP,62b8d22548ba5a41d1c3f472,0.0,0,0,0,0.0,0.0
CoderEval-Python-CodeLlama-7B-FP,CodeLlama-7B,FP,62b8d22948ba5a41d1c3f47c,2.0,0,0,0,1.0,0.0
CoderEval-Python-CodeLlama-7B-FP,CodeLlama-7B,FP,62b8d22a48ba5a41d1c3f47d,10.0,0,0,0,2.0,3.0
CoderEval-Python-CodeLlama-7B-FP,CodeLlama-7B,FP,62b8d22a48ba5a41d1c3f47e,6.0,0,0,0,2.0,2.0
CoderEval-Python-CodeLlama-7B-FP,CodeLlama-7B,FP,62b8d22f48ba5a41d1c3f488,8.0,0,0,0,2.0,1.0
CoderEval-Python-CodeLlama-7B-FP,CodeLlama-7B,FP,62b8d23748ba5a41d1c3f496,36.0,1,6,0,9.0,10.0
CoderEval-Python-CodeLlama-7B-FP,CodeLlama-7B,FP,62b8d23748ba5a41d1c3f497,13.0,0,0,0,4.0,4.0
CoderEval-Python-CodeLlama-7B-FP,CodeLlama-7B,FP,62b8d23948ba5a41d1c3f498,20.0,2,1,0,6.0,8.0
CoderEval-Python-CodeLlama-7B-FP,CodeLlama-7B,FP,62b8d23a48ba5a41d1c3f499,4.0,0,0,0,2.0,1.0
CoderEval-Python-CodeLlama-7B-FP,CodeLlama-7B,FP,62b8d23b48ba5a41d1c3f49a,2.0,0,0,0,1.0,0.0
CoderEval-Python-CodeLlama-7B-FP,CodeLlama-7B,FP,62b8d23c48ba5a41d1c3f49b,9.0,0,0,0,2.0,1.0
CoderEval-Python-CodeLlama-7B-FP,CodeLlama-7B,FP,62b8d23e48ba5a41d1c3f49e,2.0,0,0,0,1.0,0.0
CoderEval-Python-CodeLlama-7B-FP,CodeLlama-7B,FP,62b8d24048ba5a41d1c3f49f,8.0,0,0,0,3.0,2.0
CoderEval-Python-CodeLlama-7B-FP,CodeLlama-7B,FP,62b8d27a48ba5a41d1c3f4c6,0.0,0,0,0,0.0,0.0
CoderEval-Python-CodeLlama-7B-FP,CodeLlama-7B,FP,62e4fb4d85ea9864308902e7,53.0,0,1,0,27.0,26.0
CoderEval-Python-CodeLlama-7B-FP,CodeLlama-7B,FP,62e4fb6585ea98643089032b,2.0,0,0,0,1.0,0.0
CoderEval-Python-CodeLlama-7B-FP,CodeLlama-7B,FP,62e4fbda85ea986430890403,2.0,0,0,0,1.0,0.0
CoderEval-Python-CodeLlama-7B-FP,CodeLlama-7B,FP,62e4fbda85ea986430890405,0.0,0,0,0,0.0,0.0
CoderEval-Python-CodeLlama-7B-FP,CodeLlama-7B,FP,62e5dc9ed76274f8a4026b5b,0.0,0,0,0,0.0,0.0
CoderEval-Python-CodeLlama-7B-FP,CodeLlama-7B,FP,62e60707d76274f8a4026b69,28.0,0,1,0,12.0,12.0
CoderEval-Python-CodeLlama-7B-FP,CodeLlama-7B,FP,62e60723d76274f8a4026b75,2.0,0,0,0,1.0,0.0
CoderEval-Python-CodeLlama-7B-FP,CodeLlama-7B,FP,62e60879d76274f8a4026bec,0.0,0,0,0,0.0,0.0
CoderEval-Python-CodeLlama-7B-FP,CodeLlama-7B,FP,62e6087ad76274f8a4026bf2,0.0,0,0,0,0.0,0.0
CoderEval-Python-CodeLlama-7B-FP,CodeLlama-7B,FP,62e6087bd76274f8a4026bfa,4.0,0,1,0,1.0,0.0
CoderEval-Python-CodeLlama-7B-FP,CodeLlama-7B,FP,62e60b10d76274f8a4026ccd,2.0,0,0,0,1.0,0.0
CoderEval-Python-CodeLlama-7B-FP,CodeLlama-7B,FP,62e60da4d76274f8a4026cf1,2.0,0,0,0,1.0,0.0
CoderEval-Python-CodeLlama-7B-FP,CodeLlama-7B,FP,62e60e05d76274f8a4026cfd,2.0,0,0,0,1.0,0.0
CoderEval-Python-CodeLlama-7B-FP,CodeLlama-7B,FP,62e60e49d76274f8a4026d25,0.0,0,0,0,0.0,0.0
CoderEval-Python-CodeLlama-7B-FP,CodeLlama-7B,FP,62e60ed4d76274f8a4026da0,2.0,0,0,0,1.0,0.0
CoderEval-Python-CodeLlama-7B-FP,CodeLlama-7B,FP,62e60f33d76274f8a4026de9,7.0,0,0,0,2.0,3.0
CoderEval-Python-CodeLlama-7B-FP,CodeLlama-7B,FP,62e60f37d76274f8a4026dfd,2.0,0,0,0,1.0,0.0
CoderEval-Python-CodeLlama-7B-FP,CodeLlama-7B,FP,62e60f3bd76274f8a4026e10,6.0,0,0,0,1.0,0.0
CoderEval-Python-CodeLlama-7B-FP,CodeLlama-7B,FP,62e60f43d76274f8a4026e28,5.0,0,0,0,2.0,2.0
CoderEval-Python-CodeLlama-7B-FP,CodeLlama-7B,FP,62ece4982e6aefcf4aabbd60,18.0,3,0,0,3.0,7.0
CoderEval-Python-CodeLlama-7B-FP,CodeLlama-7B,FP,62ece4982e6aefcf4aabbd61,9.0,0,0,0,4.0,7.0
CoderEval-Python-CodeLlama-7B-FP,CodeLlama-7B,FP,62ece4982e6aefcf4aabbd62,5.0,0,0,0,3.0,3.0
CoderEval-Python-CodeLlama-7B-FP,CodeLlama-7B,FP,62ece4982e6aefcf4aabbd63,2.0,0,0,0,2.0,1.0
CoderEval-Python-CodeLlama-7B-FP,CodeLlama-7B,FP,62ece4982e6aefcf4aabbd64,5.0,0,1,0,2.0,2.0
CoderEval-Python-CodeLlama-7B-FP,CodeLlama-7B,FP,62ece4982e6aefcf4aabbd65,2.0,0,0,0,1.0,0.0
CoderEval-Python-CodeLlama-7B-FP,CodeLlama-7B,FP,62ece4982e6aefcf4aabbd66,8.0,0,0,0,3.0,4.0
CoderEval-Python-CodeLlama-7B-FP,CodeLlama-7B,FP,62ece4982e6aefcf4aabbd67,2.0,0,0,0,1.0,0.0
CoderEval-Python-CodeLlama-7B-FP,CodeLlama-7B,FP,62ece4982e6aefcf4aabbd69,3.0,0,0,0,1.0,0.0
CoderEval-Python-CodeLlama-7B-FP,CodeLlama-7B,FP,62ece4982e6aefcf4aabbd70,2.0,0,0,0,1.0,0.0
CoderEval-Python-CodeLlama-7B-FP,CodeLlama-7B,FP,62ece4982e6aefcf4aabbd71,5.0,0,0,0,2.0,1.0
CoderEval-Python-CodeLlama-7B-FP,CodeLlama-7B,FP,62ece4982e6aefcf4aabbd72,2.0,0,0,0,1.0,0.0
CoderEval-Python-CodeLlama-7B-FP,CodeLlama-7B,FP,62ece4982e6aefcf4aabbd73,12.0,0,0,0,4.0,7.0
CoderEval-Python-CodeLlama-7B-FP,CodeLlama-7B,FP,62ece4982e6aefcf4aabbd74,0.0,0,0,0,0.0,0.0
CoderEval-Python-CodeLlama-7B-FP,CodeLlama-7B,FP,62ece4982e6aefcf4aabbd76,2.0,0,0,0,1.0,0.0
CoderEval-Python-CodeLlama-7B-FP,CodeLlama-7B,FP,62ece4982e6aefcf4aabbd77,22.0,0,1,0,4.0,10.0
CoderEval-Python-CodeLlama-7B-FP,CodeLlama-7B,FP,62ece4982e6aefcf4aabbd5f,3.0,0,0,0,2.0,1.0
CoderEval-Python-CodeLlama-7B-FP,CodeLlama-7B,FP,62ece4982e6aefcf4aabbd6a,2.0,0,0,0,1.0,0.0
CoderEval-Python-CodeLlama-7B-FP,CodeLlama-7B,FP,62ece4982e6aefcf4aabbd6b,6.0,1,0,0,2.0,1.0
CoderEval-Python-CodeLlama-7B-FP,CodeLlama-7B,FP,62ece4982e6aefcf4aabbd6f,11.0,0,0,0,3.0,2.0
CoderEval-Python-CodeLlama-7B-FP,CodeLlama-7B,FP,62ece4992e6aefcf4aabbd78,2.0,0,0,0,1.0,0.0
CoderEval-Python-CodeLlama-7B-FP,CodeLlama-7B,FP,62ece4992e6aefcf4aabbd79,5.0,0,0,0,3.0,2.0
CoderEval-Python-CodeLlama-7B-FP,CodeLlama-7B,FP,62ece4992e6aefcf4aabbd80,5.0,0,0,0,4.0,5.0
CoderEval-Python-CodeLlama-7B-FP,CodeLlama-7B,FP,62ece4992e6aefcf4aabbd82,6.0,0,0,0,3.0,3.0
CoderEval-Python-CodeLlama-7B-FP,CodeLlama-7B,FP,62ece4992e6aefcf4aabbd83,0.0,0,0,0,0.0,0.0
CoderEval-Python-CodeLlama-7B-FP,CodeLlama-7B,FP,62ece4992e6aefcf4aabbd84,6.0,0,0,0,1.0,1.0
CoderEval-Python-CodeLlama-7B-FP,CodeLlama-7B,FP,62ece4992e6aefcf4aabbd85,0.0,0,0,0,0.0,0.0
CoderEval-Python-CodeLlama-7B-FP,CodeLlama-7B,FP,62ece4992e6aefcf4aabbd86,4.0,0,0,0,2.0,1.0
CoderEval-Python-CodeLlama-7B-FP,CodeLlama-7B,FP,62ece4992e6aefcf4aabbd87,14.0,0,0,0,2.0,1.0
CoderEval-Python-CodeLlama-7B-FP,CodeLlama-7B,FP,62ece4992e6aefcf4aabbd88,2.0,0,0,0,1.0,0.0
CoderEval-Python-CodeLlama-7B-FP,CodeLlama-7B,FP,62ece4992e6aefcf4aabbd7a,2.0,0,0,0,1.0,0.0
CoderEval-Python-CodeLlama-7B-FP,CodeLlama-7B,FP,62ece4992e6aefcf4aabbd7b,8.0,0,0,0,3.0,3.0
CoderEval-Python-CodeLlama-7B-FP,CodeLlama-7B,FP,62ece4992e6aefcf4aabbd7c,2.0,0,0,0,1.0,0.0
CoderEval-Python-CodeLlama-7B-FP,CodeLlama-7B,FP,62ece4992e6aefcf4aabbd7d,8.0,0,0,0,2.0,1.0
CoderEval-Python-CodeLlama-7B-FP,CodeLlama-7B,FP,62ece4992e6aefcf4aabbd7e,7.0,0,0,0,2.0,1.0
CoderEval-Python-CodeLlama-7B-FP,CodeLlama-7B,FP,62ece4992e6aefcf4aabbd7f,26.0,0,0,0,12.0,11.0
CoderEval-Python-CodeLlama-7B-FP,CodeLlama-7B,FP,62ece4992e6aefcf4aabbd8a,10.0,0,0,0,2.0,3.0
CoderEval-Python-CodeLlama-7B-FP,CodeLlama-7B,FP,62ece4992e6aefcf4aabbd8b,4.0,0,0,0,2.0,1.0
CoderEval-Python-CodeLlama-7B-FP,CodeLlama-7B,FP,6305f9991d275c6667163c50,3.0,0,0,0,1.0,0.0
CoderEval-Python-CodeLlama-7B-FP,CodeLlama-7B,FP,6306091073426c38ae68acac,7.0,0,0,0,3.0,2.0
CoderEval-Python-CodeLlama-7B-FP,CodeLlama-7B,FP,6306091a73426c38ae68acc8,2.0,0,0,0,1.0,0.0
CoderEval-Python-CodeLlama-7B-FP,CodeLlama-7B,FP,6306092973426c38ae68ad01,6.0,0,0,0,3.0,3.0
CoderEval-Python-CodeLlama-7B-FP,CodeLlama-7B,FP,6306092c73426c38ae68ad02,12.0,0,0,0,6.0,7.0
CoderEval-Python-CodeLlama-7B-FP,CodeLlama-7B,FP,6306092d73426c38ae68ad04,2.0,0,0,0,1.0,0.0
CoderEval-Python-CodeLlama-7B-FP,CodeLlama-7B,FP,6306092d73426c38ae68ad05,5.0,0,0,0,3.0,3.0
CoderEval-Python-CodeLlama-7B-FP,CodeLlama-7B,FP,6306092d73426c38ae68ad06,6.0,0,0,0,3.0,3.0
CoderEval-Python-CodeLlama-7B-FP,CodeLlama-7B,FP,6306092d73426c38ae68ad08,0.0,0,0,0,0.0,0.0
CoderEval-Python-CodeLlama-7B-FP,CodeLlama-7B,FP,6306092e73426c38ae68ad0d,0.0,0,0,0,0.0,0.0
CoderEval-Python-CodeLlama-7B-FP,CodeLlama-7B,FP,6306092e73426c38ae68ad0f,15.0,0,0,0,4.0,9.0
CoderEval-Python-CodeLlama-7B-FP,CodeLlama-7B,FP,6306092f73426c38ae68ad13,0.0,0,0,0,0.0,0.0
CoderEval-Python-CodeLlama-7B-FP,CodeLlama-7B,FP,6306093273426c38ae68ad15,1.0,0,41,0,1.0,0.0
CoderEval-Python-CodeLlama-7B-FP,CodeLlama-7B,FP,63060ada73426c38ae68ad31,28.0,10,1,0,15.0,27.0
CoderEval-Python-CodeLlama-7B-FP,CodeLlama-7B,FP,63060b1a73426c38ae68ad3e,37.0,6,0,0,1.0,0.0
CoderEval-Python-CodeLlama-7B-FP,CodeLlama-7B,FP,63060b1b73426c38ae68ad42,3.0,0,0,0,2.0,1.0
CoderEval-Python-CodeLlama-7B-FP,CodeLlama-7B,FP,6306292052e177c0ba469f09,21.0,0,0,0,4.0,13.0
CoderEval-Python-CodeLlama-7B-FP,CodeLlama-7B,FP,6306292152e177c0ba469f0d,6.0,0,0,0,3.0,2.0
CoderEval-Python-CodeLlama-7B-FP,CodeLlama-7B,FP,6306292252e177c0ba469f11,2.0,0,0,0,1.0,0.0
CoderEval-Python-CodeLlama-7B-FP,CodeLlama-7B,FP,6306292352e177c0ba469f1d,27.0,1,26,0,1.0,0.0
CoderEval-Python-CodeLlama-7B-FP,CodeLlama-7B,FP,6306292352e177c0ba469f1e,4.0,0,0,0,1.0,0.0
CoderEval-Python-CodeLlama-7B-FP,CodeLlama-7B,FP,6306292652e177c0ba469f34,6.0,0,0,0,1.0,1.0
CoderEval-Python-CodeLlama-7B-FP,CodeLlama-7B,FP,6306292a52e177c0ba469f41,5.0,0,0,0,3.0,3.0
CoderEval-Python-CodeLlama-7B-FP,CodeLlama-7B,FP,6306298b52e177c0ba469fdc,2.0,0,0,0,1.0,0.0
CoderEval-Python-CodeLlama-7B-FP,CodeLlama-7B,FP,6306299052e177c0ba469fe8,5.0,0,0,0,2.0,2.0
CoderEval-Python-CodeLlama-7B-FP,CodeLlama-7B,FP,630629b952e177c0ba46a043,5.0,0,0,0,1.0,0.0
CoderEval-Python-CodeLlama-7B-FP,CodeLlama-7B,FP,630629d052e177c0ba46a0a1,7.0,0,0,0,1.0,1.0
CoderEval-Python-CodeLlama-7B-FP,CodeLlama-7B,FP,630629e052e177c0ba46a0c4,3.0,0,0,0,1.0,0.0
CoderEval-Python-CodeLlama-7B-FP,CodeLlama-7B,FP,630629e152e177c0ba46a0d1,5.0,0,0,0,1.0,1.0
CoderEval-Python-CodeLlama-7B-FP,CodeLlama-7B,FP,630629e152e177c0ba46a0d2,7.0,0,0,0,2.0,2.0
CoderEval-Python-CodeLlama-7B-FP,CodeLlama-7B,FP,630629e252e177c0ba46a0d6,6.0,0,0,0,2.0,1.0
CoderEval-Python-CodeLlama-7B-FP,CodeLlama-7B,FP,630629e752e177c0ba46a0fb,2.0,0,0,0,1.0,0.0
CoderEval-Python-CodeLlama-7B-GGUF,CodeLlama-7B,GGUF,62b438a266fea644fe22cc2d,12.0,0,0,0,3.0,4.0
CoderEval-Python-CodeLlama-7B-GGUF,CodeLlama-7B,GGUF,62b438a266fea644fe22cc2e,16.0,0,0,0,1.0,0.0
CoderEval-Python-CodeLlama-7B-GGUF,CodeLlama-7B,GGUF,62b438b666fea644fe22cc72,2.0,0,0,0,1.0,0.0
CoderEval-Python-CodeLlama-7B-GGUF,CodeLlama-7B,GGUF,62b438b666fea644fe22cc78,0.0,0,0,0,0.0,0.0
CoderEval-Python-CodeLlama-7B-GGUF,CodeLlama-7B,GGUF,62b45665d7d32e5b55cc8364,12.0,0,0,0,3.0,4.0
CoderEval-Python-CodeLlama-7B-GGUF,CodeLlama-7B,GGUF,62b45665d7d32e5b55cc8365,0.0,0,0,0,0.0,0.0
CoderEval-Python-CodeLlama-7B-GGUF,CodeLlama-7B,GGUF,62b45679d7d32e5b55cc83a9,2.0,0,0,0,1.0,0.0
CoderEval-Python-CodeLlama-7B-GGUF,CodeLlama-7B,GGUF,62b4567ad7d32e5b55cc83af,0.0,0,0,0,0.0,0.0
CoderEval-Python-CodeLlama-7B-GGUF,CodeLlama-7B,GGUF,62b4567ed7d32e5b55cc83d9,13.0,0,1,0,4.0,9.0
CoderEval-Python-CodeLlama-7B-GGUF,CodeLlama-7B,GGUF,62b45df05108cfac7f2109ce,7.0,0,0,0,2.0,3.0
CoderEval-Python-CodeLlama-7B-GGUF,CodeLlama-7B,GGUF,62b45df15108cfac7f2109dc,2.0,0,1,0,1.0,0.0
CoderEval-Python-CodeLlama-7B-GGUF,CodeLlama-7B,GGUF,62b45df15108cfac7f2109dd,2.0,0,0,0,1.0,0.0
CoderEval-Python-CodeLlama-7B-GGUF,CodeLlama-7B,GGUF,62b45e145108cfac7f210a07,10.0,0,0,0,4.0,8.0
CoderEval-Python-CodeLlama-7B-GGUF,CodeLlama-7B,GGUF,62b45e145108cfac7f210a09,25.0,0,3,0,16.0,36.0
CoderEval-Python-CodeLlama-7B-GGUF,CodeLlama-7B,GGUF,62b45e165108cfac7f210a16,0.0,0,0,0,0.0,0.0
CoderEval-Python-CodeLlama-7B-GGUF,CodeLlama-7B,GGUF,62b45e165108cfac7f210a17,5.0,0,0,0,2.0,1.0
CoderEval-Python-CodeLlama-7B-GGUF,CodeLlama-7B,GGUF,62b45e175108cfac7f210a19,40.0,0,7,0,15.0,24.0
CoderEval-Python-CodeLlama-7B-GGUF,CodeLlama-7B,GGUF,62b45e21e0d4551b0392c8ed,7.0,0,0,0,2.0,3.0
CoderEval-Python-CodeLlama-7B-GGUF,CodeLlama-7B,GGUF,62b45e23e0d4551b0392c90a,0.0,0,0,0,0.0,0.0
CoderEval-Python-CodeLlama-7B-GGUF,CodeLlama-7B,GGUF,62b45e2eb89c9fd354170232,4.0,0,0,0,1.0,0.0
CoderEval-Python-CodeLlama-7B-GGUF,CodeLlama-7B,GGUF,62b45e515108cfac7f210a3c,0.0,0,0,0,0.0,0.0
CoderEval-Python-CodeLlama-7B-GGUF,CodeLlama-7B,GGUF,62b45e945108cfac7f210a4a,8.0,0,0,0,3.0,3.0
CoderEval-Python-CodeLlama-7B-GGUF,CodeLlama-7B,GGUF,62b463153879012d19481498,2.0,0,0,0,2.0,0.0
CoderEval-Python-CodeLlama-7B-GGUF,CodeLlama-7B,GGUF,62b463153879012d1948149a,9.0,0,1,0,5.0,7.0
CoderEval-Python-CodeLlama-7B-GGUF,CodeLlama-7B,GGUF,62b463153879012d1948149b,2.0,0,0,0,2.0,1.0
CoderEval-Python-CodeLlama-7B-GGUF,CodeLlama-7B,GGUF,62b463153879012d1948149c,2.0,0,0,0,2.0,0.0
CoderEval-Python-CodeLlama-7B-GGUF,CodeLlama-7B,GGUF,62b463153879012d1948149d,3.0,0,0,0,1.0,0.0
CoderEval-Python-CodeLlama-7B-GGUF,CodeLlama-7B,GGUF,62b463153879012d1948149f,6.0,0,0,0,3.0,2.0
CoderEval-Python-CodeLlama-7B-GGUF,CodeLlama-7B,GGUF,62b463153879012d194814a1,2.0,0,0,0,1.0,0.0
CoderEval-Python-CodeLlama-7B-GGUF,CodeLlama-7B,GGUF,62b463163879012d194814a2,2.0,0,0,0,1.0,0.0
CoderEval-Python-CodeLlama-7B-GGUF,CodeLlama-7B,GGUF,62b463163879012d194814a4,3.0,0,0,0,1.0,0.0
CoderEval-Python-CodeLlama-7B-GGUF,CodeLlama-7B,GGUF,62b463163879012d194814a6,3.0,0,0,0,1.0,0.0
CoderEval-Python-CodeLlama-7B-GGUF,CodeLlama-7B,GGUF,62b4631b3879012d194814dd,2.0,0,0,0,1.0,0.0
CoderEval-Python-CodeLlama-7B-GGUF,CodeLlama-7B,GGUF,62b463283879012d1948153d,6.0,0,0,0,3.0,3.0
CoderEval-Python-CodeLlama-7B-GGUF,CodeLlama-7B,GGUF,62b463303879012d19481579,9.0,0,0,0,3.0,4.0
CoderEval-Python-CodeLlama-7B-GGUF,CodeLlama-7B,GGUF,62b46740d2f69a53b466171a,6.0,0,0,0,3.0,2.0
CoderEval-Python-CodeLlama-7B-GGUF,CodeLlama-7B,GGUF,62b46746d2f69a53b4661722,2.0,0,0,0,1.0,0.0
CoderEval-Python-CodeLlama-7B-GGUF,CodeLlama-7B,GGUF,62b86707b4d922cb0e688c2a,5.0,0,0,0,2.0,0.0
CoderEval-Python-CodeLlama-7B-GGUF,CodeLlama-7B,GGUF,62b86729b4d922cb0e688c2f,34.0,0,0,0,2.0,1.0
CoderEval-Python-CodeLlama-7B-GGUF,CodeLlama-7B,GGUF,62b869eab4d922cb0e688cbf,4.0,0,0,0,3.0,3.0
CoderEval-Python-CodeLlama-7B-GGUF,CodeLlama-7B,GGUF,62b869eab4d922cb0e688cc5,20.0,0,1,0,7.0,18.0
CoderEval-Python-CodeLlama-7B-GGUF,CodeLlama-7B,GGUF,62b869ebb4d922cb0e688cc6,23.0,0,0,0,6.0,14.0
CoderEval-Python-CodeLlama-7B-GGUF,CodeLlama-7B,GGUF,62b86a01b4d922cb0e688ccc,14.0,0,0,0,4.0,6.0
CoderEval-Python-CodeLlama-7B-GGUF,CodeLlama-7B,GGUF,62b86a4fb4d922cb0e688cf7,3.0,0,0,0,2.0,1.0
CoderEval-Python-CodeLlama-7B-GGUF,CodeLlama-7B,GGUF,62b86a4fb4d922cb0e688cf8,6.0,0,0,0,3.0,2.0
CoderEval-Python-CodeLlama-7B-GGUF,CodeLlama-7B,GGUF,62b86a9eb4d922cb0e688d25,0.0,0,0,0,0.0,0.0
CoderEval-Python-CodeLlama-7B-GGUF,CodeLlama-7B,GGUF,62b86aa3b4d922cb0e688d36,6.0,0,0,0,3.0,2.0
CoderEval-Python-CodeLlama-7B-GGUF,CodeLlama-7B,GGUF,62b87af09a0c4fa8b80b34f1,11.0,1,0,0,8.0,7.0
CoderEval-Python-CodeLlama-7B-GGUF,CodeLlama-7B,GGUF,62b87af19a0c4fa8b80b34f7,10.0,0,0,0,5.0,6.0
CoderEval-Python-CodeLlama-7B-GGUF,CodeLlama-7B,GGUF,62b87af69a0c4fa8b80b351a,2.0,0,0,0,2.0,1.0
CoderEval-Python-CodeLlama-7B-GGUF,CodeLlama-7B,GGUF,62b87af99a0c4fa8b80b3524,2.0,0,0,0,1.0,0.0
CoderEval-Python-CodeLlama-7B-GGUF,CodeLlama-7B,GGUF,62b87b099a0c4fa8b80b3538,2.0,0,0,0,2.0,1.0
CoderEval-Python-CodeLlama-7B-GGUF,CodeLlama-7B,GGUF,62b87b199a0c4fa8b80b354c,13.0,0,0,0,3.0,6.0
CoderEval-Python-CodeLlama-7B-GGUF,CodeLlama-7B,GGUF,62b87b199a0c4fa8b80b354e,6.0,0,1,0,1.0,1.0
CoderEval-Python-CodeLlama-7B-GGUF,CodeLlama-7B,GGUF,62b87b4f9a0c4fa8b80b3580,2.0,0,0,0,1.0,0.0
CoderEval-Python-CodeLlama-7B-GGUF,CodeLlama-7B,GGUF,62b87b4f9a0c4fa8b80b3581,15.0,0,0,0,5.0,6.0
CoderEval-Python-CodeLlama-7B-GGUF,CodeLlama-7B,GGUF,62b87b519a0c4fa8b80b3583,11.0,0,0,0,5.0,4.0
CoderEval-Python-CodeLlama-7B-GGUF,CodeLlama-7B,GGUF,62b87b7e9a0c4fa8b80b35bc,11.0,0,0,0,7.0,12.0
CoderEval-Python-CodeLlama-7B-GGUF,CodeLlama-7B,GGUF,62b87b839a0c4fa8b80b35cb,6.0,0,0,0,3.0,3.0
CoderEval-Python-CodeLlama-7B-GGUF,CodeLlama-7B,GGUF,62b87b859a0c4fa8b80b35d7,4.0,0,0,0,1.0,0.0
CoderEval-Python-CodeLlama-7B-GGUF,CodeLlama-7B,GGUF,62b87b869a0c4fa8b80b35e1,18.0,0,0,0,5.0,7.0
CoderEval-Python-CodeLlama-7B-GGUF,CodeLlama-7B,GGUF,62b87b989a0c4fa8b80b35ee,3.0,0,0,0,1.0,0.0
CoderEval-Python-CodeLlama-7B-GGUF,CodeLlama-7B,GGUF,62b87d23d292efb640a55667,5.0,0,0,0,2.0,0.0
CoderEval-Python-CodeLlama-7B-GGUF,CodeLlama-7B,GGUF,62b87d23d292efb640a55668,26.0,0,1,0,1.0,0.0
CoderEval-Python-CodeLlama-7B-GGUF,CodeLlama-7B,GGUF,62b87d23d292efb640a5566b,28.0,0,0,0,10.0,11.0
CoderEval-Python-CodeLlama-7B-GGUF,CodeLlama-7B,GGUF,62b87d24d292efb640a55670,6.0,0,1,0,1.0,1.0
CoderEval-Python-CodeLlama-7B-GGUF,CodeLlama-7B,GGUF,62b87d24d292efb640a5566d,5.0,0,0,0,2.0,2.0
CoderEval-Python-CodeLlama-7B-GGUF,CodeLlama-7B,GGUF,62b87d24d292efb640a5566f,7.0,0,0,0,2.0,3.0
CoderEval-Python-CodeLlama-7B-GGUF,CodeLlama-7B,GGUF,62b89640755ee91dce50a114,7.0,0,0,0,3.0,2.0
CoderEval-Python-CodeLlama-7B-GGUF,CodeLlama-7B,GGUF,62b8982f755ee91dce50a241,2.0,0,0,0,1.0,0.0
CoderEval-Python-CodeLlama-7B-GGUF,CodeLlama-7B,GGUF,62b8a4a4755ee91dce50a3d2,5.0,0,0,0,2.0,1.0
CoderEval-Python-CodeLlama-7B-GGUF,CodeLlama-7B,GGUF,62b8a7b2755ee91dce50a4a7,4.0,0,0,0,2.0,1.0
CoderEval-Python-CodeLlama-7B-GGUF,CodeLlama-7B,GGUF,62b8b3d4eb7e40a82d2d110d,2.0,0,0,0,1.0,0.0
CoderEval-Python-CodeLlama-7B-GGUF,CodeLlama-7B,GGUF,62b8b3d4eb7e40a82d2d110e,2.0,0,0,0,1.0,0.0
CoderEval-Python-CodeLlama-7B-GGUF,CodeLlama-7B,GGUF,62b8b3d4eb7e40a82d2d110f,2.0,0,0,0,1.0,0.0
CoderEval-Python-CodeLlama-7B-GGUF,CodeLlama-7B,GGUF,62b8b3d5eb7e40a82d2d1110,6.0,0,0,0,1.0,1.0
CoderEval-Python-CodeLlama-7B-GGUF,CodeLlama-7B,GGUF,62b8b3d6eb7e40a82d2d111c,21.0,0,1,0,6.0,17.0
CoderEval-Python-CodeLlama-7B-GGUF,CodeLlama-7B,GGUF,62b8b416eb7e40a82d2d1129,5.0,0,0,0,3.0,2.0
CoderEval-Python-CodeLlama-7B-GGUF,CodeLlama-7B,GGUF,62b8b4b9eb7e40a82d2d1134,5.0,0,1,0,7.0,4.0
CoderEval-Python-CodeLlama-7B-GGUF,CodeLlama-7B,GGUF,62b8b4baeb7e40a82d2d1136,15.0,0,0,0,8.0,10.0
CoderEval-Python-CodeLlama-7B-GGUF,CodeLlama-7B,GGUF,62b8b4baeb7e40a82d2d1137,0.0,0,0,0,0.0,0.0
CoderEval-Python-CodeLlama-7B-GGUF,CodeLlama-7B,GGUF,62b8b4c1eb7e40a82d2d1139,0.0,0,0,0,0.0,0.0
CoderEval-Python-CodeLlama-7B-GGUF,CodeLlama-7B,GGUF,62b8b559eb7e40a82d2d11f6,8.0,0,1,0,4.0,3.0
CoderEval-Python-CodeLlama-7B-GGUF,CodeLlama-7B,GGUF,62b8b559eb7e40a82d2d11f8,6.0,0,1,0,3.0,3.0
CoderEval-Python-CodeLlama-7B-GGUF,CodeLlama-7B,GGUF,62b8b58deb7e40a82d2d1269,2.0,0,1,0,1.0,0.0
CoderEval-Python-CodeLlama-7B-GGUF,CodeLlama-7B,GGUF,62b8b590eb7e40a82d2d1275,7.0,0,1,0,4.0,6.0
CoderEval-Python-CodeLlama-7B-GGUF,CodeLlama-7B,GGUF,62b8b59feb7e40a82d2d1291,2.0,0,1,0,1.0,0.0
CoderEval-Python-CodeLlama-7B-GGUF,CodeLlama-7B,GGUF,62b8d22548ba5a41d1c3f472,19.0,0,0,0,6.0,7.0
CoderEval-Python-CodeLlama-7B-GGUF,CodeLlama-7B,GGUF,62b8d22948ba5a41d1c3f47c,2.0,0,0,0,1.0,0.0
CoderEval-Python-CodeLlama-7B-GGUF,CodeLlama-7B,GGUF,62b8d22a48ba5a41d1c3f47d,9.0,0,0,0,3.0,2.0
CoderEval-Python-CodeLlama-7B-GGUF,CodeLlama-7B,GGUF,62b8d22a48ba5a41d1c3f47e,6.0,0,0,0,2.0,2.0
CoderEval-Python-CodeLlama-7B-GGUF,CodeLlama-7B,GGUF,62b8d22f48ba5a41d1c3f488,9.0,0,0,0,2.0,1.0
CoderEval-Python-CodeLlama-7B-GGUF,CodeLlama-7B,GGUF,62b8d23748ba5a41d1c3f496,0.0,0,0,0,0.0,0.0
CoderEval-Python-CodeLlama-7B-GGUF,CodeLlama-7B,GGUF,62b8d23748ba5a41d1c3f497,7.0,0,0,0,2.0,2.0
CoderEval-Python-CodeLlama-7B-GGUF,CodeLlama-7B,GGUF,62b8d23948ba5a41d1c3f498,36.0,0,3,0,9.0,8.0
CoderEval-Python-CodeLlama-7B-GGUF,CodeLlama-7B,GGUF,62b8d23a48ba5a41d1c3f499,4.0,0,0,0,2.0,1.0
CoderEval-Python-CodeLlama-7B-GGUF,CodeLlama-7B,GGUF,62b8d23b48ba5a41d1c3f49a,2.0,0,0,0,1.0,0.0
CoderEval-Python-CodeLlama-7B-GGUF,CodeLlama-7B,GGUF,62b8d23c48ba5a41d1c3f49b,9.0,0,0,0,2.0,1.0
CoderEval-Python-CodeLlama-7B-GGUF,CodeLlama-7B,GGUF,62b8d23e48ba5a41d1c3f49e,2.0,0,0,0,1.0,0.0
CoderEval-Python-CodeLlama-7B-GGUF,CodeLlama-7B,GGUF,62b8d24048ba5a41d1c3f49f,6.0,0,0,0,3.0,2.0
CoderEval-Python-CodeLlama-7B-GGUF,CodeLlama-7B,GGUF,62b8d27a48ba5a41d1c3f4c6,20.0,1,1,0,6.0,10.0
CoderEval-Python-CodeLlama-7B-GGUF,CodeLlama-7B,GGUF,62e4fb4d85ea9864308902e7,6.0,0,0,0,3.0,2.0
CoderEval-Python-CodeLlama-7B-GGUF,CodeLlama-7B,GGUF,62e4fb6585ea98643089032b,2.0,0,0,0,1.0,0.0
CoderEval-Python-CodeLlama-7B-GGUF,CodeLlama-7B,GGUF,62e4fbda85ea986430890403,2.0,0,0,0,1.0,0.0
CoderEval-Python-CodeLlama-7B-GGUF,CodeLlama-7B,GGUF,62e4fbda85ea986430890405,0.0,0,0,0,0.0,0.0
CoderEval-Python-CodeLlama-7B-GGUF,CodeLlama-7B,GGUF,62e5dc9ed76274f8a4026b5b,7.0,0,0,0,3.0,0.0
CoderEval-Python-CodeLlama-7B-GGUF,CodeLlama-7B,GGUF,62e60707d76274f8a4026b69,0.0,0,0,0,0.0,0.0
CoderEval-Python-CodeLlama-7B-GGUF,CodeLlama-7B,GGUF,62e60723d76274f8a4026b75,2.0,0,0,0,1.0,0.0
CoderEval-Python-CodeLlama-7B-GGUF,CodeLlama-7B,GGUF,62e60879d76274f8a4026bec,25.0,0,0,0,10.0,9.0
CoderEval-Python-CodeLlama-7B-GGUF,CodeLlama-7B,GGUF,62e6087ad76274f8a4026bf2,12.0,0,0,0,1.0,0.0
CoderEval-Python-CodeLlama-7B-GGUF,CodeLlama-7B,GGUF,62e6087bd76274f8a4026bfa,4.0,0,1,0,1.0,0.0
CoderEval-Python-CodeLlama-7B-GGUF,CodeLlama-7B,GGUF,62e60b10d76274f8a4026ccd,2.0,0,0,0,1.0,0.0
CoderEval-Python-CodeLlama-7B-GGUF,CodeLlama-7B,GGUF,62e60da4d76274f8a4026cf1,2.0,0,0,0,1.0,0.0
CoderEval-Python-CodeLlama-7B-GGUF,CodeLlama-7B,GGUF,62e60e05d76274f8a4026cfd,2.0,0,0,0,1.0,0.0
CoderEval-Python-CodeLlama-7B-GGUF,CodeLlama-7B,GGUF,62e60e49d76274f8a4026d25,6.0,0,0,0,2.0,0.0
CoderEval-Python-CodeLlama-7B-GGUF,CodeLlama-7B,GGUF,62e60ed4d76274f8a4026da0,0.0,0,0,0,0.0,0.0
CoderEval-Python-CodeLlama-7B-GGUF,CodeLlama-7B,GGUF,62e60f33d76274f8a4026de9,0.0,0,0,0,0.0,0.0
CoderEval-Python-CodeLlama-7B-GGUF,CodeLlama-7B,GGUF,62e60f37d76274f8a4026dfd,0.0,0,0,0,0.0,0.0
CoderEval-Python-CodeLlama-7B-GGUF,CodeLlama-7B,GGUF,62e60f3bd76274f8a4026e10,0.0,0,0,0,0.0,0.0
CoderEval-Python-CodeLlama-7B-GGUF,CodeLlama-7B,GGUF,62e60f43d76274f8a4026e28,0.0,0,0,0,0.0,0.0
CoderEval-Python-CodeLlama-7B-GGUF,CodeLlama-7B,GGUF,62ece4982e6aefcf4aabbd60,0.0,0,0,0,0.0,0.0
CoderEval-Python-CodeLlama-7B-GGUF,CodeLlama-7B,GGUF,62ece4982e6aefcf4aabbd61,9.0,0,0,0,4.0,7.0
CoderEval-Python-CodeLlama-7B-GGUF,CodeLlama-7B,GGUF,62ece4982e6aefcf4aabbd62,5.0,0,0,0,3.0,3.0
CoderEval-Python-CodeLlama-7B-GGUF,CodeLlama-7B,GGUF,62ece4982e6aefcf4aabbd63,2.0,0,0,0,2.0,1.0
CoderEval-Python-CodeLlama-7B-GGUF,CodeLlama-7B,GGUF,62ece4982e6aefcf4aabbd64,5.0,0,1,0,2.0,2.0
CoderEval-Python-CodeLlama-7B-GGUF,CodeLlama-7B,GGUF,62ece4982e6aefcf4aabbd65,2.0,0,0,0,1.0,0.0
CoderEval-Python-CodeLlama-7B-GGUF,CodeLlama-7B,GGUF,62ece4982e6aefcf4aabbd66,8.0,0,0,0,3.0,4.0
CoderEval-Python-CodeLlama-7B-GGUF,CodeLlama-7B,GGUF,62ece4982e6aefcf4aabbd67,2.0,0,0,0,1.0,0.0
CoderEval-Python-CodeLlama-7B-GGUF,CodeLlama-7B,GGUF,62ece4982e6aefcf4aabbd69,3.0,0,0,0,1.0,0.0
CoderEval-Python-CodeLlama-7B-GGUF,CodeLlama-7B,GGUF,62ece4982e6aefcf4aabbd70,2.0,0,0,0,1.0,0.0
CoderEval-Python-CodeLlama-7B-GGUF,CodeLlama-7B,GGUF,62ece4982e6aefcf4aabbd71,2.0,0,0,0,1.0,0.0
CoderEval-Python-CodeLlama-7B-GGUF,CodeLlama-7B,GGUF,62ece4982e6aefcf4aabbd72,2.0,0,0,0,1.0,0.0
CoderEval-Python-CodeLlama-7B-GGUF,CodeLlama-7B,GGUF,62ece4982e6aefcf4aabbd73,12.0,0,0,0,4.0,7.0
CoderEval-Python-CodeLlama-7B-GGUF,CodeLlama-7B,GGUF,62ece4982e6aefcf4aabbd74,11.0,0,0,0,2.0,1.0
CoderEval-Python-CodeLlama-7B-GGUF,CodeLlama-7B,GGUF,62ece4982e6aefcf4aabbd76,2.0,0,0,0,1.0,0.0
CoderEval-Python-CodeLlama-7B-GGUF,CodeLlama-7B,GGUF,62ece4982e6aefcf4aabbd77,25.0,0,0,0,4.0,14.0
CoderEval-Python-CodeLlama-7B-GGUF,CodeLlama-7B,GGUF,62ece4982e6aefcf4aabbd5f,3.0,0,0,0,2.0,1.0
CoderEval-Python-CodeLlama-7B-GGUF,CodeLlama-7B,GGUF,62ece4982e6aefcf4aabbd6a,2.0,0,0,0,1.0,0.0
CoderEval-Python-CodeLlama-7B-GGUF,CodeLlama-7B,GGUF,62ece4982e6aefcf4aabbd6b,6.0,1,0,0,2.0,1.0
CoderEval-Python-CodeLlama-7B-GGUF,CodeLlama-7B,GGUF,62ece4982e6aefcf4aabbd6f,10.0,0,0,0,3.0,2.0
CoderEval-Python-CodeLlama-7B-GGUF,CodeLlama-7B,GGUF,62ece4992e6aefcf4aabbd78,2.0,0,0,0,1.0,0.0
CoderEval-Python-CodeLlama-7B-GGUF,CodeLlama-7B,GGUF,62ece4992e6aefcf4aabbd79,8.0,0,0,0,3.0,3.0
CoderEval-Python-CodeLlama-7B-GGUF,CodeLlama-7B,GGUF,62ece4992e6aefcf4aabbd80,4.0,0,0,0,2.0,1.0
CoderEval-Python-CodeLlama-7B-GGUF,CodeLlama-7B,GGUF,62ece4992e6aefcf4aabbd82,6.0,0,0,0,3.0,3.0
CoderEval-Python-CodeLlama-7B-GGUF,CodeLlama-7B,GGUF,62ece4992e6aefcf4aabbd83,23.0,0,0,0,8.0,8.0
CoderEval-Python-CodeLlama-7B-GGUF,CodeLlama-7B,GGUF,62ece4992e6aefcf4aabbd84,6.0,0,0,0,1.0,1.0
CoderEval-Python-CodeLlama-7B-GGUF,CodeLlama-7B,GGUF,62ece4992e6aefcf4aabbd85,9.0,0,0,0,5.0,5.0
CoderEval-Python-CodeLlama-7B-GGUF,CodeLlama-7B,GGUF,62ece4992e6aefcf4aabbd86,4.0,0,0,0,2.0,1.0
CoderEval-Python-CodeLlama-7B-GGUF,CodeLlama-7B,GGUF,62ece4992e6aefcf4aabbd87,14.0,0,0,0,2.0,1.0
CoderEval-Python-CodeLlama-7B-GGUF,CodeLlama-7B,GGUF,62ece4992e6aefcf4aabbd88,2.0,0,0,0,1.0,0.0
CoderEval-Python-CodeLlama-7B-GGUF,CodeLlama-7B,GGUF,62ece4992e6aefcf4aabbd7a,2.0,0,0,0,1.0,0.0
CoderEval-Python-CodeLlama-7B-GGUF,CodeLlama-7B,GGUF,62ece4992e6aefcf4aabbd7b,8.0,0,0,0,3.0,3.0
CoderEval-Python-CodeLlama-7B-GGUF,CodeLlama-7B,GGUF,62ece4992e6aefcf4aabbd7c,2.0,0,0,0,1.0,0.0
CoderEval-Python-CodeLlama-7B-GGUF,CodeLlama-7B,GGUF,62ece4992e6aefcf4aabbd7d,8.0,0,0,0,2.0,1.0
CoderEval-Python-CodeLlama-7B-GGUF,CodeLlama-7B,GGUF,62ece4992e6aefcf4aabbd7e,10.0,0,0,0,3.0,4.0
CoderEval-Python-CodeLlama-7B-GGUF,CodeLlama-7B,GGUF,62ece4992e6aefcf4aabbd7f,19.0,0,0,0,9.0,8.0
CoderEval-Python-CodeLlama-7B-GGUF,CodeLlama-7B,GGUF,62ece4992e6aefcf4aabbd8a,10.0,0,0,0,2.0,3.0
CoderEval-Python-CodeLlama-7B-GGUF,CodeLlama-7B,GGUF,62ece4992e6aefcf4aabbd8b,4.0,0,0,0,2.0,1.0
CoderEval-Python-CodeLlama-7B-GGUF,CodeLlama-7B,GGUF,6305f9991d275c6667163c50,3.0,0,0,0,1.0,0.0
CoderEval-Python-CodeLlama-7B-GGUF,CodeLlama-7B,GGUF,6306091073426c38ae68acac,7.0,0,0,0,3.0,2.0
CoderEval-Python-CodeLlama-7B-GGUF,CodeLlama-7B,GGUF,6306091a73426c38ae68acc8,2.0,0,0,0,1.0,0.0
CoderEval-Python-CodeLlama-7B-GGUF,CodeLlama-7B,GGUF,6306092973426c38ae68ad01,6.0,0,0,0,3.0,3.0
CoderEval-Python-CodeLlama-7B-GGUF,CodeLlama-7B,GGUF,6306092c73426c38ae68ad02,10.0,0,0,0,5.0,6.0
CoderEval-Python-CodeLlama-7B-GGUF,CodeLlama-7B,GGUF,6306092d73426c38ae68ad04,5.0,0,0,0,2.0,1.0
CoderEval-Python-CodeLlama-7B-GGUF,CodeLlama-7B,GGUF,6306092d73426c38ae68ad05,5.0,0,0,0,3.0,3.0
CoderEval-Python-CodeLlama-7B-GGUF,CodeLlama-7B,GGUF,6306092d73426c38ae68ad06,2.0,0,0,0,2.0,0.0
CoderEval-Python-CodeLlama-7B-GGUF,CodeLlama-7B,GGUF,6306092d73426c38ae68ad08,17.0,0,2,0,8.0,16.0
CoderEval-Python-CodeLlama-7B-GGUF,CodeLlama-7B,GGUF,6306092e73426c38ae68ad0d,30.0,0,0,0,2.0,14.0
CoderEval-Python-CodeLlama-7B-GGUF,CodeLlama-7B,GGUF,6306092e73426c38ae68ad0f,15.0,0,0,0,4.0,9.0
CoderEval-Python-CodeLlama-7B-GGUF,CodeLlama-7B,GGUF,6306092f73426c38ae68ad13,32.0,0,0,0,2.0,1.0
CoderEval-Python-CodeLlama-7B-GGUF,CodeLlama-7B,GGUF,6306093273426c38ae68ad15,1.0,0,42,0,1.0,0.0
CoderEval-Python-CodeLlama-7B-GGUF,CodeLlama-7B,GGUF,63060ada73426c38ae68ad31,30.0,11,1,0,16.0,29.0
CoderEval-Python-CodeLlama-7B-GGUF,CodeLlama-7B,GGUF,63060b1a73426c38ae68ad3e,0.0,0,0,0,0.0,0.0
CoderEval-Python-CodeLlama-7B-GGUF,CodeLlama-7B,GGUF,63060b1b73426c38ae68ad42,3.0,0,0,0,2.0,1.0
CoderEval-Python-CodeLlama-7B-GGUF,CodeLlama-7B,GGUF,6306292052e177c0ba469f09,17.0,0,0,0,4.0,11.0
CoderEval-Python-CodeLlama-7B-GGUF,CodeLlama-7B,GGUF,6306292152e177c0ba469f0d,6.0,0,0,0,3.0,2.0
CoderEval-Python-CodeLlama-7B-GGUF,CodeLlama-7B,GGUF,6306292252e177c0ba469f11,2.0,0,0,0,1.0,0.0
CoderEval-Python-CodeLlama-7B-GGUF,CodeLlama-7B,GGUF,6306292352e177c0ba469f1d,27.0,1,26,0,1.0,0.0
CoderEval-Python-CodeLlama-7B-GGUF,CodeLlama-7B,GGUF,6306292352e177c0ba469f1e,4.0,0,0,0,1.0,0.0
CoderEval-Python-CodeLlama-7B-GGUF,CodeLlama-7B,GGUF,6306292652e177c0ba469f34,6.0,0,0,0,1.0,1.0
CoderEval-Python-CodeLlama-7B-GGUF,CodeLlama-7B,GGUF,6306292a52e177c0ba469f41,5.0,0,0,0,3.0,3.0
CoderEval-Python-CodeLlama-7B-GGUF,CodeLlama-7B,GGUF,6306298b52e177c0ba469fdc,2.0,0,0,0,1.0,0.0
CoderEval-Python-CodeLlama-7B-GGUF,CodeLlama-7B,GGUF,6306299052e177c0ba469fe8,5.0,0,0,0,2.0,2.0
CoderEval-Python-CodeLlama-7B-GGUF,CodeLlama-7B,GGUF,630629b952e177c0ba46a043,5.0,0,0,0,1.0,0.0
CoderEval-Python-CodeLlama-7B-GGUF,CodeLlama-7B,GGUF,630629d052e177c0ba46a0a1,8.0,0,0,0,1.0,1.0
CoderEval-Python-CodeLlama-7B-GGUF,CodeLlama-7B,GGUF,630629e052e177c0ba46a0c4,3.0,0,0,0,1.0,0.0
CoderEval-Python-CodeLlama-7B-GGUF,CodeLlama-7B,GGUF,630629e152e177c0ba46a0d1,5.0,0,0,0,1.0,1.0
CoderEval-Python-CodeLlama-7B-GGUF,CodeLlama-7B,GGUF,630629e152e177c0ba46a0d2,6.0,0,1,0,2.0,1.0
CoderEval-Python-CodeLlama-7B-GGUF,CodeLlama-7B,GGUF,630629e252e177c0ba46a0d6,2.0,0,0,0,1.0,0.0
CoderEval-Python-CodeLlama-7B-GGUF,CodeLlama-7B,GGUF,630629e752e177c0ba46a0fb,2.0,0,0,0,1.0,0.0
CoderEval-Python-CodeLlama-7B-QUIP,CodeLlama-7B,QUIP,62b438a266fea644fe22cc2d,13.0,1,0,0,3.0,7.0
CoderEval-Python-CodeLlama-7B-QUIP,CodeLlama-7B,QUIP,62b438a266fea644fe22cc2e,9.0,0,1,0,2.0,0.0
CoderEval-Python-CodeLlama-7B-QUIP,CodeLlama-7B,QUIP,62b438b666fea644fe22cc72,2.0,0,0,0,1.0,0.0
CoderEval-Python-CodeLlama-7B-QUIP,CodeLlama-7B,QUIP,62b438b666fea644fe22cc78,0.0,0,0,0,0.0,0.0
CoderEval-Python-CodeLlama-7B-QUIP,CodeLlama-7B,QUIP,62b45665d7d32e5b55cc8364,13.0,1,0,0,3.0,7.0
CoderEval-Python-CodeLlama-7B-QUIP,CodeLlama-7B,QUIP,62b45665d7d32e5b55cc8365,0.0,0,0,0,0.0,0.0
CoderEval-Python-CodeLlama-7B-QUIP,CodeLlama-7B,QUIP,62b45679d7d32e5b55cc83a9,2.0,0,0,0,1.0,0.0
CoderEval-Python-CodeLlama-7B-QUIP,CodeLlama-7B,QUIP,62b4567ad7d32e5b55cc83af,0.0,0,0,0,0.0,0.0
CoderEval-Python-CodeLlama-7B-QUIP,CodeLlama-7B,QUIP,62b4567ed7d32e5b55cc83d9,11.0,0,1,0,4.0,8.0
CoderEval-Python-CodeLlama-7B-QUIP,CodeLlama-7B,QUIP,62b45df05108cfac7f2109ce,8.0,0,0,0,4.0,3.0
CoderEval-Python-CodeLlama-7B-QUIP,CodeLlama-7B,QUIP,62b45df15108cfac7f2109dc,2.0,0,0,0,1.0,0.0
CoderEval-Python-CodeLlama-7B-QUIP,CodeLlama-7B,QUIP,62b45df15108cfac7f2109dd,2.0,0,0,0,1.0,0.0
CoderEval-Python-CodeLlama-7B-QUIP,CodeLlama-7B,QUIP,62b45e145108cfac7f210a07,0.0,0,0,0,0.0,0.0
CoderEval-Python-CodeLlama-7B-QUIP,CodeLlama-7B,QUIP,62b45e145108cfac7f210a09,6.0,0,0,0,3.0,3.0
CoderEval-Python-CodeLlama-7B-QUIP,CodeLlama-7B,QUIP,62b45e165108cfac7f210a16,0.0,0,0,0,0.0,0.0
CoderEval-Python-CodeLlama-7B-QUIP,CodeLlama-7B,QUIP,62b45e165108cfac7f210a17,5.0,0,1,0,2.0,1.0
CoderEval-Python-CodeLlama-7B-QUIP,CodeLlama-7B,QUIP,62b45e175108cfac7f210a19,0.0,0,0,0,0.0,0.0
CoderEval-Python-CodeLlama-7B-QUIP,CodeLlama-7B,QUIP,62b45e21e0d4551b0392c8ed,7.0,0,0,0,2.0,3.0
CoderEval-Python-CodeLlama-7B-QUIP,CodeLlama-7B,QUIP,62b45e23e0d4551b0392c90a,18.0,0,0,0,5.0,9.0
CoderEval-Python-CodeLlama-7B-QUIP,CodeLlama-7B,QUIP,62b45e2eb89c9fd354170232,2.0,0,0,0,1.0,0.0
CoderEval-Python-CodeLlama-7B-QUIP,CodeLlama-7B,QUIP,62b45e515108cfac7f210a3c,3.0,0,0,0,1.0,0.0
CoderEval-Python-CodeLlama-7B-QUIP,CodeLlama-7B,QUIP,62b45e945108cfac7f210a4a,7.0,0,0,0,2.0,1.0
CoderEval-Python-CodeLlama-7B-QUIP,CodeLlama-7B,QUIP,62b463153879012d19481498,6.0,0,0,0,3.0,3.0
CoderEval-Python-CodeLlama-7B-QUIP,CodeLlama-7B,QUIP,62b463153879012d1948149a,11.0,0,1,0,6.0,11.0
CoderEval-Python-CodeLlama-7B-QUIP,CodeLlama-7B,QUIP,62b463153879012d1948149b,2.0,0,0,0,2.0,1.0
CoderEval-Python-CodeLlama-7B-QUIP,CodeLlama-7B,QUIP,62b463153879012d1948149c,2.0,0,0,0,2.0,0.0
CoderEval-Python-CodeLlama-7B-QUIP,CodeLlama-7B,QUIP,62b463153879012d1948149d,6.0,0,0,0,3.0,3.0
CoderEval-Python-CodeLlama-7B-QUIP,CodeLlama-7B,QUIP,62b463153879012d1948149f,12.0,0,0,0,2.0,2.0
CoderEval-Python-CodeLlama-7B-QUIP,CodeLlama-7B,QUIP,62b463153879012d194814a1,2.0,0,0,0,1.0,0.0
CoderEval-Python-CodeLlama-7B-QUIP,CodeLlama-7B,QUIP,62b463163879012d194814a2,2.0,0,0,0,1.0,0.0
CoderEval-Python-CodeLlama-7B-QUIP,CodeLlama-7B,QUIP,62b463163879012d194814a4,4.0,0,0,0,1.0,0.0
CoderEval-Python-CodeLlama-7B-QUIP,CodeLlama-7B,QUIP,62b463163879012d194814a6,3.0,0,0,0,1.0,0.0
CoderEval-Python-CodeLlama-7B-QUIP,CodeLlama-7B,QUIP,62b4631b3879012d194814dd,2.0,0,0,0,1.0,0.0
CoderEval-Python-CodeLlama-7B-QUIP,CodeLlama-7B,QUIP,62b463283879012d1948153d,6.0,0,0,0,3.0,3.0
CoderEval-Python-CodeLlama-7B-QUIP,CodeLlama-7B,QUIP,62b463303879012d19481579,11.0,0,0,0,5.0,11.0
CoderEval-Python-CodeLlama-7B-QUIP,CodeLlama-7B,QUIP,62b46740d2f69a53b466171a,0.0,0,0,0,0.0,0.0
CoderEval-Python-CodeLlama-7B-QUIP,CodeLlama-7B,QUIP,62b46746d2f69a53b4661722,2.0,0,0,0,1.0,0.0
CoderEval-Python-CodeLlama-7B-QUIP,CodeLlama-7B,QUIP,62b86707b4d922cb0e688c2a,5.0,0,0,0,2.0,0.0
CoderEval-Python-CodeLlama-7B-QUIP,CodeLlama-7B,QUIP,62b86729b4d922cb0e688c2f,0.0,0,0,0,0.0,0.0
CoderEval-Python-CodeLlama-7B-QUIP,CodeLlama-7B,QUIP,62b869eab4d922cb0e688cbf,0.0,0,0,0,0.0,0.0
CoderEval-Python-CodeLlama-7B-QUIP,CodeLlama-7B,QUIP,62b869eab4d922cb0e688cc5,22.0,0,0,0,4.0,7.0
CoderEval-Python-CodeLlama-7B-QUIP,CodeLlama-7B,QUIP,62b869ebb4d922cb0e688cc6,15.0,0,0,0,4.0,8.0
CoderEval-Python-CodeLlama-7B-QUIP,CodeLlama-7B,QUIP,62b86a01b4d922cb0e688ccc,14.0,1,0,0,4.0,8.0
CoderEval-Python-CodeLlama-7B-QUIP,CodeLlama-7B,QUIP,62b86a4fb4d922cb0e688cf7,4.0,0,0,0,2.0,1.0
CoderEval-Python-CodeLlama-7B-QUIP,CodeLlama-7B,QUIP,62b86a4fb4d922cb0e688cf8,8.0,0,0,0,4.0,3.0
CoderEval-Python-CodeLlama-7B-QUIP,CodeLlama-7B,QUIP,62b86a9eb4d922cb0e688d25,2.0,0,0,0,1.0,0.0
CoderEval-Python-CodeLlama-7B-QUIP,CodeLlama-7B,QUIP,62b86aa3b4d922cb0e688d36,9.0,0,0,0,5.0,6.0
CoderEval-Python-CodeLlama-7B-QUIP,CodeLlama-7B,QUIP,62b87af09a0c4fa8b80b34f1,4.0,0,0,0,3.0,2.0
CoderEval-Python-CodeLlama-7B-QUIP,CodeLlama-7B,QUIP,62b87af19a0c4fa8b80b34f7,10.0,0,0,0,5.0,5.0
CoderEval-Python-CodeLlama-7B-QUIP,CodeLlama-7B,QUIP,62b87af69a0c4fa8b80b351a,2.0,0,0,0,2.0,1.0
CoderEval-Python-CodeLlama-7B-QUIP,CodeLlama-7B,QUIP,62b87af99a0c4fa8b80b3524,2.0,0,0,0,1.0,0.0
CoderEval-Python-CodeLlama-7B-QUIP,CodeLlama-7B,QUIP,62b87b099a0c4fa8b80b3538,2.0,0,0,0,2.0,1.0
CoderEval-Python-CodeLlama-7B-QUIP,CodeLlama-7B,QUIP,62b87b199a0c4fa8b80b354c,5.0,0,1,0,2.0,2.0
CoderEval-Python-CodeLlama-7B-QUIP,CodeLlama-7B,QUIP,62b87b199a0c4fa8b80b354e,6.0,0,0,0,1.0,1.0
CoderEval-Python-CodeLlama-7B-QUIP,CodeLlama-7B,QUIP,62b87b4f9a0c4fa8b80b3580,2.0,0,0,0,1.0,0.0
CoderEval-Python-CodeLlama-7B-QUIP,CodeLlama-7B,QUIP,62b87b4f9a0c4fa8b80b3581,17.0,1,0,0,7.0,8.0
CoderEval-Python-CodeLlama-7B-QUIP,CodeLlama-7B,QUIP,62b87b519a0c4fa8b80b3583,0.0,0,0,0,0.0,0.0
CoderEval-Python-CodeLlama-7B-QUIP,CodeLlama-7B,QUIP,62b87b7e9a0c4fa8b80b35bc,0.0,0,0,0,0.0,0.0
CoderEval-Python-CodeLlama-7B-QUIP,CodeLlama-7B,QUIP,62b87b839a0c4fa8b80b35cb,6.0,0,0,0,3.0,3.0
CoderEval-Python-CodeLlama-7B-QUIP,CodeLlama-7B,QUIP,62b87b859a0c4fa8b80b35d7,2.0,0,0,0,1.0,0.0
CoderEval-Python-CodeLlama-7B-QUIP,CodeLlama-7B,QUIP,62b87b869a0c4fa8b80b35e1,73.0,0,4,0,37.0,35.0
CoderEval-Python-CodeLlama-7B-QUIP,CodeLlama-7B,QUIP,62b87b989a0c4fa8b80b35ee,3.0,0,0,0,1.0,0.0
CoderEval-Python-CodeLlama-7B-QUIP,CodeLlama-7B,QUIP,62b87d23d292efb640a55667,5.0,0,0,0,2.0,0.0
CoderEval-Python-CodeLlama-7B-QUIP,CodeLlama-7B,QUIP,62b87d23d292efb640a55668,15.0,0,0,0,1.0,0.0
CoderEval-Python-CodeLlama-7B-QUIP,CodeLlama-7B,QUIP,62b87d23d292efb640a5566b,19.0,0,0,0,7.0,7.0
CoderEval-Python-CodeLlama-7B-QUIP,CodeLlama-7B,QUIP,62b87d24d292efb640a55670,0.0,0,0,0,0.0,0.0
CoderEval-Python-CodeLlama-7B-QUIP,CodeLlama-7B,QUIP,62b87d24d292efb640a5566d,5.0,0,0,0,2.0,2.0
CoderEval-Python-CodeLlama-7B-QUIP,CodeLlama-7B,QUIP,62b87d24d292efb640a5566f,0.0,0,0,0,0.0,0.0
CoderEval-Python-CodeLlama-7B-QUIP,CodeLlama-7B,QUIP,62b89640755ee91dce50a114,9.0,0,1,0,4.0,2.0
CoderEval-Python-CodeLlama-7B-QUIP,CodeLlama-7B,QUIP,62b8982f755ee91dce50a241,3.0,0,0,0,1.0,0.0
CoderEval-Python-CodeLlama-7B-QUIP,CodeLlama-7B,QUIP,62b8a4a4755ee91dce50a3d2,2.0,0,0,0,1.0,0.0
CoderEval-Python-CodeLlama-7B-QUIP,CodeLlama-7B,QUIP,62b8a7b2755ee91dce50a4a7,4.0,0,0,0,2.0,1.0
CoderEval-Python-CodeLlama-7B-QUIP,CodeLlama-7B,QUIP,62b8b3d4eb7e40a82d2d110d,2.0,0,0,0,1.0,0.0
CoderEval-Python-CodeLlama-7B-QUIP,CodeLlama-7B,QUIP,62b8b3d4eb7e40a82d2d110e,2.0,0,0,0,2.0,1.0
CoderEval-Python-CodeLlama-7B-QUIP,CodeLlama-7B,QUIP,62b8b3d4eb7e40a82d2d110f,2.0,0,0,0,1.0,0.0
CoderEval-Python-CodeLlama-7B-QUIP,CodeLlama-7B,QUIP,62b8b3d5eb7e40a82d2d1110,6.0,0,0,0,1.0,1.0
CoderEval-Python-CodeLlama-7B-QUIP,CodeLlama-7B,QUIP,62b8b3d6eb7e40a82d2d111c,13.0,0,0,0,5.0,9.0
CoderEval-Python-CodeLlama-7B-QUIP,CodeLlama-7B,QUIP,62b8b416eb7e40a82d2d1129,5.0,0,0,0,3.0,2.0
CoderEval-Python-CodeLlama-7B-QUIP,CodeLlama-7B,QUIP,62b8b4b9eb7e40a82d2d1134,5.0,0,1,0,2.0,2.0
CoderEval-Python-CodeLlama-7B-QUIP,CodeLlama-7B,QUIP,62b8b4baeb7e40a82d2d1136,37.0,0,2,0,13.0,18.0
CoderEval-Python-CodeLlama-7B-QUIP,CodeLlama-7B,QUIP,62b8b4baeb7e40a82d2d1137,0.0,0,0,0,0.0,0.0
CoderEval-Python-CodeLlama-7B-QUIP,CodeLlama-7B,QUIP,62b8b4c1eb7e40a82d2d1139,14.0,0,1,0,7.0,6.0
CoderEval-Python-CodeLlama-7B-QUIP,CodeLlama-7B,QUIP,62b8b559eb7e40a82d2d11f6,8.0,0,1,0,4.0,7.0
CoderEval-Python-CodeLlama-7B-QUIP,CodeLlama-7B,QUIP,62b8b559eb7e40a82d2d11f8,2.0,0,1,0,2.0,0.0
CoderEval-Python-CodeLlama-7B-QUIP,CodeLlama-7B,QUIP,62b8b58deb7e40a82d2d1269,2.0,0,1,0,1.0,0.0
CoderEval-Python-CodeLlama-7B-QUIP,CodeLlama-7B,QUIP,62b8b590eb7e40a82d2d1275,2.0,0,1,0,1.0,0.0
CoderEval-Python-CodeLlama-7B-QUIP,CodeLlama-7B,QUIP,62b8b59feb7e40a82d2d1291,2.0,0,1,0,1.0,0.0
CoderEval-Python-CodeLlama-7B-QUIP,CodeLlama-7B,QUIP,62b8d22548ba5a41d1c3f472,16.0,0,0,0,6.0,11.0
CoderEval-Python-CodeLlama-7B-QUIP,CodeLlama-7B,QUIP,62b8d22948ba5a41d1c3f47c,2.0,0,0,0,1.0,0.0
CoderEval-Python-CodeLlama-7B-QUIP,CodeLlama-7B,QUIP,62b8d22a48ba5a41d1c3f47d,5.0,0,0,0,2.0,1.0
CoderEval-Python-CodeLlama-7B-QUIP,CodeLlama-7B,QUIP,62b8d22a48ba5a41d1c3f47e,0.0,0,0,0,0.0,0.0
CoderEval-Python-CodeLlama-7B-QUIP,CodeLlama-7B,QUIP,62b8d22f48ba5a41d1c3f488,2.0,0,0,0,1.0,0.0
CoderEval-Python-CodeLlama-7B-QUIP,CodeLlama-7B,QUIP,62b8d23748ba5a41d1c3f496,0.0,0,0,0,0.0,0.0
CoderEval-Python-CodeLlama-7B-QUIP,CodeLlama-7B,QUIP,62b8d23748ba5a41d1c3f497,3.0,0,0,0,1.0,0.0
CoderEval-Python-CodeLlama-7B-QUIP,CodeLlama-7B,QUIP,62b8d23948ba5a41d1c3f498,28.0,1,1,0,12.0,20.0
CoderEval-Python-CodeLlama-7B-QUIP,CodeLlama-7B,QUIP,62b8d23a48ba5a41d1c3f499,0.0,0,0,0,0.0,0.0
CoderEval-Python-CodeLlama-7B-QUIP,CodeLlama-7B,QUIP,62b8d23b48ba5a41d1c3f49a,11.0,1,1,0,4.0,4.0
CoderEval-Python-CodeLlama-7B-QUIP,CodeLlama-7B,QUIP,62b8d23c48ba5a41d1c3f49b,5.0,0,0,0,2.0,2.0
CoderEval-Python-CodeLlama-7B-QUIP,CodeLlama-7B,QUIP,62b8d23e48ba5a41d1c3f49e,6.0,0,0,0,2.0,1.0
CoderEval-Python-CodeLlama-7B-QUIP,CodeLlama-7B,QUIP,62b8d24048ba5a41d1c3f49f,0.0,0,0,0,0.0,0.0
CoderEval-Python-CodeLlama-7B-QUIP,CodeLlama-7B,QUIP,62b8d27a48ba5a41d1c3f4c6,13.0,1,1,0,4.0,3.0
CoderEval-Python-CodeLlama-7B-QUIP,CodeLlama-7B,QUIP,62e4fb4d85ea9864308902e7,5.0,0,0,0,4.0,3.0
CoderEval-Python-CodeLlama-7B-QUIP,CodeLlama-7B,QUIP,62e4fb6585ea98643089032b,2.0,0,0,0,1.0,0.0
CoderEval-Python-CodeLlama-7B-QUIP,CodeLlama-7B,QUIP,62e4fbda85ea986430890403,2.0,0,0,0,1.0,0.0
CoderEval-Python-CodeLlama-7B-QUIP,CodeLlama-7B,QUIP,62e4fbda85ea986430890405,0.0,0,0,0,0.0,0.0
CoderEval-Python-CodeLlama-7B-QUIP,CodeLlama-7B,QUIP,62e5dc9ed76274f8a4026b5b,7.0,0,0,0,3.0,0.0
CoderEval-Python-CodeLlama-7B-QUIP,CodeLlama-7B,QUIP,62e60707d76274f8a4026b69,0.0,0,0,0,0.0,0.0
CoderEval-Python-CodeLlama-7B-QUIP,CodeLlama-7B,QUIP,62e60723d76274f8a4026b75,2.0,0,0,0,1.0,0.0
CoderEval-Python-CodeLlama-7B-QUIP,CodeLlama-7B,QUIP,62e60879d76274f8a4026bec,4.0,0,0,0,1.0,0.0
CoderEval-Python-CodeLlama-7B-QUIP,CodeLlama-7B,QUIP,62e6087ad76274f8a4026bf2,10.0,0,0,0,1.0,0.0
CoderEval-Python-CodeLlama-7B-QUIP,CodeLlama-7B,QUIP,62e6087bd76274f8a4026bfa,2.0,0,0,0,1.0,0.0
CoderEval-Python-CodeLlama-7B-QUIP,CodeLlama-7B,QUIP,62e60b10d76274f8a4026ccd,2.0,0,0,0,1.0,0.0
CoderEval-Python-CodeLlama-7B-QUIP,CodeLlama-7B,QUIP,62e60da4d76274f8a4026cf1,2.0,0,0,0,1.0,0.0
CoderEval-Python-CodeLlama-7B-QUIP,CodeLlama-7B,QUIP,62e60e05d76274f8a4026cfd,2.0,0,0,0,1.0,0.0
CoderEval-Python-CodeLlama-7B-QUIP,CodeLlama-7B,QUIP,62e60e49d76274f8a4026d25,5.0,0,0,0,1.0,0.0
CoderEval-Python-CodeLlama-7B-QUIP,CodeLlama-7B,QUIP,62e60ed4d76274f8a4026da0,2.0,0,0,0,1.0,0.0
CoderEval-Python-CodeLlama-7B-QUIP,CodeLlama-7B,QUIP,62e60f33d76274f8a4026de9,5.0,0,0,0,2.0,2.0
CoderEval-Python-CodeLlama-7B-QUIP,CodeLlama-7B,QUIP,62e60f37d76274f8a4026dfd,2.0,0,0,0,1.0,0.0
CoderEval-Python-CodeLlama-7B-QUIP,CodeLlama-7B,QUIP,62e60f3bd76274f8a4026e10,6.0,0,0,0,3.0,2.0
CoderEval-Python-CodeLlama-7B-QUIP,CodeLlama-7B,QUIP,62e60f43d76274f8a4026e28,16.0,0,0,0,2.0,2.0
CoderEval-Python-CodeLlama-7B-QUIP,CodeLlama-7B,QUIP,62ece4982e6aefcf4aabbd60,53.0,1,1,0,27.0,26.0
CoderEval-Python-CodeLlama-7B-QUIP,CodeLlama-7B,QUIP,62ece4982e6aefcf4aabbd61,8.0,0,0,0,3.0,3.0
CoderEval-Python-CodeLlama-7B-QUIP,CodeLlama-7B,QUIP,62ece4982e6aefcf4aabbd62,5.0,0,0,0,3.0,3.0
CoderEval-Python-CodeLlama-7B-QUIP,CodeLlama-7B,QUIP,62ece4982e6aefcf4aabbd63,2.0,0,0,0,2.0,1.0
CoderEval-Python-CodeLlama-7B-QUIP,CodeLlama-7B,QUIP,62ece4982e6aefcf4aabbd64,5.0,0,1,0,2.0,2.0
CoderEval-Python-CodeLlama-7B-QUIP,CodeLlama-7B,QUIP,62ece4982e6aefcf4aabbd65,2.0,0,0,0,1.0,0.0
CoderEval-Python-CodeLlama-7B-QUIP,CodeLlama-7B,QUIP,62ece4982e6aefcf4aabbd66,8.0,0,0,0,3.0,4.0
CoderEval-Python-CodeLlama-7B-QUIP,CodeLlama-7B,QUIP,62ece4982e6aefcf4aabbd67,8.0,0,0,0,3.0,4.0
CoderEval-Python-CodeLlama-7B-QUIP,CodeLlama-7B,QUIP,62ece4982e6aefcf4aabbd69,7.0,0,0,0,2.0,2.0
CoderEval-Python-CodeLlama-7B-QUIP,CodeLlama-7B,QUIP,62ece4982e6aefcf4aabbd70,2.0,0,0,0,1.0,0.0
CoderEval-Python-CodeLlama-7B-QUIP,CodeLlama-7B,QUIP,62ece4982e6aefcf4aabbd71,5.0,0,0,0,1.0,0.0
CoderEval-Python-CodeLlama-7B-QUIP,CodeLlama-7B,QUIP,62ece4982e6aefcf4aabbd72,2.0,0,0,0,1.0,0.0
CoderEval-Python-CodeLlama-7B-QUIP,CodeLlama-7B,QUIP,62ece4982e6aefcf4aabbd73,10.0,0,0,0,4.0,6.0
CoderEval-Python-CodeLlama-7B-QUIP,CodeLlama-7B,QUIP,62ece4982e6aefcf4aabbd74,0.0,0,0,0,0.0,0.0
CoderEval-Python-CodeLlama-7B-QUIP,CodeLlama-7B,QUIP,62ece4982e6aefcf4aabbd76,2.0,0,0,0,1.0,0.0
CoderEval-Python-CodeLlama-7B-QUIP,CodeLlama-7B,QUIP,62ece4982e6aefcf4aabbd77,22.0,1,0,0,12.0,11.0
CoderEval-Python-CodeLlama-7B-QUIP,CodeLlama-7B,QUIP,62ece4982e6aefcf4aabbd5f,0.0,0,0,0,0.0,0.0
CoderEval-Python-CodeLlama-7B-QUIP,CodeLlama-7B,QUIP,62ece4982e6aefcf4aabbd6a,2.0,0,0,0,1.0,0.0
CoderEval-Python-CodeLlama-7B-QUIP,CodeLlama-7B,QUIP,62ece4982e6aefcf4aabbd6b,2.0,0,0,0,1.0,0.0
CoderEval-Python-CodeLlama-7B-QUIP,CodeLlama-7B,QUIP,62ece4982e6aefcf4aabbd6f,8.0,0,0,0,2.0,1.0
CoderEval-Python-CodeLlama-7B-QUIP,CodeLlama-7B,QUIP,62ece4992e6aefcf4aabbd78,2.0,0,0,0,1.0,0.0
CoderEval-Python-CodeLlama-7B-QUIP,CodeLlama-7B,QUIP,62ece4992e6aefcf4aabbd79,2.0,0,0,0,1.0,0.0
CoderEval-Python-CodeLlama-7B-QUIP,CodeLlama-7B,QUIP,62ece4992e6aefcf4aabbd80,5.0,0,0,0,2.0,2.0
CoderEval-Python-CodeLlama-7B-QUIP,CodeLlama-7B,QUIP,62ece4992e6aefcf4aabbd82,6.0,0,0,0,3.0,3.0
CoderEval-Python-CodeLlama-7B-QUIP,CodeLlama-7B,QUIP,62ece4992e6aefcf4aabbd83,0.0,0,0,0,0.0,0.0
CoderEval-Python-CodeLlama-7B-QUIP,CodeLlama-7B,QUIP,62ece4992e6aefcf4aabbd84,2.0,0,0,0,1.0,0.0
CoderEval-Python-CodeLlama-7B-QUIP,CodeLlama-7B,QUIP,62ece4992e6aefcf4aabbd85,9.0,0,0,0,4.0,4.0
CoderEval-Python-CodeLlama-7B-QUIP,CodeLlama-7B,QUIP,62ece4992e6aefcf4aabbd86,4.0,0,0,0,2.0,1.0
CoderEval-Python-CodeLlama-7B-QUIP,CodeLlama-7B,QUIP,62ece4992e6aefcf4aabbd87,0.0,0,0,0,0.0,0.0
CoderEval-Python-CodeLlama-7B-QUIP,CodeLlama-7B,QUIP,62ece4992e6aefcf4aabbd88,2.0,0,0,0,1.0,0.0
CoderEval-Python-CodeLlama-7B-QUIP,CodeLlama-7B,QUIP,62ece4992e6aefcf4aabbd7a,2.0,0,0,0,1.0,0.0
CoderEval-Python-CodeLlama-7B-QUIP,CodeLlama-7B,QUIP,62ece4992e6aefcf4aabbd7b,8.0,0,0,0,3.0,3.0
CoderEval-Python-CodeLlama-7B-QUIP,CodeLlama-7B,QUIP,62ece4992e6aefcf4aabbd7c,2.0,0,1,0,1.0,0.0
CoderEval-Python-CodeLlama-7B-QUIP,CodeLlama-7B,QUIP,62ece4992e6aefcf4aabbd7d,12.0,0,0,0,2.0,1.0
CoderEval-Python-CodeLlama-7B-QUIP,CodeLlama-7B,QUIP,62ece4992e6aefcf4aabbd7e,5.0,0,0,0,2.0,2.0
CoderEval-Python-CodeLlama-7B-QUIP,CodeLlama-7B,QUIP,62ece4992e6aefcf4aabbd7f,7.0,0,0,0,2.0,1.0
CoderEval-Python-CodeLlama-7B-QUIP,CodeLlama-7B,QUIP,62ece4992e6aefcf4aabbd8a,9.0,0,0,0,2.0,3.0
CoderEval-Python-CodeLlama-7B-QUIP,CodeLlama-7B,QUIP,62ece4992e6aefcf4aabbd8b,4.0,0,0,0,2.0,1.0
CoderEval-Python-CodeLlama-7B-QUIP,CodeLlama-7B,QUIP,6305f9991d275c6667163c50,3.0,0,0,0,1.0,0.0
CoderEval-Python-CodeLlama-7B-QUIP,CodeLlama-7B,QUIP,6306091073426c38ae68acac,9.0,0,0,0,3.0,4.0
CoderEval-Python-CodeLlama-7B-QUIP,CodeLlama-7B,QUIP,6306091a73426c38ae68acc8,2.0,0,0,0,1.0,0.0
CoderEval-Python-CodeLlama-7B-QUIP,CodeLlama-7B,QUIP,6306092973426c38ae68ad01,0.0,0,0,0,0.0,0.0
CoderEval-Python-CodeLlama-7B-QUIP,CodeLlama-7B,QUIP,6306092c73426c38ae68ad02,5.0,0,1,0,4.0,6.0
CoderEval-Python-CodeLlama-7B-QUIP,CodeLlama-7B,QUIP,6306092d73426c38ae68ad04,6.0,0,0,0,3.0,3.0
CoderEval-Python-CodeLlama-7B-QUIP,CodeLlama-7B,QUIP,6306092d73426c38ae68ad05,5.0,0,0,0,3.0,3.0
CoderEval-Python-CodeLlama-7B-QUIP,CodeLlama-7B,QUIP,6306092d73426c38ae68ad06,0.0,0,0,0,0.0,0.0
CoderEval-Python-CodeLlama-7B-QUIP,CodeLlama-7B,QUIP,6306092d73426c38ae68ad08,7.0,0,1,0,4.0,4.0
CoderEval-Python-CodeLlama-7B-QUIP,CodeLlama-7B,QUIP,6306092e73426c38ae68ad0d,26.0,0,0,0,2.0,12.0
CoderEval-Python-CodeLlama-7B-QUIP,CodeLlama-7B,QUIP,6306092e73426c38ae68ad0f,9.0,0,0,0,3.0,4.0
CoderEval-Python-CodeLlama-7B-QUIP,CodeLlama-7B,QUIP,6306092f73426c38ae68ad13,0.0,0,0,0,0.0,0.0
CoderEval-Python-CodeLlama-7B-QUIP,CodeLlama-7B,QUIP,6306093273426c38ae68ad15,18.0,0,20,0,1.0,0.0
CoderEval-Python-CodeLlama-7B-QUIP,CodeLlama-7B,QUIP,63060ada73426c38ae68ad31,0.0,0,0,0,0.0,0.0
CoderEval-Python-CodeLlama-7B-QUIP,CodeLlama-7B,QUIP,63060b1a73426c38ae68ad3e,24.0,0,0,0,1.0,0.0
CoderEval-Python-CodeLlama-7B-QUIP,CodeLlama-7B,QUIP,63060b1b73426c38ae68ad42,0.0,0,0,0,0.0,0.0
CoderEval-Python-CodeLlama-7B-QUIP,CodeLlama-7B,QUIP,6306292052e177c0ba469f09,11.0,0,0,0,4.0,9.0
CoderEval-Python-CodeLlama-7B-QUIP,CodeLlama-7B,QUIP,6306292152e177c0ba469f0d,5.0,0,0,0,2.0,2.0
CoderEval-Python-CodeLlama-7B-QUIP,CodeLlama-7B,QUIP,6306292252e177c0ba469f11,2.0,0,0,0,1.0,0.0
CoderEval-Python-CodeLlama-7B-QUIP,CodeLlama-7B,QUIP,6306292352e177c0ba469f1d,0.0,0,0,0,0.0,0.0
CoderEval-Python-CodeLlama-7B-QUIP,CodeLlama-7B,QUIP,6306292352e177c0ba469f1e,0.0,0,0,0,0.0,0.0
CoderEval-Python-CodeLlama-7B-QUIP,CodeLlama-7B,QUIP,6306292652e177c0ba469f34,6.0,0,1,0,1.0,1.0
CoderEval-Python-CodeLlama-7B-QUIP,CodeLlama-7B,QUIP,6306292a52e177c0ba469f41,5.0,0,0,0,3.0,3.0
CoderEval-Python-CodeLlama-7B-QUIP,CodeLlama-7B,QUIP,6306298b52e177c0ba469fdc,6.0,0,1,0,2.0,2.0
CoderEval-Python-CodeLlama-7B-QUIP,CodeLlama-7B,QUIP,6306299052e177c0ba469fe8,5.0,0,0,0,2.0,2.0
CoderEval-Python-CodeLlama-7B-QUIP,CodeLlama-7B,QUIP,630629b952e177c0ba46a043,5.0,0,0,0,1.0,0.0
CoderEval-Python-CodeLlama-7B-QUIP,CodeLlama-7B,QUIP,630629d052e177c0ba46a0a1,2.0,0,3,0,1.0,0.0
CoderEval-Python-CodeLlama-7B-QUIP,CodeLlama-7B,QUIP,630629e052e177c0ba46a0c4,7.0,0,0,0,1.0,0.0
CoderEval-Python-CodeLlama-7B-QUIP,CodeLlama-7B,QUIP,630629e152e177c0ba46a0d1,5.0,0,0,0,1.0,1.0
CoderEval-Python-CodeLlama-7B-QUIP,CodeLlama-7B,QUIP,630629e152e177c0ba46a0d2,2.0,0,0,0,1.0,0.0
CoderEval-Python-CodeLlama-7B-QUIP,CodeLlama-7B,QUIP,630629e252e177c0ba46a0d6,2.0,0,0,0,1.0,0.0
CoderEval-Python-CodeLlama-7B-QUIP,CodeLlama-7B,QUIP,630629e752e177c0ba46a0fb,2.0,0,0,0,1.0,0.0
CoderEval-Python-Qwen2.5-Coder-7B-AQLM,Qwen2.5-Coder-7B,AQLM,62b438a266fea644fe22cc2d,8.0,0,0,0,2.0,1.0
CoderEval-Python-Qwen2.5-Coder-7B-AQLM,Qwen2.5-Coder-7B,AQLM,62b438a266fea644fe22cc2e,6.0,0,1,0,1.0,0.0
CoderEval-Python-Qwen2.5-Coder-7B-AQLM,Qwen2.5-Coder-7B,AQLM,62b438b666fea644fe22cc72,2.0,0,0,0,1.0,0.0
CoderEval-Python-Qwen2.5-Coder-7B-AQLM,Qwen2.5-Coder-7B,AQLM,62b438b666fea644fe22cc78,6.0,0,0,0,2.0,1.0
CoderEval-Python-Qwen2.5-Coder-7B-AQLM,Qwen2.5-Coder-7B,AQLM,62b45665d7d32e5b55cc8364,8.0,0,0,0,2.0,1.0
CoderEval-Python-Qwen2.5-Coder-7B-AQLM,Qwen2.5-Coder-7B,AQLM,62b45665d7d32e5b55cc8365,9.0,0,0,0,3.0,4.0
CoderEval-Python-Qwen2.5-Coder-7B-AQLM,Qwen2.5-Coder-7B,AQLM,62b45679d7d32e5b55cc83a9,2.0,0,0,0,1.0,0.0
CoderEval-Python-Qwen2.5-Coder-7B-AQLM,Qwen2.5-Coder-7B,AQLM,62b4567ad7d32e5b55cc83af,6.0,0,0,0,2.0,1.0
CoderEval-Python-Qwen2.5-Coder-7B-AQLM,Qwen2.5-Coder-7B,AQLM,62b4567ed7d32e5b55cc83d9,9.0,0,0,0,6.0,8.0
CoderEval-Python-Qwen2.5-Coder-7B-AQLM,Qwen2.5-Coder-7B,AQLM,62b45df05108cfac7f2109ce,6.0,0,0,0,2.0,2.0
CoderEval-Python-Qwen2.5-Coder-7B-AQLM,Qwen2.5-Coder-7B,AQLM,62b45df15108cfac7f2109dc,2.0,0,0,0,1.0,0.0
CoderEval-Python-Qwen2.5-Coder-7B-AQLM,Qwen2.5-Coder-7B,AQLM,62b45df15108cfac7f2109dd,2.0,0,0,0,1.0,0.0
CoderEval-Python-Qwen2.5-Coder-7B-AQLM,Qwen2.5-Coder-7B,AQLM,62b45e145108cfac7f210a07,19.0,0,0,0,10.0,13.0
CoderEval-Python-Qwen2.5-Coder-7B-AQLM,Qwen2.5-Coder-7B,AQLM,62b45e145108cfac7f210a09,9.0,0,0,0,5.0,9.0
CoderEval-Python-Qwen2.5-Coder-7B-AQLM,Qwen2.5-Coder-7B,AQLM,62b45e165108cfac7f210a16,8.0,0,0,0,4.0,3.0
CoderEval-Python-Qwen2.5-Coder-7B-AQLM,Qwen2.5-Coder-7B,AQLM,62b45e165108cfac7f210a17,5.0,0,0,0,2.0,1.0
CoderEval-Python-Qwen2.5-Coder-7B-AQLM,Qwen2.5-Coder-7B,AQLM,62b45e175108cfac7f210a19,24.0,0,0,0,9.0,12.0
CoderEval-Python-Qwen2.5-Coder-7B-AQLM,Qwen2.5-Coder-7B,AQLM,62b45e21e0d4551b0392c8ed,10.0,0,0,0,2.0,4.0
CoderEval-Python-Qwen2.5-Coder-7B-AQLM,Qwen2.5-Coder-7B,AQLM,62b45e23e0d4551b0392c90a,11.0,0,0,0,4.0,5.0
CoderEval-Python-Qwen2.5-Coder-7B-AQLM,Qwen2.5-Coder-7B,AQLM,62b45e2eb89c9fd354170232,10.0,0,0,0,3.0,4.0
CoderEval-Python-Qwen2.5-Coder-7B-AQLM,Qwen2.5-Coder-7B,AQLM,62b45e515108cfac7f210a3c,10.0,0,0,0,2.0,1.0
CoderEval-Python-Qwen2.5-Coder-7B-AQLM,Qwen2.5-Coder-7B,AQLM,62b45e945108cfac7f210a4a,15.0,0,0,0,8.0,13.0
CoderEval-Python-Qwen2.5-Coder-7B-AQLM,Qwen2.5-Coder-7B,AQLM,62b463153879012d19481498,3.0,0,0,0,2.0,0.0
CoderEval-Python-Qwen2.5-Coder-7B-AQLM,Qwen2.5-Coder-7B,AQLM,62b463153879012d1948149a,10.0,0,1,0,5.0,7.0
CoderEval-Python-Qwen2.5-Coder-7B-AQLM,Qwen2.5-Coder-7B,AQLM,62b463153879012d1948149b,4.0,0,0,0,2.0,1.0
CoderEval-Python-Qwen2.5-Coder-7B-AQLM,Qwen2.5-Coder-7B,AQLM,62b463153879012d1948149c,2.0,0,0,0,2.0,0.0
CoderEval-Python-Qwen2.5-Coder-7B-AQLM,Qwen2.5-Coder-7B,AQLM,62b463153879012d1948149d,14.0,0,0,0,6.0,6.0
CoderEval-Python-Qwen2.5-Coder-7B-AQLM,Qwen2.5-Coder-7B,AQLM,62b463153879012d1948149f,11.0,0,0,0,4.0,3.0
CoderEval-Python-Qwen2.5-Coder-7B-AQLM,Qwen2.5-Coder-7B,AQLM,62b463153879012d194814a1,1.0,0,0,0,0.0,0.0
CoderEval-Python-Qwen2.5-Coder-7B-AQLM,Qwen2.5-Coder-7B,AQLM,62b463163879012d194814a2,1.0,0,0,0,0.0,0.0
CoderEval-Python-Qwen2.5-Coder-7B-AQLM,Qwen2.5-Coder-7B,AQLM,62b463163879012d194814a4,14.0,0,0,0,5.0,3.0
CoderEval-Python-Qwen2.5-Coder-7B-AQLM,Qwen2.5-Coder-7B,AQLM,62b463163879012d194814a6,4.0,0,0,0,1.0,0.0
CoderEval-Python-Qwen2.5-Coder-7B-AQLM,Qwen2.5-Coder-7B,AQLM,62b4631b3879012d194814dd,2.0,0,0,0,1.0,0.0
CoderEval-Python-Qwen2.5-Coder-7B-AQLM,Qwen2.5-Coder-7B,AQLM,62b463283879012d1948153d,6.0,0,0,0,3.0,3.0
CoderEval-Python-Qwen2.5-Coder-7B-AQLM,Qwen2.5-Coder-7B,AQLM,62b463303879012d19481579,11.0,0,0,0,5.0,8.0
CoderEval-Python-Qwen2.5-Coder-7B-AQLM,Qwen2.5-Coder-7B,AQLM,62b46740d2f69a53b466171a,4.0,0,0,0,3.0,2.0
CoderEval-Python-Qwen2.5-Coder-7B-AQLM,Qwen2.5-Coder-7B,AQLM,62b46746d2f69a53b4661722,8.0,0,0,0,3.0,4.0
CoderEval-Python-Qwen2.5-Coder-7B-AQLM,Qwen2.5-Coder-7B,AQLM,62b86707b4d922cb0e688c2a,9.0,0,0,0,4.0,4.0
CoderEval-Python-Qwen2.5-Coder-7B-AQLM,Qwen2.5-Coder-7B,AQLM,62b86729b4d922cb0e688c2f,16.0,0,1,0,1.0,0.0
CoderEval-Python-Qwen2.5-Coder-7B-AQLM,Qwen2.5-Coder-7B,AQLM,62b869eab4d922cb0e688cbf,20.0,0,1,0,1.0,0.0
CoderEval-Python-Qwen2.5-Coder-7B-AQLM,Qwen2.5-Coder-7B,AQLM,62b869eab4d922cb0e688cc5,21.0,0,1,0,6.0,17.0
CoderEval-Python-Qwen2.5-Coder-7B-AQLM,Qwen2.5-Coder-7B,AQLM,62b869ebb4d922cb0e688cc6,12.0,0,0,0,4.0,5.0
CoderEval-Python-Qwen2.5-Coder-7B-AQLM,Qwen2.5-Coder-7B,AQLM,62b86a01b4d922cb0e688ccc,12.0,0,0,0,5.0,9.0
CoderEval-Python-Qwen2.5-Coder-7B-AQLM,Qwen2.5-Coder-7B,AQLM,62b86a4fb4d922cb0e688cf7,4.0,0,1,0,1.0,0.0
CoderEval-Python-Qwen2.5-Coder-7B-AQLM,Qwen2.5-Coder-7B,AQLM,62b86a4fb4d922cb0e688cf8,6.0,0,0,0,2.0,2.0
CoderEval-Python-Qwen2.5-Coder-7B-AQLM,Qwen2.5-Coder-7B,AQLM,62b86a9eb4d922cb0e688d25,3.0,0,0,0,1.0,0.0
CoderEval-Python-Qwen2.5-Coder-7B-AQLM,Qwen2.5-Coder-7B,AQLM,62b86aa3b4d922cb0e688d36,4.0,0,0,0,2.0,1.0
CoderEval-Python-Qwen2.5-Coder-7B-AQLM,Qwen2.5-Coder-7B,AQLM,62b87af09a0c4fa8b80b34f1,4.0,0,0,0,2.0,1.0
CoderEval-Python-Qwen2.5-Coder-7B-AQLM,Qwen2.5-Coder-7B,AQLM,62b87af19a0c4fa8b80b34f7,5.0,0,0,0,5.0,4.0
CoderEval-Python-Qwen2.5-Coder-7B-AQLM,Qwen2.5-Coder-7B,AQLM,62b87af69a0c4fa8b80b351a,2.0,0,0,0,2.0,1.0
CoderEval-Python-Qwen2.5-Coder-7B-AQLM,Qwen2.5-Coder-7B,AQLM,62b87af99a0c4fa8b80b3524,2.0,0,0,0,1.0,0.0
CoderEval-Python-Qwen2.5-Coder-7B-AQLM,Qwen2.5-Coder-7B,AQLM,62b87b099a0c4fa8b80b3538,2.0,0,0,0,2.0,1.0
CoderEval-Python-Qwen2.5-Coder-7B-AQLM,Qwen2.5-Coder-7B,AQLM,62b87b199a0c4fa8b80b354c,5.0,0,1,0,2.0,2.0
CoderEval-Python-Qwen2.5-Coder-7B-AQLM,Qwen2.5-Coder-7B,AQLM,62b87b199a0c4fa8b80b354e,2.0,0,0,0,1.0,0.0
CoderEval-Python-Qwen2.5-Coder-7B-AQLM,Qwen2.5-Coder-7B,AQLM,62b87b4f9a0c4fa8b80b3580,3.0,0,0,0,1.0,0.0
CoderEval-Python-Qwen2.5-Coder-7B-AQLM,Qwen2.5-Coder-7B,AQLM,62b87b4f9a0c4fa8b80b3581,10.0,0,0,0,5.0,7.0
CoderEval-Python-Qwen2.5-Coder-7B-AQLM,Qwen2.5-Coder-7B,AQLM,62b87b519a0c4fa8b80b3583,9.0,0,0,0,5.0,7.0
CoderEval-Python-Qwen2.5-Coder-7B-AQLM,Qwen2.5-Coder-7B,AQLM,62b87b7e9a0c4fa8b80b35bc,12.0,0,1,0,7.0,16.0
CoderEval-Python-Qwen2.5-Coder-7B-AQLM,Qwen2.5-Coder-7B,AQLM,62b87b839a0c4fa8b80b35cb,2.0,0,0,0,2.0,0.0
CoderEval-Python-Qwen2.5-Coder-7B-AQLM,Qwen2.5-Coder-7B,AQLM,62b87b859a0c4fa8b80b35d7,11.0,0,0,0,3.0,2.0
CoderEval-Python-Qwen2.5-Coder-7B-AQLM,Qwen2.5-Coder-7B,AQLM,62b87b869a0c4fa8b80b35e1,26.0,0,0,0,5.0,6.0
CoderEval-Python-Qwen2.5-Coder-7B-AQLM,Qwen2.5-Coder-7B,AQLM,62b87b989a0c4fa8b80b35ee,3.0,0,0,0,1.0,0.0
CoderEval-Python-Qwen2.5-Coder-7B-AQLM,Qwen2.5-Coder-7B,AQLM,62b87d23d292efb640a55667,6.0,0,0,0,2.0,0.0
CoderEval-Python-Qwen2.5-Coder-7B-AQLM,Qwen2.5-Coder-7B,AQLM,62b87d23d292efb640a55668,9.0,0,0,0,1.0,0.0
CoderEval-Python-Qwen2.5-Coder-7B-AQLM,Qwen2.5-Coder-7B,AQLM,62b87d23d292efb640a5566b,15.0,0,0,0,5.0,7.0
CoderEval-Python-Qwen2.5-Coder-7B-AQLM,Qwen2.5-Coder-7B,AQLM,62b87d24d292efb640a55670,6.0,0,0,0,1.0,1.0
CoderEval-Python-Qwen2.5-Coder-7B-AQLM,Qwen2.5-Coder-7B,AQLM,62b87d24d292efb640a5566d,5.0,0,0,0,3.0,3.0
CoderEval-Python-Qwen2.5-Coder-7B-AQLM,Qwen2.5-Coder-7B,AQLM,62b87d24d292efb640a5566f,7.0,0,0,0,2.0,3.0
CoderEval-Python-Qwen2.5-Coder-7B-AQLM,Qwen2.5-Coder-7B,AQLM,62b89640755ee91dce50a114,6.0,0,0,0,2.0,2.0
CoderEval-Python-Qwen2.5-Coder-7B-AQLM,Qwen2.5-Coder-7B,AQLM,62b8982f755ee91dce50a241,8.0,0,0,0,1.0,0.0
CoderEval-Python-Qwen2.5-Coder-7B-AQLM,Qwen2.5-Coder-7B,AQLM,62b8a4a4755ee91dce50a3d2,2.0,0,0,0,1.0,0.0
CoderEval-Python-Qwen2.5-Coder-7B-AQLM,Qwen2.5-Coder-7B,AQLM,62b8a7b2755ee91dce50a4a7,5.0,0,0,0,2.0,1.0
CoderEval-Python-Qwen2.5-Coder-7B-AQLM,Qwen2.5-Coder-7B,AQLM,62b8b3d4eb7e40a82d2d110d,2.0,0,0,0,1.0,0.0
CoderEval-Python-Qwen2.5-Coder-7B-AQLM,Qwen2.5-Coder-7B,AQLM,62b8b3d4eb7e40a82d2d110e,3.0,0,0,0,1.0,0.0
CoderEval-Python-Qwen2.5-Coder-7B-AQLM,Qwen2.5-Coder-7B,AQLM,62b8b3d4eb7e40a82d2d110f,2.0,0,0,0,1.0,0.0
CoderEval-Python-Qwen2.5-Coder-7B-AQLM,Qwen2.5-Coder-7B,AQLM,62b8b3d5eb7e40a82d2d1110,5.0,2,0,0,0.0,1.0
CoderEval-Python-Qwen2.5-Coder-7B-AQLM,Qwen2.5-Coder-7B,AQLM,62b8b3d6eb7e40a82d2d111c,11.0,0,0,0,4.0,6.0
CoderEval-Python-Qwen2.5-Coder-7B-AQLM,Qwen2.5-Coder-7B,AQLM,62b8b416eb7e40a82d2d1129,5.0,0,0,0,5.0,3.0
CoderEval-Python-Qwen2.5-Coder-7B-AQLM,Qwen2.5-Coder-7B,AQLM,62b8b4b9eb7e40a82d2d1134,5.0,0,1,0,3.0,2.0
CoderEval-Python-Qwen2.5-Coder-7B-AQLM,Qwen2.5-Coder-7B,AQLM,62b8b4baeb7e40a82d2d1136,17.0,0,1,0,8.0,10.0
CoderEval-Python-Qwen2.5-Coder-7B-AQLM,Qwen2.5-Coder-7B,AQLM,62b8b4baeb7e40a82d2d1137,17.0,0,1,0,8.0,10.0
CoderEval-Python-Qwen2.5-Coder-7B-AQLM,Qwen2.5-Coder-7B,AQLM,62b8b4c1eb7e40a82d2d1139,5.0,0,1,0,3.0,3.0
CoderEval-Python-Qwen2.5-Coder-7B-AQLM,Qwen2.5-Coder-7B,AQLM,62b8b559eb7e40a82d2d11f6,5.0,0,1,0,4.0,4.0
CoderEval-Python-Qwen2.5-Coder-7B-AQLM,Qwen2.5-Coder-7B,AQLM,62b8b559eb7e40a82d2d11f8,7.0,0,1,0,6.0,7.0
CoderEval-Python-Qwen2.5-Coder-7B-AQLM,Qwen2.5-Coder-7B,AQLM,62b8b58deb7e40a82d2d1269,1.0,0,0,0,0.0,0.0
CoderEval-Python-Qwen2.5-Coder-7B-AQLM,Qwen2.5-Coder-7B,AQLM,62b8b590eb7e40a82d2d1275,7.0,0,1,0,4.0,6.0
CoderEval-Python-Qwen2.5-Coder-7B-AQLM,Qwen2.5-Coder-7B,AQLM,62b8b59feb7e40a82d2d1291,1.0,1,0,0,0.0,0.0
CoderEval-Python-Qwen2.5-Coder-7B-AQLM,Qwen2.5-Coder-7B,AQLM,62b8d22548ba5a41d1c3f472,11.0,0,1,0,4.0,2.0
CoderEval-Python-Qwen2.5-Coder-7B-AQLM,Qwen2.5-Coder-7B,AQLM,62b8d22948ba5a41d1c3f47c,2.0,0,0,0,1.0,0.0
CoderEval-Python-Qwen2.5-Coder-7B-AQLM,Qwen2.5-Coder-7B,AQLM,62b8d22a48ba5a41d1c3f47d,12.0,0,0,0,3.0,3.0
CoderEval-Python-Qwen2.5-Coder-7B-AQLM,Qwen2.5-Coder-7B,AQLM,62b8d22a48ba5a41d1c3f47e,6.0,0,0,0,2.0,2.0
CoderEval-Python-Qwen2.5-Coder-7B-AQLM,Qwen2.5-Coder-7B,AQLM,62b8d22f48ba5a41d1c3f488,7.0,0,0,0,2.0,1.0
CoderEval-Python-Qwen2.5-Coder-7B-AQLM,Qwen2.5-Coder-7B,AQLM,62b8d23748ba5a41d1c3f496,20.0,0,0,0,6.0,8.0
CoderEval-Python-Qwen2.5-Coder-7B-AQLM,Qwen2.5-Coder-7B,AQLM,62b8d23748ba5a41d1c3f497,6.0,0,0,0,2.0,1.0
CoderEval-Python-Qwen2.5-Coder-7B-AQLM,Qwen2.5-Coder-7B,AQLM,62b8d23948ba5a41d1c3f498,25.0,0,0,0,6.0,8.0
CoderEval-Python-Qwen2.5-Coder-7B-AQLM,Qwen2.5-Coder-7B,AQLM,62b8d23a48ba5a41d1c3f499,6.0,0,0,0,2.0,1.0
CoderEval-Python-Qwen2.5-Coder-7B-AQLM,Qwen2.5-Coder-7B,AQLM,62b8d23b48ba5a41d1c3f49a,25.0,0,0,0,6.0,8.0
CoderEval-Python-Qwen2.5-Coder-7B-AQLM,Qwen2.5-Coder-7B,AQLM,62b8d23c48ba5a41d1c3f49b,2.0,0,0,0,1.0,0.0
CoderEval-Python-Qwen2.5-Coder-7B-AQLM,Qwen2.5-Coder-7B,AQLM,62b8d23e48ba5a41d1c3f49e,8.0,0,0,0,2.0,1.0
CoderEval-Python-Qwen2.5-Coder-7B-AQLM,Qwen2.5-Coder-7B,AQLM,62b8d24048ba5a41d1c3f49f,12.0,0,1,0,3.0,0.0
CoderEval-Python-Qwen2.5-Coder-7B-AQLM,Qwen2.5-Coder-7B,AQLM,62b8d27a48ba5a41d1c3f4c6,11.0,0,1,0,4.0,1.0
CoderEval-Python-Qwen2.5-Coder-7B-AQLM,Qwen2.5-Coder-7B,AQLM,62e4fb4d85ea9864308902e7,9.0,0,0,0,4.0,5.0
CoderEval-Python-Qwen2.5-Coder-7B-AQLM,Qwen2.5-Coder-7B,AQLM,62e4fb6585ea98643089032b,2.0,0,0,0,1.0,0.0
CoderEval-Python-Qwen2.5-Coder-7B-AQLM,Qwen2.5-Coder-7B,AQLM,62e4fbda85ea986430890403,7.0,0,0,0,1.0,0.0
CoderEval-Python-Qwen2.5-Coder-7B-AQLM,Qwen2.5-Coder-7B,AQLM,62e4fbda85ea986430890405,16.0,0,0,0,3.0,2.0
CoderEval-Python-Qwen2.5-Coder-7B-AQLM,Qwen2.5-Coder-7B,AQLM,62e5dc9ed76274f8a4026b5b,10.0,0,0,0,3.0,0.0
CoderEval-Python-Qwen2.5-Coder-7B-AQLM,Qwen2.5-Coder-7B,AQLM,62e60707d76274f8a4026b69,9.0,0,1,0,4.0,1.0
CoderEval-Python-Qwen2.5-Coder-7B-AQLM,Qwen2.5-Coder-7B,AQLM,62e60723d76274f8a4026b75,2.0,0,0,0,1.0,0.0
CoderEval-Python-Qwen2.5-Coder-7B-AQLM,Qwen2.5-Coder-7B,AQLM,62e60879d76274f8a4026bec,4.0,0,0,0,1.0,0.0
CoderEval-Python-Qwen2.5-Coder-7B-AQLM,Qwen2.5-Coder-7B,AQLM,62e6087ad76274f8a4026bf2,2.0,0,0,0,1.0,0.0
CoderEval-Python-Qwen2.5-Coder-7B-AQLM,Qwen2.5-Coder-7B,AQLM,62e6087bd76274f8a4026bfa,2.0,0,0,0,1.0,0.0
CoderEval-Python-Qwen2.5-Coder-7B-AQLM,Qwen2.5-Coder-7B,AQLM,62e60b10d76274f8a4026ccd,2.0,0,0,0,1.0,0.0
CoderEval-Python-Qwen2.5-Coder-7B-AQLM,Qwen2.5-Coder-7B,AQLM,62e60da4d76274f8a4026cf1,2.0,0,0,0,2.0,0.0
CoderEval-Python-Qwen2.5-Coder-7B-AQLM,Qwen2.5-Coder-7B,AQLM,62e60e05d76274f8a4026cfd,2.0,0,0,0,1.0,0.0
CoderEval-Python-Qwen2.5-Coder-7B-AQLM,Qwen2.5-Coder-7B,AQLM,62e60e49d76274f8a4026d25,6.0,0,0,0,2.0,0.0
CoderEval-Python-Qwen2.5-Coder-7B-AQLM,Qwen2.5-Coder-7B,AQLM,62e60ed4d76274f8a4026da0,2.0,0,0,0,1.0,0.0
CoderEval-Python-Qwen2.5-Coder-7B-AQLM,Qwen2.5-Coder-7B,AQLM,62e60f33d76274f8a4026de9,9.0,0,0,0,2.0,4.0
CoderEval-Python-Qwen2.5-Coder-7B-AQLM,Qwen2.5-Coder-7B,AQLM,62e60f37d76274f8a4026dfd,15.0,0,0,0,4.0,0.0
CoderEval-Python-Qwen2.5-Coder-7B-AQLM,Qwen2.5-Coder-7B,AQLM,62e60f3bd76274f8a4026e10,8.0,0,0,0,2.0,0.0
CoderEval-Python-Qwen2.5-Coder-7B-AQLM,Qwen2.5-Coder-7B,AQLM,62e60f43d76274f8a4026e28,7.0,0,0,0,2.0,1.0
CoderEval-Python-Qwen2.5-Coder-7B-AQLM,Qwen2.5-Coder-7B,AQLM,62ece4982e6aefcf4aabbd60,12.0,0,0,0,2.0,5.0
CoderEval-Python-Qwen2.5-Coder-7B-AQLM,Qwen2.5-Coder-7B,AQLM,62ece4982e6aefcf4aabbd61,9.0,0,0,0,4.0,7.0
CoderEval-Python-Qwen2.5-Coder-7B-AQLM,Qwen2.5-Coder-7B,AQLM,62ece4982e6aefcf4aabbd62,5.0,0,0,0,3.0,3.0
CoderEval-Python-Qwen2.5-Coder-7B-AQLM,Qwen2.5-Coder-7B,AQLM,62ece4982e6aefcf4aabbd63,2.0,0,0,0,2.0,1.0
CoderEval-Python-Qwen2.5-Coder-7B-AQLM,Qwen2.5-Coder-7B,AQLM,62ece4982e6aefcf4aabbd64,5.0,0,0,0,2.0,1.0
CoderEval-Python-Qwen2.5-Coder-7B-AQLM,Qwen2.5-Coder-7B,AQLM,62ece4982e6aefcf4aabbd65,2.0,0,0,0,1.0,0.0
CoderEval-Python-Qwen2.5-Coder-7B-AQLM,Qwen2.5-Coder-7B,AQLM,62ece4982e6aefcf4aabbd66,9.0,0,0,0,3.0,3.0
CoderEval-Python-Qwen2.5-Coder-7B-AQLM,Qwen2.5-Coder-7B,AQLM,62ece4982e6aefcf4aabbd67,9.0,0,0,0,2.0,1.0
CoderEval-Python-Qwen2.5-Coder-7B-AQLM,Qwen2.5-Coder-7B,AQLM,62ece4982e6aefcf4aabbd69,4.0,0,0,0,3.0,2.0
CoderEval-Python-Qwen2.5-Coder-7B-AQLM,Qwen2.5-Coder-7B,AQLM,62ece4982e6aefcf4aabbd70,3.0,0,0,0,1.0,0.0
CoderEval-Python-Qwen2.5-Coder-7B-AQLM,Qwen2.5-Coder-7B,AQLM,62ece4982e6aefcf4aabbd71,3.0,0,0,0,1.0,0.0
CoderEval-Python-Qwen2.5-Coder-7B-AQLM,Qwen2.5-Coder-7B,AQLM,62ece4982e6aefcf4aabbd72,3.0,0,0,0,1.0,0.0
CoderEval-Python-Qwen2.5-Coder-7B-AQLM,Qwen2.5-Coder-7B,AQLM,62ece4982e6aefcf4aabbd73,10.0,0,0,0,3.0,4.0
CoderEval-Python-Qwen2.5-Coder-7B-AQLM,Qwen2.5-Coder-7B,AQLM,62ece4982e6aefcf4aabbd74,31.0,0,0,0,4.0,6.0
CoderEval-Python-Qwen2.5-Coder-7B-AQLM,Qwen2.5-Coder-7B,AQLM,62ece4982e6aefcf4aabbd76,2.0,0,0,0,1.0,0.0
CoderEval-Python-Qwen2.5-Coder-7B-AQLM,Qwen2.5-Coder-7B,AQLM,62ece4982e6aefcf4aabbd77,21.0,0,0,0,4.0,9.0
CoderEval-Python-Qwen2.5-Coder-7B-AQLM,Qwen2.5-Coder-7B,AQLM,62ece4982e6aefcf4aabbd5f,3.0,0,0,0,2.0,1.0
CoderEval-Python-Qwen2.5-Coder-7B-AQLM,Qwen2.5-Coder-7B,AQLM,62ece4982e6aefcf4aabbd6a,2.0,0,0,0,1.0,0.0
CoderEval-Python-Qwen2.5-Coder-7B-AQLM,Qwen2.5-Coder-7B,AQLM,62ece4982e6aefcf4aabbd6b,3.0,1,0,0,1.0,0.0
CoderEval-Python-Qwen2.5-Coder-7B-AQLM,Qwen2.5-Coder-7B,AQLM,62ece4982e6aefcf4aabbd6f,10.0,0,0,0,1.0,0.0
CoderEval-Python-Qwen2.5-Coder-7B-AQLM,Qwen2.5-Coder-7B,AQLM,62ece4992e6aefcf4aabbd78,3.0,0,0,0,1.0,0.0
CoderEval-Python-Qwen2.5-Coder-7B-AQLM,Qwen2.5-Coder-7B,AQLM,62ece4992e6aefcf4aabbd79,3.0,0,0,0,4.0,2.0
CoderEval-Python-Qwen2.5-Coder-7B-AQLM,Qwen2.5-Coder-7B,AQLM,62ece4992e6aefcf4aabbd80,5.0,0,0,0,4.0,3.0
CoderEval-Python-Qwen2.5-Coder-7B-AQLM,Qwen2.5-Coder-7B,AQLM,62ece4992e6aefcf4aabbd82,7.0,0,0,0,3.0,3.0
CoderEval-Python-Qwen2.5-Coder-7B-AQLM,Qwen2.5-Coder-7B,AQLM,62ece4992e6aefcf4aabbd83,18.0,0,0,0,6.0,7.0
CoderEval-Python-Qwen2.5-Coder-7B-AQLM,Qwen2.5-Coder-7B,AQLM,62ece4992e6aefcf4aabbd84,10.0,0,0,0,4.0,4.0
CoderEval-Python-Qwen2.5-Coder-7B-AQLM,Qwen2.5-Coder-7B,AQLM,62ece4992e6aefcf4aabbd85,9.0,0,0,0,4.0,4.0
CoderEval-Python-Qwen2.5-Coder-7B-AQLM,Qwen2.5-Coder-7B,AQLM,62ece4992e6aefcf4aabbd86,5.0,0,0,0,2.0,1.0
CoderEval-Python-Qwen2.5-Coder-7B-AQLM,Qwen2.5-Coder-7B,AQLM,62ece4992e6aefcf4aabbd87,10.0,0,0,0,3.0,2.0
CoderEval-Python-Qwen2.5-Coder-7B-AQLM,Qwen2.5-Coder-7B,AQLM,62ece4992e6aefcf4aabbd88,3.0,0,0,0,1.0,0.0
CoderEval-Python-Qwen2.5-Coder-7B-AQLM,Qwen2.5-Coder-7B,AQLM,62ece4992e6aefcf4aabbd7a,3.0,0,0,0,1.0,0.0
CoderEval-Python-Qwen2.5-Coder-7B-AQLM,Qwen2.5-Coder-7B,AQLM,62ece4992e6aefcf4aabbd7b,6.0,0,0,0,3.0,2.0
CoderEval-Python-Qwen2.5-Coder-7B-AQLM,Qwen2.5-Coder-7B,AQLM,62ece4992e6aefcf4aabbd7c,2.0,0,0,0,1.0,0.0
CoderEval-Python-Qwen2.5-Coder-7B-AQLM,Qwen2.5-Coder-7B,AQLM,62ece4992e6aefcf4aabbd7d,10.0,0,0,0,2.0,1.0
CoderEval-Python-Qwen2.5-Coder-7B-AQLM,Qwen2.5-Coder-7B,AQLM,62ece4992e6aefcf4aabbd7e,8.0,0,0,0,4.0,3.0
CoderEval-Python-Qwen2.5-Coder-7B-AQLM,Qwen2.5-Coder-7B,AQLM,62ece4992e6aefcf4aabbd7f,10.0,0,0,0,2.0,1.0
CoderEval-Python-Qwen2.5-Coder-7B-AQLM,Qwen2.5-Coder-7B,AQLM,62ece4992e6aefcf4aabbd8a,37.0,0,0,0,13.0,26.0
CoderEval-Python-Qwen2.5-Coder-7B-AQLM,Qwen2.5-Coder-7B,AQLM,62ece4992e6aefcf4aabbd8b,5.0,0,0,0,2.0,1.0
CoderEval-Python-Qwen2.5-Coder-7B-AQLM,Qwen2.5-Coder-7B,AQLM,6305f9991d275c6667163c50,2.0,0,0,0,0.0,0.0
CoderEval-Python-Qwen2.5-Coder-7B-AQLM,Qwen2.5-Coder-7B,AQLM,6306091073426c38ae68acac,7.0,0,0,0,3.0,4.0
CoderEval-Python-Qwen2.5-Coder-7B-AQLM,Qwen2.5-Coder-7B,AQLM,6306091a73426c38ae68acc8,3.0,0,0,0,1.0,0.0
CoderEval-Python-Qwen2.5-Coder-7B-AQLM,Qwen2.5-Coder-7B,AQLM,6306092973426c38ae68ad01,6.0,0,0,0,3.0,3.0
CoderEval-Python-Qwen2.5-Coder-7B-AQLM,Qwen2.5-Coder-7B,AQLM,6306092c73426c38ae68ad02,7.0,0,0,0,4.0,5.0
CoderEval-Python-Qwen2.5-Coder-7B-AQLM,Qwen2.5-Coder-7B,AQLM,6306092d73426c38ae68ad04,2.0,0,0,0,1.0,0.0
CoderEval-Python-Qwen2.5-Coder-7B-AQLM,Qwen2.5-Coder-7B,AQLM,6306092d73426c38ae68ad05,6.0,0,0,0,3.0,3.0
CoderEval-Python-Qwen2.5-Coder-7B-AQLM,Qwen2.5-Coder-7B,AQLM,6306092d73426c38ae68ad06,2.0,0,0,0,2.0,0.0
CoderEval-Python-Qwen2.5-Coder-7B-AQLM,Qwen2.5-Coder-7B,AQLM,6306092d73426c38ae68ad08,8.0,0,0,0,4.0,6.0
CoderEval-Python-Qwen2.5-Coder-7B-AQLM,Qwen2.5-Coder-7B,AQLM,6306092e73426c38ae68ad0d,5.0,0,1,0,2.0,2.0
CoderEval-Python-Qwen2.5-Coder-7B-AQLM,Qwen2.5-Coder-7B,AQLM,6306092e73426c38ae68ad0f,13.0,0,0,0,3.0,5.0
CoderEval-Python-Qwen2.5-Coder-7B-AQLM,Qwen2.5-Coder-7B,AQLM,6306092f73426c38ae68ad13,12.0,0,2,0,5.0,5.0
CoderEval-Python-Qwen2.5-Coder-7B-AQLM,Qwen2.5-Coder-7B,AQLM,6306093273426c38ae68ad15,7.0,0,1,0,1.0,0.0
CoderEval-Python-Qwen2.5-Coder-7B-AQLM,Qwen2.5-Coder-7B,AQLM,63060ada73426c38ae68ad31,20.0,0,0,0,3.0,3.0
CoderEval-Python-Qwen2.5-Coder-7B-AQLM,Qwen2.5-Coder-7B,AQLM,63060b1a73426c38ae68ad3e,12.0,0,0,0,4.0,6.0
CoderEval-Python-Qwen2.5-Coder-7B-AQLM,Qwen2.5-Coder-7B,AQLM,63060b1b73426c38ae68ad42,4.0,0,0,0,2.0,1.0
CoderEval-Python-Qwen2.5-Coder-7B-AQLM,Qwen2.5-Coder-7B,AQLM,6306292052e177c0ba469f09,14.0,0,0,0,3.0,4.0
CoderEval-Python-Qwen2.5-Coder-7B-AQLM,Qwen2.5-Coder-7B,AQLM,6306292152e177c0ba469f0d,7.0,0,0,0,1.0,1.0
CoderEval-Python-Qwen2.5-Coder-7B-AQLM,Qwen2.5-Coder-7B,AQLM,6306292252e177c0ba469f11,8.0,0,0,0,3.0,1.0
CoderEval-Python-Qwen2.5-Coder-7B-AQLM,Qwen2.5-Coder-7B,AQLM,6306292352e177c0ba469f1d,0.0,0,0,0,0.0,0.0
CoderEval-Python-Qwen2.5-Coder-7B-AQLM,Qwen2.5-Coder-7B,AQLM,6306292352e177c0ba469f1e,8.0,1,5,0,2.0,0.0
CoderEval-Python-Qwen2.5-Coder-7B-AQLM,Qwen2.5-Coder-7B,AQLM,6306292652e177c0ba469f34,10.0,0,0,0,2.0,2.0
CoderEval-Python-Qwen2.5-Coder-7B-AQLM,Qwen2.5-Coder-7B,AQLM,6306292a52e177c0ba469f41,6.0,0,0,0,3.0,3.0
CoderEval-Python-Qwen2.5-Coder-7B-AQLM,Qwen2.5-Coder-7B,AQLM,6306298b52e177c0ba469fdc,2.0,0,0,0,1.0,0.0
CoderEval-Python-Qwen2.5-Coder-7B-AQLM,Qwen2.5-Coder-7B,AQLM,6306299052e177c0ba469fe8,2.0,0,0,0,1.0,0.0
CoderEval-Python-Qwen2.5-Coder-7B-AQLM,Qwen2.5-Coder-7B,AQLM,630629b952e177c0ba46a043,11.0,0,0,0,3.0,5.0
CoderEval-Python-Qwen2.5-Coder-7B-AQLM,Qwen2.5-Coder-7B,AQLM,630629d052e177c0ba46a0a1,15.0,0,0,0,1.0,1.0
CoderEval-Python-Qwen2.5-Coder-7B-AQLM,Qwen2.5-Coder-7B,AQLM,630629e052e177c0ba46a0c4,6.0,0,0,0,2.0,0.0
CoderEval-Python-Qwen2.5-Coder-7B-AQLM,Qwen2.5-Coder-7B,AQLM,630629e152e177c0ba46a0d1,10.0,0,0,0,1.0,1.0
CoderEval-Python-Qwen2.5-Coder-7B-AQLM,Qwen2.5-Coder-7B,AQLM,630629e152e177c0ba46a0d2,16.0,0,0,0,5.0,8.0
CoderEval-Python-Qwen2.5-Coder-7B-AQLM,Qwen2.5-Coder-7B,AQLM,630629e252e177c0ba46a0d6,9.0,0,0,0,1.0,0.0
CoderEval-Python-Qwen2.5-Coder-7B-AQLM,Qwen2.5-Coder-7B,AQLM,630629e752e177c0ba46a0fb,9.0,0,0,0,2.0,3.0
CoderEval-Python-Qwen2.5-Coder-7B-AWQ,Qwen2.5-Coder-7B,AWQ,62b438a266fea644fe22cc2d,10.0,0,0,0,3.0,3.0
CoderEval-Python-Qwen2.5-Coder-7B-AWQ,Qwen2.5-Coder-7B,AWQ,62b438a266fea644fe22cc2e,8.0,0,1,0,2.0,1.0
CoderEval-Python-Qwen2.5-Coder-7B-AWQ,Qwen2.5-Coder-7B,AWQ,62b438b666fea644fe22cc72,7.0,0,0,0,3.0,3.0
CoderEval-Python-Qwen2.5-Coder-7B-AWQ,Qwen2.5-Coder-7B,AWQ,62b438b666fea644fe22cc78,6.0,0,0,0,2.0,1.0
CoderEval-Python-Qwen2.5-Coder-7B-AWQ,Qwen2.5-Coder-7B,AWQ,62b45665d7d32e5b55cc8364,10.0,0,0,0,3.0,3.0
CoderEval-Python-Qwen2.5-Coder-7B-AWQ,Qwen2.5-Coder-7B,AWQ,62b45665d7d32e5b55cc8365,6.0,0,0,0,2.0,1.0
CoderEval-Python-Qwen2.5-Coder-7B-AWQ,Qwen2.5-Coder-7B,AWQ,62b45679d7d32e5b55cc83a9,7.0,0,0,0,3.0,3.0
CoderEval-Python-Qwen2.5-Coder-7B-AWQ,Qwen2.5-Coder-7B,AWQ,62b4567ad7d32e5b55cc83af,6.0,0,0,0,2.0,1.0
CoderEval-Python-Qwen2.5-Coder-7B-AWQ,Qwen2.5-Coder-7B,AWQ,62b4567ed7d32e5b55cc83d9,15.0,0,0,0,8.0,14.0
CoderEval-Python-Qwen2.5-Coder-7B-AWQ,Qwen2.5-Coder-7B,AWQ,62b45df05108cfac7f2109ce,6.0,0,0,0,2.0,0.0
CoderEval-Python-Qwen2.5-Coder-7B-AWQ,Qwen2.5-Coder-7B,AWQ,62b45df15108cfac7f2109dc,1.0,1,0,0,0.0,0.0
CoderEval-Python-Qwen2.5-Coder-7B-AWQ,Qwen2.5-Coder-7B,AWQ,62b45df15108cfac7f2109dd,1.0,1,0,0,0.0,0.0
CoderEval-Python-Qwen2.5-Coder-7B-AWQ,Qwen2.5-Coder-7B,AWQ,62b45e145108cfac7f210a07,19.0,0,0,0,7.0,9.0
CoderEval-Python-Qwen2.5-Coder-7B-AWQ,Qwen2.5-Coder-7B,AWQ,62b45e145108cfac7f210a09,6.0,0,0,0,3.0,4.0
CoderEval-Python-Qwen2.5-Coder-7B-AWQ,Qwen2.5-Coder-7B,AWQ,62b45e165108cfac7f210a16,10.0,0,0,0,5.0,4.0
CoderEval-Python-Qwen2.5-Coder-7B-AWQ,Qwen2.5-Coder-7B,AWQ,62b45e165108cfac7f210a17,6.0,0,1,0,3.0,3.0
CoderEval-Python-Qwen2.5-Coder-7B-AWQ,Qwen2.5-Coder-7B,AWQ,62b45e175108cfac7f210a19,10.0,0,0,0,8.0,8.0
CoderEval-Python-Qwen2.5-Coder-7B-AWQ,Qwen2.5-Coder-7B,AWQ,62b45e21e0d4551b0392c8ed,8.0,0,0,0,2.0,3.0
CoderEval-Python-Qwen2.5-Coder-7B-AWQ,Qwen2.5-Coder-7B,AWQ,62b45e23e0d4551b0392c90a,18.0,0,0,0,8.0,9.0
CoderEval-Python-Qwen2.5-Coder-7B-AWQ,Qwen2.5-Coder-7B,AWQ,62b45e2eb89c9fd354170232,11.0,0,0,0,3.0,5.0
CoderEval-Python-Qwen2.5-Coder-7B-AWQ,Qwen2.5-Coder-7B,AWQ,62b45e515108cfac7f210a3c,12.0,0,0,0,4.0,3.0
CoderEval-Python-Qwen2.5-Coder-7B-AWQ,Qwen2.5-Coder-7B,AWQ,62b45e945108cfac7f210a4a,24.0,0,3,0,11.0,23.0
CoderEval-Python-Qwen2.5-Coder-7B-AWQ,Qwen2.5-Coder-7B,AWQ,62b463153879012d19481498,3.0,0,0,0,2.0,0.0
CoderEval-Python-Qwen2.5-Coder-7B-AWQ,Qwen2.5-Coder-7B,AWQ,62b463153879012d1948149a,10.0,0,1,0,5.0,10.0
CoderEval-Python-Qwen2.5-Coder-7B-AWQ,Qwen2.5-Coder-7B,AWQ,62b463153879012d1948149b,4.0,0,0,0,2.0,1.0
CoderEval-Python-Qwen2.5-Coder-7B-AWQ,Qwen2.5-Coder-7B,AWQ,62b463153879012d1948149c,2.0,0,0,0,2.0,0.0
CoderEval-Python-Qwen2.5-Coder-7B-AWQ,Qwen2.5-Coder-7B,AWQ,62b463153879012d1948149d,13.0,0,0,0,6.0,10.0
CoderEval-Python-Qwen2.5-Coder-7B-AWQ,Qwen2.5-Coder-7B,AWQ,62b463153879012d1948149f,11.0,0,0,0,4.0,3.0
CoderEval-Python-Qwen2.5-Coder-7B-AWQ,Qwen2.5-Coder-7B,AWQ,62b463153879012d194814a1,1.0,0,0,0,0.0,0.0
CoderEval-Python-Qwen2.5-Coder-7B-AWQ,Qwen2.5-Coder-7B,AWQ,62b463163879012d194814a2,1.0,0,0,0,0.0,0.0
CoderEval-Python-Qwen2.5-Coder-7B-AWQ,Qwen2.5-Coder-7B,AWQ,62b463163879012d194814a4,10.0,0,0,0,4.0,1.0
CoderEval-Python-Qwen2.5-Coder-7B-AWQ,Qwen2.5-Coder-7B,AWQ,62b463163879012d194814a6,4.0,0,0,0,1.0,0.0
CoderEval-Python-Qwen2.5-Coder-7B-AWQ,Qwen2.5-Coder-7B,AWQ,62b4631b3879012d194814dd,1.0,1,0,0,0.0,0.0
CoderEval-Python-Qwen2.5-Coder-7B-AWQ,Qwen2.5-Coder-7B,AWQ,62b463283879012d1948153d,6.0,0,0,0,3.0,3.0
CoderEval-Python-Qwen2.5-Coder-7B-AWQ,Qwen2.5-Coder-7B,AWQ,62b463303879012d19481579,9.0,0,0,0,2.0,2.0
CoderEval-Python-Qwen2.5-Coder-7B-AWQ,Qwen2.5-Coder-7B,AWQ,62b46740d2f69a53b466171a,4.0,0,0,0,3.0,2.0
CoderEval-Python-Qwen2.5-Coder-7B-AWQ,Qwen2.5-Coder-7B,AWQ,62b46746d2f69a53b4661722,8.0,0,0,0,4.0,5.0
CoderEval-Python-Qwen2.5-Coder-7B-AWQ,Qwen2.5-Coder-7B,AWQ,62b86707b4d922cb0e688c2a,9.0,0,0,0,4.0,2.0
CoderEval-Python-Qwen2.5-Coder-7B-AWQ,Qwen2.5-Coder-7B,AWQ,62b86729b4d922cb0e688c2f,19.0,0,1,0,1.0,0.0
CoderEval-Python-Qwen2.5-Coder-7B-AWQ,Qwen2.5-Coder-7B,AWQ,62b869eab4d922cb0e688cbf,30.0,0,0,0,4.0,4.0
CoderEval-Python-Qwen2.5-Coder-7B-AWQ,Qwen2.5-Coder-7B,AWQ,62b869eab4d922cb0e688cc5,10.0,0,0,0,3.0,8.0
CoderEval-Python-Qwen2.5-Coder-7B-AWQ,Qwen2.5-Coder-7B,AWQ,62b869ebb4d922cb0e688cc6,12.0,0,0,0,9.0,24.0
CoderEval-Python-Qwen2.5-Coder-7B-AWQ,Qwen2.5-Coder-7B,AWQ,62b86a01b4d922cb0e688ccc,10.0,0,1,0,4.0,8.0
CoderEval-Python-Qwen2.5-Coder-7B-AWQ,Qwen2.5-Coder-7B,AWQ,62b86a4fb4d922cb0e688cf7,7.0,0,1,0,2.0,2.0
CoderEval-Python-Qwen2.5-Coder-7B-AWQ,Qwen2.5-Coder-7B,AWQ,62b86a4fb4d922cb0e688cf8,11.0,0,0,0,3.0,3.0
CoderEval-Python-Qwen2.5-Coder-7B-AWQ,Qwen2.5-Coder-7B,AWQ,62b86a9eb4d922cb0e688d25,3.0,0,0,0,1.0,0.0
CoderEval-Python-Qwen2.5-Coder-7B-AWQ,Qwen2.5-Coder-7B,AWQ,62b86aa3b4d922cb0e688d36,6.0,0,0,0,4.0,5.0
CoderEval-Python-Qwen2.5-Coder-7B-AWQ,Qwen2.5-Coder-7B,AWQ,62b87af09a0c4fa8b80b34f1,3.0,0,0,0,1.0,1.0
CoderEval-Python-Qwen2.5-Coder-7B-AWQ,Qwen2.5-Coder-7B,AWQ,62b87af19a0c4fa8b80b34f7,12.0,0,0,0,6.0,9.0
CoderEval-Python-Qwen2.5-Coder-7B-AWQ,Qwen2.5-Coder-7B,AWQ,62b87af69a0c4fa8b80b351a,2.0,0,0,0,4.0,1.0
CoderEval-Python-Qwen2.5-Coder-7B-AWQ,Qwen2.5-Coder-7B,AWQ,62b87af99a0c4fa8b80b3524,2.0,0,0,0,1.0,0.0
CoderEval-Python-Qwen2.5-Coder-7B-AWQ,Qwen2.5-Coder-7B,AWQ,62b87b099a0c4fa8b80b3538,2.0,0,0,0,2.0,1.0
CoderEval-Python-Qwen2.5-Coder-7B-AWQ,Qwen2.5-Coder-7B,AWQ,62b87b199a0c4fa8b80b354c,6.0,0,1,0,2.0,2.0
CoderEval-Python-Qwen2.5-Coder-7B-AWQ,Qwen2.5-Coder-7B,AWQ,62b87b199a0c4fa8b80b354e,2.0,0,0,0,1.0,0.0
CoderEval-Python-Qwen2.5-Coder-7B-AWQ,Qwen2.5-Coder-7B,AWQ,62b87b4f9a0c4fa8b80b3580,3.0,0,0,0,1.0,0.0
CoderEval-Python-Qwen2.5-Coder-7B-AWQ,Qwen2.5-Coder-7B,AWQ,62b87b4f9a0c4fa8b80b3581,14.0,0,0,0,5.0,8.0
CoderEval-Python-Qwen2.5-Coder-7B-AWQ,Qwen2.5-Coder-7B,AWQ,62b87b519a0c4fa8b80b3583,11.0,0,0,0,5.0,7.0
CoderEval-Python-Qwen2.5-Coder-7B-AWQ,Qwen2.5-Coder-7B,AWQ,62b87b7e9a0c4fa8b80b35bc,12.0,0,0,0,4.0,9.0
CoderEval-Python-Qwen2.5-Coder-7B-AWQ,Qwen2.5-Coder-7B,AWQ,62b87b839a0c4fa8b80b35cb,2.0,0,0,0,2.0,0.0
CoderEval-Python-Qwen2.5-Coder-7B-AWQ,Qwen2.5-Coder-7B,AWQ,62b87b859a0c4fa8b80b35d7,12.0,0,0,0,3.0,2.0
CoderEval-Python-Qwen2.5-Coder-7B-AWQ,Qwen2.5-Coder-7B,AWQ,62b87b869a0c4fa8b80b35e1,22.0,0,2,0,5.0,6.0
CoderEval-Python-Qwen2.5-Coder-7B-AWQ,Qwen2.5-Coder-7B,AWQ,62b87b989a0c4fa8b80b35ee,6.0,0,0,0,2.0,4.0
CoderEval-Python-Qwen2.5-Coder-7B-AWQ,Qwen2.5-Coder-7B,AWQ,62b87d23d292efb640a55667,6.0,0,0,0,2.0,0.0
CoderEval-Python-Qwen2.5-Coder-7B-AWQ,Qwen2.5-Coder-7B,AWQ,62b87d23d292efb640a55668,8.0,0,0,0,1.0,0.0
CoderEval-Python-Qwen2.5-Coder-7B-AWQ,Qwen2.5-Coder-7B,AWQ,62b87d23d292efb640a5566b,18.0,0,0,0,6.0,11.0
CoderEval-Python-Qwen2.5-Coder-7B-AWQ,Qwen2.5-Coder-7B,AWQ,62b87d24d292efb640a55670,6.0,0,0,0,1.0,1.0
CoderEval-Python-Qwen2.5-Coder-7B-AWQ,Qwen2.5-Coder-7B,AWQ,62b87d24d292efb640a5566d,6.0,0,0,0,2.0,2.0
CoderEval-Python-Qwen2.5-Coder-7B-AWQ,Qwen2.5-Coder-7B,AWQ,62b87d24d292efb640a5566f,7.0,0,0,0,2.0,3.0
CoderEval-Python-Qwen2.5-Coder-7B-AWQ,Qwen2.5-Coder-7B,AWQ,62b89640755ee91dce50a114,6.0,0,0,0,2.0,2.0
CoderEval-Python-Qwen2.5-Coder-7B-AWQ,Qwen2.5-Coder-7B,AWQ,62b8982f755ee91dce50a241,6.0,0,0,0,1.0,0.0
CoderEval-Python-Qwen2.5-Coder-7B-AWQ,Qwen2.5-Coder-7B,AWQ,62b8a4a4755ee91dce50a3d2,3.0,0,0,0,1.0,0.0
CoderEval-Python-Qwen2.5-Coder-7B-AWQ,Qwen2.5-Coder-7B,AWQ,62b8a7b2755ee91dce50a4a7,6.0,0,0,0,2.0,2.0
CoderEval-Python-Qwen2.5-Coder-7B-AWQ,Qwen2.5-Coder-7B,AWQ,62b8b3d4eb7e40a82d2d110d,1.0,1,0,0,0.0,0.0
CoderEval-Python-Qwen2.5-Coder-7B-AWQ,Qwen2.5-Coder-7B,AWQ,62b8b3d4eb7e40a82d2d110e,3.0,0,0,0,1.0,0.0
CoderEval-Python-Qwen2.5-Coder-7B-AWQ,Qwen2.5-Coder-7B,AWQ,62b8b3d4eb7e40a82d2d110f,1.0,1,0,0,0.0,0.0
CoderEval-Python-Qwen2.5-Coder-7B-AWQ,Qwen2.5-Coder-7B,AWQ,62b8b3d5eb7e40a82d2d1110,5.0,2,0,0,0.0,1.0
CoderEval-Python-Qwen2.5-Coder-7B-AWQ,Qwen2.5-Coder-7B,AWQ,62b8b3d6eb7e40a82d2d111c,12.0,0,0,0,5.0,7.0
CoderEval-Python-Qwen2.5-Coder-7B-AWQ,Qwen2.5-Coder-7B,AWQ,62b8b416eb7e40a82d2d1129,6.0,0,0,0,5.0,3.0
CoderEval-Python-Qwen2.5-Coder-7B-AWQ,Qwen2.5-Coder-7B,AWQ,62b8b4b9eb7e40a82d2d1134,5.0,0,1,0,3.0,2.0
CoderEval-Python-Qwen2.5-Coder-7B-AWQ,Qwen2.5-Coder-7B,AWQ,62b8b4baeb7e40a82d2d1136,9.0,0,2,0,5.0,4.0
CoderEval-Python-Qwen2.5-Coder-7B-AWQ,Qwen2.5-Coder-7B,AWQ,62b8b4baeb7e40a82d2d1137,9.0,0,2,0,5.0,4.0
CoderEval-Python-Qwen2.5-Coder-7B-AWQ,Qwen2.5-Coder-7B,AWQ,62b8b4c1eb7e40a82d2d1139,5.0,0,1,0,2.0,1.0
CoderEval-Python-Qwen2.5-Coder-7B-AWQ,Qwen2.5-Coder-7B,AWQ,62b8b559eb7e40a82d2d11f6,8.0,0,1,0,4.0,4.0
CoderEval-Python-Qwen2.5-Coder-7B-AWQ,Qwen2.5-Coder-7B,AWQ,62b8b559eb7e40a82d2d11f8,2.0,0,1,0,3.0,1.0
CoderEval-Python-Qwen2.5-Coder-7B-AWQ,Qwen2.5-Coder-7B,AWQ,62b8b58deb7e40a82d2d1269,3.0,0,1,0,1.0,0.0
CoderEval-Python-Qwen2.5-Coder-7B-AWQ,Qwen2.5-Coder-7B,AWQ,62b8b590eb7e40a82d2d1275,7.0,0,1,0,4.0,6.0
CoderEval-Python-Qwen2.5-Coder-7B-AWQ,Qwen2.5-Coder-7B,AWQ,62b8b59feb7e40a82d2d1291,1.0,1,0,0,0.0,0.0
CoderEval-Python-Qwen2.5-Coder-7B-AWQ,Qwen2.5-Coder-7B,AWQ,62b8d22548ba5a41d1c3f472,14.0,0,0,0,5.0,2.0
CoderEval-Python-Qwen2.5-Coder-7B-AWQ,Qwen2.5-Coder-7B,AWQ,62b8d22948ba5a41d1c3f47c,1.0,1,0,0,0.0,0.0
CoderEval-Python-Qwen2.5-Coder-7B-AWQ,Qwen2.5-Coder-7B,AWQ,62b8d22a48ba5a41d1c3f47d,13.0,0,0,0,3.0,3.0
CoderEval-Python-Qwen2.5-Coder-7B-AWQ,Qwen2.5-Coder-7B,AWQ,62b8d22a48ba5a41d1c3f47e,9.0,0,0,0,3.0,2.0
CoderEval-Python-Qwen2.5-Coder-7B-AWQ,Qwen2.5-Coder-7B,AWQ,62b8d22f48ba5a41d1c3f488,6.0,0,0,0,2.0,1.0
CoderEval-Python-Qwen2.5-Coder-7B-AWQ,Qwen2.5-Coder-7B,AWQ,62b8d23748ba5a41d1c3f496,32.0,0,0,0,7.0,5.0
CoderEval-Python-Qwen2.5-Coder-7B-AWQ,Qwen2.5-Coder-7B,AWQ,62b8d23748ba5a41d1c3f497,6.0,0,0,0,2.0,1.0
CoderEval-Python-Qwen2.5-Coder-7B-AWQ,Qwen2.5-Coder-7B,AWQ,62b8d23948ba5a41d1c3f498,24.0,0,0,0,6.0,3.0
CoderEval-Python-Qwen2.5-Coder-7B-AWQ,Qwen2.5-Coder-7B,AWQ,62b8d23a48ba5a41d1c3f499,7.0,0,0,0,2.0,1.0
CoderEval-Python-Qwen2.5-Coder-7B-AWQ,Qwen2.5-Coder-7B,AWQ,62b8d23b48ba5a41d1c3f49a,24.0,0,0,0,6.0,3.0
CoderEval-Python-Qwen2.5-Coder-7B-AWQ,Qwen2.5-Coder-7B,AWQ,62b8d23c48ba5a41d1c3f49b,1.0,1,0,0,0.0,0.0
CoderEval-Python-Qwen2.5-Coder-7B-AWQ,Qwen2.5-Coder-7B,AWQ,62b8d23e48ba5a41d1c3f49e,8.0,0,0,0,2.0,1.0
CoderEval-Python-Qwen2.5-Coder-7B-AWQ,Qwen2.5-Coder-7B,AWQ,62b8d24048ba5a41d1c3f49f,27.0,0,0,0,7.0,5.0
CoderEval-Python-Qwen2.5-Coder-7B-AWQ,Qwen2.5-Coder-7B,AWQ,62b8d27a48ba5a41d1c3f4c6,13.0,0,1,0,4.0,1.0
CoderEval-Python-Qwen2.5-Coder-7B-AWQ,Qwen2.5-Coder-7B,AWQ,62e4fb4d85ea9864308902e7,9.0,0,0,0,3.0,4.0
CoderEval-Python-Qwen2.5-Coder-7B-AWQ,Qwen2.5-Coder-7B,AWQ,62e4fb6585ea98643089032b,1.0,1,0,0,0.0,0.0
CoderEval-Python-Qwen2.5-Coder-7B-AWQ,Qwen2.5-Coder-7B,AWQ,62e4fbda85ea986430890403,7.0,0,0,0,1.0,0.0
CoderEval-Python-Qwen2.5-Coder-7B-AWQ,Qwen2.5-Coder-7B,AWQ,62e4fbda85ea986430890405,16.0,0,0,0,3.0,2.0
CoderEval-Python-Qwen2.5-Coder-7B-AWQ,Qwen2.5-Coder-7B,AWQ,62e5dc9ed76274f8a4026b5b,9.0,0,0,0,3.0,0.0
CoderEval-Python-Qwen2.5-Coder-7B-AWQ,Qwen2.5-Coder-7B,AWQ,62e60707d76274f8a4026b69,11.0,0,0,0,4.0,0.0
CoderEval-Python-Qwen2.5-Coder-7B-AWQ,Qwen2.5-Coder-7B,AWQ,62e60723d76274f8a4026b75,3.0,0,0,0,1.0,0.0
CoderEval-Python-Qwen2.5-Coder-7B-AWQ,Qwen2.5-Coder-7B,AWQ,62e60879d76274f8a4026bec,4.0,0,0,0,1.0,0.0
CoderEval-Python-Qwen2.5-Coder-7B-AWQ,Qwen2.5-Coder-7B,AWQ,62e6087ad76274f8a4026bf2,2.0,0,0,0,1.0,0.0
CoderEval-Python-Qwen2.5-Coder-7B-AWQ,Qwen2.5-Coder-7B,AWQ,62e6087bd76274f8a4026bfa,1.0,1,0,0,0.0,0.0
CoderEval-Python-Qwen2.5-Coder-7B-AWQ,Qwen2.5-Coder-7B,AWQ,62e60b10d76274f8a4026ccd,1.0,1,0,0,0.0,0.0
CoderEval-Python-Qwen2.5-Coder-7B-AWQ,Qwen2.5-Coder-7B,AWQ,62e60da4d76274f8a4026cf1,1.0,1,0,0,1.0,0.0
CoderEval-Python-Qwen2.5-Coder-7B-AWQ,Qwen2.5-Coder-7B,AWQ,62e60e05d76274f8a4026cfd,1.0,1,0,0,0.0,0.0
CoderEval-Python-Qwen2.5-Coder-7B-AWQ,Qwen2.5-Coder-7B,AWQ,62e60e49d76274f8a4026d25,6.0,0,0,0,2.0,0.0
CoderEval-Python-Qwen2.5-Coder-7B-AWQ,Qwen2.5-Coder-7B,AWQ,62e60ed4d76274f8a4026da0,1.0,1,0,0,0.0,0.0
CoderEval-Python-Qwen2.5-Coder-7B-AWQ,Qwen2.5-Coder-7B,AWQ,62e60f33d76274f8a4026de9,9.0,0,0,0,2.0,4.0
CoderEval-Python-Qwen2.5-Coder-7B-AWQ,Qwen2.5-Coder-7B,AWQ,62e60f37d76274f8a4026dfd,8.0,0,0,0,2.0,0.0
CoderEval-Python-Qwen2.5-Coder-7B-AWQ,Qwen2.5-Coder-7B,AWQ,62e60f3bd76274f8a4026e10,8.0,0,0,0,2.0,0.0
CoderEval-Python-Qwen2.5-Coder-7B-AWQ,Qwen2.5-Coder-7B,AWQ,62e60f43d76274f8a4026e28,4.0,0,1,0,1.0,0.0
CoderEval-Python-Qwen2.5-Coder-7B-AWQ,Qwen2.5-Coder-7B,AWQ,62ece4982e6aefcf4aabbd60,4.0,0,0,0,1.0,0.0
CoderEval-Python-Qwen2.5-Coder-7B-AWQ,Qwen2.5-Coder-7B,AWQ,62ece4982e6aefcf4aabbd61,6.0,0,0,0,2.0,1.0
CoderEval-Python-Qwen2.5-Coder-7B-AWQ,Qwen2.5-Coder-7B,AWQ,62ece4982e6aefcf4aabbd62,10.0,0,0,0,3.0,3.0
CoderEval-Python-Qwen2.5-Coder-7B-AWQ,Qwen2.5-Coder-7B,AWQ,62ece4982e6aefcf4aabbd63,2.0,0,0,0,2.0,1.0
CoderEval-Python-Qwen2.5-Coder-7B-AWQ,Qwen2.5-Coder-7B,AWQ,62ece4982e6aefcf4aabbd64,5.0,0,0,0,2.0,1.0
CoderEval-Python-Qwen2.5-Coder-7B-AWQ,Qwen2.5-Coder-7B,AWQ,62ece4982e6aefcf4aabbd65,8.0,0,0,0,4.0,4.0
CoderEval-Python-Qwen2.5-Coder-7B-AWQ,Qwen2.5-Coder-7B,AWQ,62ece4982e6aefcf4aabbd66,10.0,0,0,0,3.0,4.0
CoderEval-Python-Qwen2.5-Coder-7B-AWQ,Qwen2.5-Coder-7B,AWQ,62ece4982e6aefcf4aabbd67,8.0,0,0,0,2.0,1.0
CoderEval-Python-Qwen2.5-Coder-7B-AWQ,Qwen2.5-Coder-7B,AWQ,62ece4982e6aefcf4aabbd69,0.0,0,0,0,0.0,0.0
CoderEval-Python-Qwen2.5-Coder-7B-AWQ,Qwen2.5-Coder-7B,AWQ,62ece4982e6aefcf4aabbd70,3.0,0,0,0,1.0,0.0
CoderEval-Python-Qwen2.5-Coder-7B-AWQ,Qwen2.5-Coder-7B,AWQ,62ece4982e6aefcf4aabbd71,3.0,0,0,0,1.0,0.0
CoderEval-Python-Qwen2.5-Coder-7B-AWQ,Qwen2.5-Coder-7B,AWQ,62ece4982e6aefcf4aabbd72,3.0,1,0,0,1.0,0.0
CoderEval-Python-Qwen2.5-Coder-7B-AWQ,Qwen2.5-Coder-7B,AWQ,62ece4982e6aefcf4aabbd73,10.0,0,0,0,3.0,4.0
CoderEval-Python-Qwen2.5-Coder-7B-AWQ,Qwen2.5-Coder-7B,AWQ,62ece4982e6aefcf4aabbd74,22.0,0,1,0,3.0,4.0
CoderEval-Python-Qwen2.5-Coder-7B-AWQ,Qwen2.5-Coder-7B,AWQ,62ece4982e6aefcf4aabbd76,2.0,0,0,0,1.0,0.0
CoderEval-Python-Qwen2.5-Coder-7B-AWQ,Qwen2.5-Coder-7B,AWQ,62ece4982e6aefcf4aabbd77,20.0,0,0,0,5.0,8.0
CoderEval-Python-Qwen2.5-Coder-7B-AWQ,Qwen2.5-Coder-7B,AWQ,62ece4982e6aefcf4aabbd5f,3.0,0,0,0,2.0,1.0
CoderEval-Python-Qwen2.5-Coder-7B-AWQ,Qwen2.5-Coder-7B,AWQ,62ece4982e6aefcf4aabbd6a,1.0,1,0,0,0.0,0.0
CoderEval-Python-Qwen2.5-Coder-7B-AWQ,Qwen2.5-Coder-7B,AWQ,62ece4982e6aefcf4aabbd6b,4.0,1,0,0,1.0,0.0
CoderEval-Python-Qwen2.5-Coder-7B-AWQ,Qwen2.5-Coder-7B,AWQ,62ece4982e6aefcf4aabbd6f,13.0,0,1,0,2.0,2.0
CoderEval-Python-Qwen2.5-Coder-7B-AWQ,Qwen2.5-Coder-7B,AWQ,62ece4992e6aefcf4aabbd78,4.0,0,0,0,1.0,0.0
CoderEval-Python-Qwen2.5-Coder-7B-AWQ,Qwen2.5-Coder-7B,AWQ,62ece4992e6aefcf4aabbd79,3.0,0,0,0,2.0,1.0
CoderEval-Python-Qwen2.5-Coder-7B-AWQ,Qwen2.5-Coder-7B,AWQ,62ece4992e6aefcf4aabbd80,11.0,0,0,0,5.0,6.0
CoderEval-Python-Qwen2.5-Coder-7B-AWQ,Qwen2.5-Coder-7B,AWQ,62ece4992e6aefcf4aabbd82,7.0,0,0,0,3.0,3.0
CoderEval-Python-Qwen2.5-Coder-7B-AWQ,Qwen2.5-Coder-7B,AWQ,62ece4992e6aefcf4aabbd83,18.0,0,0,0,5.0,5.0
CoderEval-Python-Qwen2.5-Coder-7B-AWQ,Qwen2.5-Coder-7B,AWQ,62ece4992e6aefcf4aabbd84,7.0,0,0,0,2.0,1.0
CoderEval-Python-Qwen2.5-Coder-7B-AWQ,Qwen2.5-Coder-7B,AWQ,62ece4992e6aefcf4aabbd85,9.0,0,0,0,4.0,4.0
CoderEval-Python-Qwen2.5-Coder-7B-AWQ,Qwen2.5-Coder-7B,AWQ,62ece4992e6aefcf4aabbd86,6.0,0,0,0,2.0,2.0
CoderEval-Python-Qwen2.5-Coder-7B-AWQ,Qwen2.5-Coder-7B,AWQ,62ece4992e6aefcf4aabbd87,9.0,0,0,0,2.0,1.0
CoderEval-Python-Qwen2.5-Coder-7B-AWQ,Qwen2.5-Coder-7B,AWQ,62ece4992e6aefcf4aabbd88,3.0,0,0,0,1.0,0.0
CoderEval-Python-Qwen2.5-Coder-7B-AWQ,Qwen2.5-Coder-7B,AWQ,62ece4992e6aefcf4aabbd7a,3.0,0,0,0,2.0,1.0
CoderEval-Python-Qwen2.5-Coder-7B-AWQ,Qwen2.5-Coder-7B,AWQ,62ece4992e6aefcf4aabbd7b,6.0,0,0,0,3.0,2.0
CoderEval-Python-Qwen2.5-Coder-7B-AWQ,Qwen2.5-Coder-7B,AWQ,62ece4992e6aefcf4aabbd7c,1.0,1,0,0,0.0,0.0
CoderEval-Python-Qwen2.5-Coder-7B-AWQ,Qwen2.5-Coder-7B,AWQ,62ece4992e6aefcf4aabbd7d,10.0,0,0,0,2.0,1.0
CoderEval-Python-Qwen2.5-Coder-7B-AWQ,Qwen2.5-Coder-7B,AWQ,62ece4992e6aefcf4aabbd7e,10.0,0,0,0,2.0,3.0
CoderEval-Python-Qwen2.5-Coder-7B-AWQ,Qwen2.5-Coder-7B,AWQ,62ece4992e6aefcf4aabbd7f,10.0,0,0,0,2.0,1.0
CoderEval-Python-Qwen2.5-Coder-7B-AWQ,Qwen2.5-Coder-7B,AWQ,62ece4992e6aefcf4aabbd8a,21.0,0,0,0,5.0,12.0
CoderEval-Python-Qwen2.5-Coder-7B-AWQ,Qwen2.5-Coder-7B,AWQ,62ece4992e6aefcf4aabbd8b,5.0,0,0,0,2.0,1.0
CoderEval-Python-Qwen2.5-Coder-7B-AWQ,Qwen2.5-Coder-7B,AWQ,6305f9991d275c6667163c50,2.0,0,0,0,0.0,0.0
CoderEval-Python-Qwen2.5-Coder-7B-AWQ,Qwen2.5-Coder-7B,AWQ,6306091073426c38ae68acac,7.0,0,0,0,3.0,4.0
CoderEval-Python-Qwen2.5-Coder-7B-AWQ,Qwen2.5-Coder-7B,AWQ,6306091a73426c38ae68acc8,17.0,0,1,0,7.0,10.0
CoderEval-Python-Qwen2.5-Coder-7B-AWQ,Qwen2.5-Coder-7B,AWQ,6306092973426c38ae68ad01,1.0,1,0,0,1.0,0.0
CoderEval-Python-Qwen2.5-Coder-7B-AWQ,Qwen2.5-Coder-7B,AWQ,6306092c73426c38ae68ad02,11.0,0,0,0,4.0,3.0
CoderEval-Python-Qwen2.5-Coder-7B-AWQ,Qwen2.5-Coder-7B,AWQ,6306092d73426c38ae68ad04,16.0,0,0,0,6.0,2.0
CoderEval-Python-Qwen2.5-Coder-7B-AWQ,Qwen2.5-Coder-7B,AWQ,6306092d73426c38ae68ad05,3.0,0,0,0,2.0,0.0
CoderEval-Python-Qwen2.5-Coder-7B-AWQ,Qwen2.5-Coder-7B,AWQ,6306092d73426c38ae68ad06,1.0,1,0,0,1.0,0.0
CoderEval-Python-Qwen2.5-Coder-7B-AWQ,Qwen2.5-Coder-7B,AWQ,6306092d73426c38ae68ad08,8.0,0,1,0,5.0,7.0
CoderEval-Python-Qwen2.5-Coder-7B-AWQ,Qwen2.5-Coder-7B,AWQ,6306092e73426c38ae68ad0d,1.0,1,0,0,0.0,0.0
CoderEval-Python-Qwen2.5-Coder-7B-AWQ,Qwen2.5-Coder-7B,AWQ,6306092e73426c38ae68ad0f,16.0,0,0,0,4.0,8.0
CoderEval-Python-Qwen2.5-Coder-7B-AWQ,Qwen2.5-Coder-7B,AWQ,6306092f73426c38ae68ad13,13.0,0,2,0,5.0,5.0
CoderEval-Python-Qwen2.5-Coder-7B-AWQ,Qwen2.5-Coder-7B,AWQ,6306093273426c38ae68ad15,6.0,0,2,0,1.0,0.0
CoderEval-Python-Qwen2.5-Coder-7B-AWQ,Qwen2.5-Coder-7B,AWQ,63060ada73426c38ae68ad31,7.0,0,1,0,4.0,6.0
CoderEval-Python-Qwen2.5-Coder-7B-AWQ,Qwen2.5-Coder-7B,AWQ,63060b1a73426c38ae68ad3e,12.0,0,0,0,4.0,6.0
CoderEval-Python-Qwen2.5-Coder-7B-AWQ,Qwen2.5-Coder-7B,AWQ,63060b1b73426c38ae68ad42,4.0,0,0,0,2.0,1.0
CoderEval-Python-Qwen2.5-Coder-7B-AWQ,Qwen2.5-Coder-7B,AWQ,6306292052e177c0ba469f09,17.0,0,0,0,4.0,5.0
CoderEval-Python-Qwen2.5-Coder-7B-AWQ,Qwen2.5-Coder-7B,AWQ,6306292152e177c0ba469f0d,7.0,0,0,0,1.0,1.0
CoderEval-Python-Qwen2.5-Coder-7B-AWQ,Qwen2.5-Coder-7B,AWQ,6306292252e177c0ba469f11,8.0,0,0,0,3.0,1.0
CoderEval-Python-Qwen2.5-Coder-7B-AWQ,Qwen2.5-Coder-7B,AWQ,6306292352e177c0ba469f1d,0.0,0,0,0,0.0,0.0
CoderEval-Python-Qwen2.5-Coder-7B-AWQ,Qwen2.5-Coder-7B,AWQ,6306292352e177c0ba469f1e,8.0,0,0,0,2.0,0.0
CoderEval-Python-Qwen2.5-Coder-7B-AWQ,Qwen2.5-Coder-7B,AWQ,6306292652e177c0ba469f34,10.0,0,0,0,2.0,2.0
CoderEval-Python-Qwen2.5-Coder-7B-AWQ,Qwen2.5-Coder-7B,AWQ,6306292a52e177c0ba469f41,2.0,0,0,0,1.0,0.0
CoderEval-Python-Qwen2.5-Coder-7B-AWQ,Qwen2.5-Coder-7B,AWQ,6306298b52e177c0ba469fdc,3.0,0,0,0,1.0,0.0
CoderEval-Python-Qwen2.5-Coder-7B-AWQ,Qwen2.5-Coder-7B,AWQ,6306299052e177c0ba469fe8,2.0,0,0,0,1.0,0.0
CoderEval-Python-Qwen2.5-Coder-7B-AWQ,Qwen2.5-Coder-7B,AWQ,630629b952e177c0ba46a043,19.0,0,0,0,3.0,4.0
CoderEval-Python-Qwen2.5-Coder-7B-AWQ,Qwen2.5-Coder-7B,AWQ,630629d052e177c0ba46a0a1,14.0,0,1,0,2.0,3.0
CoderEval-Python-Qwen2.5-Coder-7B-AWQ,Qwen2.5-Coder-7B,AWQ,630629e052e177c0ba46a0c4,6.0,0,0,0,2.0,0.0
CoderEval-Python-Qwen2.5-Coder-7B-AWQ,Qwen2.5-Coder-7B,AWQ,630629e152e177c0ba46a0d1,10.0,0,0,0,1.0,1.0
CoderEval-Python-Qwen2.5-Coder-7B-AWQ,Qwen2.5-Coder-7B,AWQ,630629e152e177c0ba46a0d2,16.0,0,1,0,5.0,8.0
CoderEval-Python-Qwen2.5-Coder-7B-AWQ,Qwen2.5-Coder-7B,AWQ,630629e252e177c0ba46a0d6,9.0,0,1,0,2.0,2.0
CoderEval-Python-Qwen2.5-Coder-7B-AWQ,Qwen2.5-Coder-7B,AWQ,630629e752e177c0ba46a0fb,6.0,0,0,0,2.0,2.0
CoderEval-Python-Qwen2.5-Coder-7B-BitsAndBytes,Qwen2.5-Coder-7B,BitsAndBytes,62b438a266fea644fe22cc2d,13.0,0,2,0,3.0,3.0
CoderEval-Python-Qwen2.5-Coder-7B-BitsAndBytes,Qwen2.5-Coder-7B,BitsAndBytes,62b438a266fea644fe22cc2e,9.0,0,1,0,2.0,1.0
CoderEval-Python-Qwen2.5-Coder-7B-BitsAndBytes,Qwen2.5-Coder-7B,BitsAndBytes,62b438b666fea644fe22cc72,7.0,0,0,0,3.0,3.0
CoderEval-Python-Qwen2.5-Coder-7B-BitsAndBytes,Qwen2.5-Coder-7B,BitsAndBytes,62b438b666fea644fe22cc78,6.0,0,0,0,2.0,1.0
CoderEval-Python-Qwen2.5-Coder-7B-BitsAndBytes,Qwen2.5-Coder-7B,BitsAndBytes,62b45665d7d32e5b55cc8364,13.0,0,2,0,3.0,3.0
CoderEval-Python-Qwen2.5-Coder-7B-BitsAndBytes,Qwen2.5-Coder-7B,BitsAndBytes,62b45665d7d32e5b55cc8365,10.0,0,0,0,4.0,5.0
CoderEval-Python-Qwen2.5-Coder-7B-BitsAndBytes,Qwen2.5-Coder-7B,BitsAndBytes,62b45679d7d32e5b55cc83a9,7.0,0,0,0,3.0,3.0
CoderEval-Python-Qwen2.5-Coder-7B-BitsAndBytes,Qwen2.5-Coder-7B,BitsAndBytes,62b4567ad7d32e5b55cc83af,6.0,0,0,0,2.0,1.0
CoderEval-Python-Qwen2.5-Coder-7B-BitsAndBytes,Qwen2.5-Coder-7B,BitsAndBytes,62b4567ed7d32e5b55cc83d9,18.0,0,0,0,8.0,3.0
CoderEval-Python-Qwen2.5-Coder-7B-BitsAndBytes,Qwen2.5-Coder-7B,BitsAndBytes,62b45df05108cfac7f2109ce,7.0,0,0,0,3.0,1.0
CoderEval-Python-Qwen2.5-Coder-7B-BitsAndBytes,Qwen2.5-Coder-7B,BitsAndBytes,62b45df15108cfac7f2109dc,1.0,1,0,0,0.0,0.0
CoderEval-Python-Qwen2.5-Coder-7B-BitsAndBytes,Qwen2.5-Coder-7B,BitsAndBytes,62b45df15108cfac7f2109dd,1.0,1,0,0,0.0,0.0
CoderEval-Python-Qwen2.5-Coder-7B-BitsAndBytes,Qwen2.5-Coder-7B,BitsAndBytes,62b45e145108cfac7f210a07,11.0,0,0,0,5.0,7.0
CoderEval-Python-Qwen2.5-Coder-7B-BitsAndBytes,Qwen2.5-Coder-7B,BitsAndBytes,62b45e145108cfac7f210a09,7.0,0,0,0,5.0,8.0
CoderEval-Python-Qwen2.5-Coder-7B-BitsAndBytes,Qwen2.5-Coder-7B,BitsAndBytes,62b45e165108cfac7f210a16,6.0,0,0,0,3.0,2.0
CoderEval-Python-Qwen2.5-Coder-7B-BitsAndBytes,Qwen2.5-Coder-7B,BitsAndBytes,62b45e165108cfac7f210a17,6.0,0,1,0,3.0,3.0
CoderEval-Python-Qwen2.5-Coder-7B-BitsAndBytes,Qwen2.5-Coder-7B,BitsAndBytes,62b45e175108cfac7f210a19,22.0,0,0,0,9.0,13.0
CoderEval-Python-Qwen2.5-Coder-7B-BitsAndBytes,Qwen2.5-Coder-7B,BitsAndBytes,62b45e21e0d4551b0392c8ed,10.0,0,0,0,2.0,4.0
CoderEval-Python-Qwen2.5-Coder-7B-BitsAndBytes,Qwen2.5-Coder-7B,BitsAndBytes,62b45e23e0d4551b0392c90a,18.0,0,0,0,7.0,8.0
CoderEval-Python-Qwen2.5-Coder-7B-BitsAndBytes,Qwen2.5-Coder-7B,BitsAndBytes,62b45e2eb89c9fd354170232,8.0,0,0,0,3.0,3.0
CoderEval-Python-Qwen2.5-Coder-7B-BitsAndBytes,Qwen2.5-Coder-7B,BitsAndBytes,62b45e515108cfac7f210a3c,15.0,0,0,0,3.0,2.0
CoderEval-Python-Qwen2.5-Coder-7B-BitsAndBytes,Qwen2.5-Coder-7B,BitsAndBytes,62b45e945108cfac7f210a4a,21.0,0,4,0,10.0,17.0
CoderEval-Python-Qwen2.5-Coder-7B-BitsAndBytes,Qwen2.5-Coder-7B,BitsAndBytes,62b463153879012d19481498,3.0,0,0,0,2.0,0.0
CoderEval-Python-Qwen2.5-Coder-7B-BitsAndBytes,Qwen2.5-Coder-7B,BitsAndBytes,62b463153879012d1948149a,9.0,0,1,0,4.0,6.0
CoderEval-Python-Qwen2.5-Coder-7B-BitsAndBytes,Qwen2.5-Coder-7B,BitsAndBytes,62b463153879012d1948149b,4.0,0,0,0,2.0,1.0
CoderEval-Python-Qwen2.5-Coder-7B-BitsAndBytes,Qwen2.5-Coder-7B,BitsAndBytes,62b463153879012d1948149c,1.0,1,0,0,1.0,0.0
CoderEval-Python-Qwen2.5-Coder-7B-BitsAndBytes,Qwen2.5-Coder-7B,BitsAndBytes,62b463153879012d1948149d,14.0,0,0,0,6.0,10.0
CoderEval-Python-Qwen2.5-Coder-7B-BitsAndBytes,Qwen2.5-Coder-7B,BitsAndBytes,62b463153879012d1948149f,11.0,0,0,0,4.0,3.0
CoderEval-Python-Qwen2.5-Coder-7B-BitsAndBytes,Qwen2.5-Coder-7B,BitsAndBytes,62b463153879012d194814a1,1.0,0,0,0,0.0,0.0
CoderEval-Python-Qwen2.5-Coder-7B-BitsAndBytes,Qwen2.5-Coder-7B,BitsAndBytes,62b463163879012d194814a2,1.0,0,0,0,0.0,0.0
CoderEval-Python-Qwen2.5-Coder-7B-BitsAndBytes,Qwen2.5-Coder-7B,BitsAndBytes,62b463163879012d194814a4,12.0,0,0,0,4.0,6.0
CoderEval-Python-Qwen2.5-Coder-7B-BitsAndBytes,Qwen2.5-Coder-7B,BitsAndBytes,62b463163879012d194814a6,4.0,0,0,0,1.0,0.0
CoderEval-Python-Qwen2.5-Coder-7B-BitsAndBytes,Qwen2.5-Coder-7B,BitsAndBytes,62b4631b3879012d194814dd,1.0,1,0,0,0.0,0.0
CoderEval-Python-Qwen2.5-Coder-7B-BitsAndBytes,Qwen2.5-Coder-7B,BitsAndBytes,62b463283879012d1948153d,7.0,0,0,0,3.0,3.0
CoderEval-Python-Qwen2.5-Coder-7B-BitsAndBytes,Qwen2.5-Coder-7B,BitsAndBytes,62b463303879012d19481579,9.0,0,0,0,2.0,2.0
CoderEval-Python-Qwen2.5-Coder-7B-BitsAndBytes,Qwen2.5-Coder-7B,BitsAndBytes,62b46740d2f69a53b466171a,4.0,0,0,0,3.0,2.0
CoderEval-Python-Qwen2.5-Coder-7B-BitsAndBytes,Qwen2.5-Coder-7B,BitsAndBytes,62b46746d2f69a53b4661722,8.0,0,0,0,3.0,4.0
CoderEval-Python-Qwen2.5-Coder-7B-BitsAndBytes,Qwen2.5-Coder-7B,BitsAndBytes,62b86707b4d922cb0e688c2a,9.0,0,0,0,4.0,2.0
CoderEval-Python-Qwen2.5-Coder-7B-BitsAndBytes,Qwen2.5-Coder-7B,BitsAndBytes,62b86729b4d922cb0e688c2f,16.0,0,1,0,1.0,0.0
CoderEval-Python-Qwen2.5-Coder-7B-BitsAndBytes,Qwen2.5-Coder-7B,BitsAndBytes,62b869eab4d922cb0e688cbf,36.0,0,1,0,6.0,11.0
CoderEval-Python-Qwen2.5-Coder-7B-BitsAndBytes,Qwen2.5-Coder-7B,BitsAndBytes,62b869eab4d922cb0e688cc5,8.0,0,0,0,4.0,10.0
CoderEval-Python-Qwen2.5-Coder-7B-BitsAndBytes,Qwen2.5-Coder-7B,BitsAndBytes,62b869ebb4d922cb0e688cc6,10.0,0,0,0,5.0,15.0
CoderEval-Python-Qwen2.5-Coder-7B-BitsAndBytes,Qwen2.5-Coder-7B,BitsAndBytes,62b86a01b4d922cb0e688ccc,10.0,0,1,0,4.0,8.0
CoderEval-Python-Qwen2.5-Coder-7B-BitsAndBytes,Qwen2.5-Coder-7B,BitsAndBytes,62b86a4fb4d922cb0e688cf7,7.0,0,1,0,2.0,2.0
CoderEval-Python-Qwen2.5-Coder-7B-BitsAndBytes,Qwen2.5-Coder-7B,BitsAndBytes,62b86a4fb4d922cb0e688cf8,10.0,0,0,0,2.0,3.0
CoderEval-Python-Qwen2.5-Coder-7B-BitsAndBytes,Qwen2.5-Coder-7B,BitsAndBytes,62b86a9eb4d922cb0e688d25,3.0,0,0,0,1.0,0.0
CoderEval-Python-Qwen2.5-Coder-7B-BitsAndBytes,Qwen2.5-Coder-7B,BitsAndBytes,62b86aa3b4d922cb0e688d36,6.0,0,0,0,4.0,5.0
CoderEval-Python-Qwen2.5-Coder-7B-BitsAndBytes,Qwen2.5-Coder-7B,BitsAndBytes,62b87af09a0c4fa8b80b34f1,4.0,0,0,0,2.0,3.0
CoderEval-Python-Qwen2.5-Coder-7B-BitsAndBytes,Qwen2.5-Coder-7B,BitsAndBytes,62b87af19a0c4fa8b80b34f7,10.0,0,0,0,5.0,6.0
CoderEval-Python-Qwen2.5-Coder-7B-BitsAndBytes,Qwen2.5-Coder-7B,BitsAndBytes,62b87af69a0c4fa8b80b351a,2.0,0,0,0,4.0,1.0
CoderEval-Python-Qwen2.5-Coder-7B-BitsAndBytes,Qwen2.5-Coder-7B,BitsAndBytes,62b87af99a0c4fa8b80b3524,2.0,0,0,0,1.0,0.0
CoderEval-Python-Qwen2.5-Coder-7B-BitsAndBytes,Qwen2.5-Coder-7B,BitsAndBytes,62b87b099a0c4fa8b80b3538,2.0,0,0,0,2.0,1.0
CoderEval-Python-Qwen2.5-Coder-7B-BitsAndBytes,Qwen2.5-Coder-7B,BitsAndBytes,62b87b199a0c4fa8b80b354c,6.0,0,1,0,2.0,2.0
CoderEval-Python-Qwen2.5-Coder-7B-BitsAndBytes,Qwen2.5-Coder-7B,BitsAndBytes,62b87b199a0c4fa8b80b354e,2.0,0,0,0,2.0,1.0
CoderEval-Python-Qwen2.5-Coder-7B-BitsAndBytes,Qwen2.5-Coder-7B,BitsAndBytes,62b87b4f9a0c4fa8b80b3580,3.0,0,0,0,1.0,0.0
CoderEval-Python-Qwen2.5-Coder-7B-BitsAndBytes,Qwen2.5-Coder-7B,BitsAndBytes,62b87b4f9a0c4fa8b80b3581,18.0,0,0,0,6.0,7.0
CoderEval-Python-Qwen2.5-Coder-7B-BitsAndBytes,Qwen2.5-Coder-7B,BitsAndBytes,62b87b519a0c4fa8b80b3583,13.0,0,0,0,6.0,6.0
CoderEval-Python-Qwen2.5-Coder-7B-BitsAndBytes,Qwen2.5-Coder-7B,BitsAndBytes,62b87b7e9a0c4fa8b80b35bc,19.0,0,1,0,8.0,21.0
CoderEval-Python-Qwen2.5-Coder-7B-BitsAndBytes,Qwen2.5-Coder-7B,BitsAndBytes,62b87b839a0c4fa8b80b35cb,2.0,0,0,0,2.0,0.0
CoderEval-Python-Qwen2.5-Coder-7B-BitsAndBytes,Qwen2.5-Coder-7B,BitsAndBytes,62b87b859a0c4fa8b80b35d7,4.0,0,0,0,1.0,0.0
CoderEval-Python-Qwen2.5-Coder-7B-BitsAndBytes,Qwen2.5-Coder-7B,BitsAndBytes,62b87b869a0c4fa8b80b35e1,18.0,0,0,0,5.0,6.0
CoderEval-Python-Qwen2.5-Coder-7B-BitsAndBytes,Qwen2.5-Coder-7B,BitsAndBytes,62b87b989a0c4fa8b80b35ee,6.0,0,0,0,2.0,4.0
CoderEval-Python-Qwen2.5-Coder-7B-BitsAndBytes,Qwen2.5-Coder-7B,BitsAndBytes,62b87d23d292efb640a55667,6.0,0,0,0,2.0,0.0
CoderEval-Python-Qwen2.5-Coder-7B-BitsAndBytes,Qwen2.5-Coder-7B,BitsAndBytes,62b87d23d292efb640a55668,9.0,0,0,0,1.0,0.0
CoderEval-Python-Qwen2.5-Coder-7B-BitsAndBytes,Qwen2.5-Coder-7B,BitsAndBytes,62b87d23d292efb640a5566b,18.0,0,1,0,8.0,13.0
CoderEval-Python-Qwen2.5-Coder-7B-BitsAndBytes,Qwen2.5-Coder-7B,BitsAndBytes,62b87d24d292efb640a55670,6.0,0,0,0,1.0,1.0
CoderEval-Python-Qwen2.5-Coder-7B-BitsAndBytes,Qwen2.5-Coder-7B,BitsAndBytes,62b87d24d292efb640a5566d,5.0,0,0,0,3.0,3.0
CoderEval-Python-Qwen2.5-Coder-7B-BitsAndBytes,Qwen2.5-Coder-7B,BitsAndBytes,62b87d24d292efb640a5566f,7.0,0,0,0,2.0,3.0
CoderEval-Python-Qwen2.5-Coder-7B-BitsAndBytes,Qwen2.5-Coder-7B,BitsAndBytes,62b89640755ee91dce50a114,7.0,0,0,0,3.0,2.0
CoderEval-Python-Qwen2.5-Coder-7B-BitsAndBytes,Qwen2.5-Coder-7B,BitsAndBytes,62b8982f755ee91dce50a241,6.0,0,0,0,1.0,0.0
CoderEval-Python-Qwen2.5-Coder-7B-BitsAndBytes,Qwen2.5-Coder-7B,BitsAndBytes,62b8a4a4755ee91dce50a3d2,5.0,0,0,0,1.0,0.0
CoderEval-Python-Qwen2.5-Coder-7B-BitsAndBytes,Qwen2.5-Coder-7B,BitsAndBytes,62b8a7b2755ee91dce50a4a7,6.0,0,0,0,2.0,2.0
CoderEval-Python-Qwen2.5-Coder-7B-BitsAndBytes,Qwen2.5-Coder-7B,BitsAndBytes,62b8b3d4eb7e40a82d2d110d,1.0,1,0,0,0.0,0.0
CoderEval-Python-Qwen2.5-Coder-7B-BitsAndBytes,Qwen2.5-Coder-7B,BitsAndBytes,62b8b3d4eb7e40a82d2d110e,3.0,0,0,0,2.0,1.0
CoderEval-Python-Qwen2.5-Coder-7B-BitsAndBytes,Qwen2.5-Coder-7B,BitsAndBytes,62b8b3d4eb7e40a82d2d110f,1.0,1,0,0,0.0,0.0
CoderEval-Python-Qwen2.5-Coder-7B-BitsAndBytes,Qwen2.5-Coder-7B,BitsAndBytes,62b8b3d5eb7e40a82d2d1110,5.0,2,0,0,0.0,1.0
CoderEval-Python-Qwen2.5-Coder-7B-BitsAndBytes,Qwen2.5-Coder-7B,BitsAndBytes,62b8b3d6eb7e40a82d2d111c,26.0,0,1,0,6.0,16.0
CoderEval-Python-Qwen2.5-Coder-7B-BitsAndBytes,Qwen2.5-Coder-7B,BitsAndBytes,62b8b416eb7e40a82d2d1129,6.0,0,0,0,4.0,2.0
CoderEval-Python-Qwen2.5-Coder-7B-BitsAndBytes,Qwen2.5-Coder-7B,BitsAndBytes,62b8b4b9eb7e40a82d2d1134,5.0,0,1,0,3.0,2.0
CoderEval-Python-Qwen2.5-Coder-7B-BitsAndBytes,Qwen2.5-Coder-7B,BitsAndBytes,62b8b4baeb7e40a82d2d1136,17.0,0,2,0,7.0,9.0
CoderEval-Python-Qwen2.5-Coder-7B-BitsAndBytes,Qwen2.5-Coder-7B,BitsAndBytes,62b8b4baeb7e40a82d2d1137,26.0,0,3,0,9.0,11.0
CoderEval-Python-Qwen2.5-Coder-7B-BitsAndBytes,Qwen2.5-Coder-7B,BitsAndBytes,62b8b4c1eb7e40a82d2d1139,6.0,0,1,0,5.0,3.0
CoderEval-Python-Qwen2.5-Coder-7B-BitsAndBytes,Qwen2.5-Coder-7B,BitsAndBytes,62b8b559eb7e40a82d2d11f6,8.0,0,1,0,4.0,4.0
CoderEval-Python-Qwen2.5-Coder-7B-BitsAndBytes,Qwen2.5-Coder-7B,BitsAndBytes,62b8b559eb7e40a82d2d11f8,6.0,0,1,0,5.0,4.0
CoderEval-Python-Qwen2.5-Coder-7B-BitsAndBytes,Qwen2.5-Coder-7B,BitsAndBytes,62b8b58deb7e40a82d2d1269,3.0,0,1,0,1.0,0.0
CoderEval-Python-Qwen2.5-Coder-7B-BitsAndBytes,Qwen2.5-Coder-7B,BitsAndBytes,62b8b590eb7e40a82d2d1275,7.0,0,1,0,4.0,6.0
CoderEval-Python-Qwen2.5-Coder-7B-BitsAndBytes,Qwen2.5-Coder-7B,BitsAndBytes,62b8b59feb7e40a82d2d1291,1.0,1,0,0,0.0,0.0
CoderEval-Python-Qwen2.5-Coder-7B-BitsAndBytes,Qwen2.5-Coder-7B,BitsAndBytes,62b8d22548ba5a41d1c3f472,13.0,0,0,0,6.0,4.0
CoderEval-Python-Qwen2.5-Coder-7B-BitsAndBytes,Qwen2.5-Coder-7B,BitsAndBytes,62b8d22948ba5a41d1c3f47c,1.0,1,0,0,0.0,0.0
CoderEval-Python-Qwen2.5-Coder-7B-BitsAndBytes,Qwen2.5-Coder-7B,BitsAndBytes,62b8d22a48ba5a41d1c3f47d,10.0,0,0,0,3.0,3.0
CoderEval-Python-Qwen2.5-Coder-7B-BitsAndBytes,Qwen2.5-Coder-7B,BitsAndBytes,62b8d22a48ba5a41d1c3f47e,5.0,2,0,0,1.0,2.0
CoderEval-Python-Qwen2.5-Coder-7B-BitsAndBytes,Qwen2.5-Coder-7B,BitsAndBytes,62b8d22f48ba5a41d1c3f488,6.0,0,0,0,2.0,1.0
CoderEval-Python-Qwen2.5-Coder-7B-BitsAndBytes,Qwen2.5-Coder-7B,BitsAndBytes,62b8d23748ba5a41d1c3f496,25.0,0,0,0,5.0,3.0
CoderEval-Python-Qwen2.5-Coder-7B-BitsAndBytes,Qwen2.5-Coder-7B,BitsAndBytes,62b8d23748ba5a41d1c3f497,6.0,0,0,0,2.0,1.0
CoderEval-Python-Qwen2.5-Coder-7B-BitsAndBytes,Qwen2.5-Coder-7B,BitsAndBytes,62b8d23948ba5a41d1c3f498,25.0,1,0,0,5.0,3.0
CoderEval-Python-Qwen2.5-Coder-7B-BitsAndBytes,Qwen2.5-Coder-7B,BitsAndBytes,62b8d23a48ba5a41d1c3f499,6.0,0,0,0,2.0,1.0
CoderEval-Python-Qwen2.5-Coder-7B-BitsAndBytes,Qwen2.5-Coder-7B,BitsAndBytes,62b8d23b48ba5a41d1c3f49a,24.0,0,0,0,6.0,3.0
CoderEval-Python-Qwen2.5-Coder-7B-BitsAndBytes,Qwen2.5-Coder-7B,BitsAndBytes,62b8d23c48ba5a41d1c3f49b,5.0,0,0,0,2.0,1.0
CoderEval-Python-Qwen2.5-Coder-7B-BitsAndBytes,Qwen2.5-Coder-7B,BitsAndBytes,62b8d23e48ba5a41d1c3f49e,7.0,0,0,0,2.0,1.0
CoderEval-Python-Qwen2.5-Coder-7B-BitsAndBytes,Qwen2.5-Coder-7B,BitsAndBytes,62b8d24048ba5a41d1c3f49f,38.0,0,0,0,9.0,5.0
CoderEval-Python-Qwen2.5-Coder-7B-BitsAndBytes,Qwen2.5-Coder-7B,BitsAndBytes,62b8d27a48ba5a41d1c3f4c6,13.0,0,1,0,4.0,1.0
CoderEval-Python-Qwen2.5-Coder-7B-BitsAndBytes,Qwen2.5-Coder-7B,BitsAndBytes,62e4fb4d85ea9864308902e7,9.0,0,0,0,4.0,5.0
CoderEval-Python-Qwen2.5-Coder-7B-BitsAndBytes,Qwen2.5-Coder-7B,BitsAndBytes,62e4fb6585ea98643089032b,2.0,0,0,0,1.0,0.0
CoderEval-Python-Qwen2.5-Coder-7B-BitsAndBytes,Qwen2.5-Coder-7B,BitsAndBytes,62e4fbda85ea986430890403,7.0,0,0,0,1.0,0.0
CoderEval-Python-Qwen2.5-Coder-7B-BitsAndBytes,Qwen2.5-Coder-7B,BitsAndBytes,62e4fbda85ea986430890405,19.0,0,1,0,3.0,2.0
CoderEval-Python-Qwen2.5-Coder-7B-BitsAndBytes,Qwen2.5-Coder-7B,BitsAndBytes,62e5dc9ed76274f8a4026b5b,8.0,0,0,0,3.0,0.0
CoderEval-Python-Qwen2.5-Coder-7B-BitsAndBytes,Qwen2.5-Coder-7B,BitsAndBytes,62e60707d76274f8a4026b69,11.0,0,0,0,4.0,0.0
CoderEval-Python-Qwen2.5-Coder-7B-BitsAndBytes,Qwen2.5-Coder-7B,BitsAndBytes,62e60723d76274f8a4026b75,3.0,0,0,0,1.0,0.0
CoderEval-Python-Qwen2.5-Coder-7B-BitsAndBytes,Qwen2.5-Coder-7B,BitsAndBytes,62e60879d76274f8a4026bec,11.0,0,0,0,2.0,0.0
CoderEval-Python-Qwen2.5-Coder-7B-BitsAndBytes,Qwen2.5-Coder-7B,BitsAndBytes,62e6087ad76274f8a4026bf2,2.0,0,0,0,1.0,0.0
CoderEval-Python-Qwen2.5-Coder-7B-BitsAndBytes,Qwen2.5-Coder-7B,BitsAndBytes,62e6087bd76274f8a4026bfa,1.0,1,0,0,0.0,0.0
CoderEval-Python-Qwen2.5-Coder-7B-BitsAndBytes,Qwen2.5-Coder-7B,BitsAndBytes,62e60b10d76274f8a4026ccd,1.0,1,0,0,0.0,0.0
CoderEval-Python-Qwen2.5-Coder-7B-BitsAndBytes,Qwen2.5-Coder-7B,BitsAndBytes,62e60da4d76274f8a4026cf1,1.0,1,0,0,0.0,0.0
CoderEval-Python-Qwen2.5-Coder-7B-BitsAndBytes,Qwen2.5-Coder-7B,BitsAndBytes,62e60e05d76274f8a4026cfd,1.0,1,0,0,0.0,0.0
CoderEval-Python-Qwen2.5-Coder-7B-BitsAndBytes,Qwen2.5-Coder-7B,BitsAndBytes,62e60e49d76274f8a4026d25,6.0,0,0,0,2.0,0.0
CoderEval-Python-Qwen2.5-Coder-7B-BitsAndBytes,Qwen2.5-Coder-7B,BitsAndBytes,62e60ed4d76274f8a4026da0,1.0,1,0,0,0.0,0.0
CoderEval-Python-Qwen2.5-Coder-7B-BitsAndBytes,Qwen2.5-Coder-7B,BitsAndBytes,62e60f33d76274f8a4026de9,9.0,0,0,0,2.0,4.0
CoderEval-Python-Qwen2.5-Coder-7B-BitsAndBytes,Qwen2.5-Coder-7B,BitsAndBytes,62e60f37d76274f8a4026dfd,11.0,0,0,0,3.0,2.0
CoderEval-Python-Qwen2.5-Coder-7B-BitsAndBytes,Qwen2.5-Coder-7B,BitsAndBytes,62e60f3bd76274f8a4026e10,8.0,0,0,0,2.0,0.0
CoderEval-Python-Qwen2.5-Coder-7B-BitsAndBytes,Qwen2.5-Coder-7B,BitsAndBytes,62e60f43d76274f8a4026e28,5.0,0,0,0,1.0,0.0
CoderEval-Python-Qwen2.5-Coder-7B-BitsAndBytes,Qwen2.5-Coder-7B,BitsAndBytes,62ece4982e6aefcf4aabbd60,12.0,0,0,0,2.0,5.0
CoderEval-Python-Qwen2.5-Coder-7B-BitsAndBytes,Qwen2.5-Coder-7B,BitsAndBytes,62ece4982e6aefcf4aabbd61,7.0,0,0,0,3.0,3.0
CoderEval-Python-Qwen2.5-Coder-7B-BitsAndBytes,Qwen2.5-Coder-7B,BitsAndBytes,62ece4982e6aefcf4aabbd62,10.0,0,0,0,3.0,3.0
CoderEval-Python-Qwen2.5-Coder-7B-BitsAndBytes,Qwen2.5-Coder-7B,BitsAndBytes,62ece4982e6aefcf4aabbd63,2.0,0,0,0,2.0,1.0
CoderEval-Python-Qwen2.5-Coder-7B-BitsAndBytes,Qwen2.5-Coder-7B,BitsAndBytes,62ece4982e6aefcf4aabbd64,5.0,0,0,0,2.0,1.0
CoderEval-Python-Qwen2.5-Coder-7B-BitsAndBytes,Qwen2.5-Coder-7B,BitsAndBytes,62ece4982e6aefcf4aabbd65,6.0,0,0,0,3.0,3.0
CoderEval-Python-Qwen2.5-Coder-7B-BitsAndBytes,Qwen2.5-Coder-7B,BitsAndBytes,62ece4982e6aefcf4aabbd66,10.0,0,0,0,3.0,4.0
CoderEval-Python-Qwen2.5-Coder-7B-BitsAndBytes,Qwen2.5-Coder-7B,BitsAndBytes,62ece4982e6aefcf4aabbd67,9.0,0,0,0,2.0,1.0
CoderEval-Python-Qwen2.5-Coder-7B-BitsAndBytes,Qwen2.5-Coder-7B,BitsAndBytes,62ece4982e6aefcf4aabbd69,2.0,0,0,0,0.0,0.0
CoderEval-Python-Qwen2.5-Coder-7B-BitsAndBytes,Qwen2.5-Coder-7B,BitsAndBytes,62ece4982e6aefcf4aabbd70,3.0,0,0,0,1.0,0.0
CoderEval-Python-Qwen2.5-Coder-7B-BitsAndBytes,Qwen2.5-Coder-7B,BitsAndBytes,62ece4982e6aefcf4aabbd71,3.0,0,0,0,1.0,0.0
CoderEval-Python-Qwen2.5-Coder-7B-BitsAndBytes,Qwen2.5-Coder-7B,BitsAndBytes,62ece4982e6aefcf4aabbd72,3.0,0,0,0,1.0,0.0
CoderEval-Python-Qwen2.5-Coder-7B-BitsAndBytes,Qwen2.5-Coder-7B,BitsAndBytes,62ece4982e6aefcf4aabbd73,10.0,0,0,0,3.0,4.0
CoderEval-Python-Qwen2.5-Coder-7B-BitsAndBytes,Qwen2.5-Coder-7B,BitsAndBytes,62ece4982e6aefcf4aabbd74,22.0,0,0,0,4.0,5.0
CoderEval-Python-Qwen2.5-Coder-7B-BitsAndBytes,Qwen2.5-Coder-7B,BitsAndBytes,62ece4982e6aefcf4aabbd76,2.0,0,0,0,1.0,0.0
CoderEval-Python-Qwen2.5-Coder-7B-BitsAndBytes,Qwen2.5-Coder-7B,BitsAndBytes,62ece4982e6aefcf4aabbd77,20.0,0,0,0,5.0,8.0
CoderEval-Python-Qwen2.5-Coder-7B-BitsAndBytes,Qwen2.5-Coder-7B,BitsAndBytes,62ece4982e6aefcf4aabbd5f,3.0,0,0,0,2.0,1.0
CoderEval-Python-Qwen2.5-Coder-7B-BitsAndBytes,Qwen2.5-Coder-7B,BitsAndBytes,62ece4982e6aefcf4aabbd6a,1.0,1,0,0,0.0,0.0
CoderEval-Python-Qwen2.5-Coder-7B-BitsAndBytes,Qwen2.5-Coder-7B,BitsAndBytes,62ece4982e6aefcf4aabbd6b,6.0,0,0,0,2.0,1.0
CoderEval-Python-Qwen2.5-Coder-7B-BitsAndBytes,Qwen2.5-Coder-7B,BitsAndBytes,62ece4982e6aefcf4aabbd6f,15.0,0,1,0,2.0,1.0
CoderEval-Python-Qwen2.5-Coder-7B-BitsAndBytes,Qwen2.5-Coder-7B,BitsAndBytes,62ece4992e6aefcf4aabbd78,8.0,0,0,0,1.0,1.0
CoderEval-Python-Qwen2.5-Coder-7B-BitsAndBytes,Qwen2.5-Coder-7B,BitsAndBytes,62ece4992e6aefcf4aabbd79,3.0,0,0,0,3.0,2.0
CoderEval-Python-Qwen2.5-Coder-7B-BitsAndBytes,Qwen2.5-Coder-7B,BitsAndBytes,62ece4992e6aefcf4aabbd80,11.0,0,0,0,5.0,6.0
CoderEval-Python-Qwen2.5-Coder-7B-BitsAndBytes,Qwen2.5-Coder-7B,BitsAndBytes,62ece4992e6aefcf4aabbd82,7.0,0,0,0,3.0,3.0
CoderEval-Python-Qwen2.5-Coder-7B-BitsAndBytes,Qwen2.5-Coder-7B,BitsAndBytes,62ece4992e6aefcf4aabbd83,29.0,0,1,0,6.0,7.0
CoderEval-Python-Qwen2.5-Coder-7B-BitsAndBytes,Qwen2.5-Coder-7B,BitsAndBytes,62ece4992e6aefcf4aabbd84,10.0,0,0,0,4.0,4.0
CoderEval-Python-Qwen2.5-Coder-7B-BitsAndBytes,Qwen2.5-Coder-7B,BitsAndBytes,62ece4992e6aefcf4aabbd85,11.0,0,0,0,4.0,4.0
CoderEval-Python-Qwen2.5-Coder-7B-BitsAndBytes,Qwen2.5-Coder-7B,BitsAndBytes,62ece4992e6aefcf4aabbd86,5.0,0,0,0,2.0,1.0
CoderEval-Python-Qwen2.5-Coder-7B-BitsAndBytes,Qwen2.5-Coder-7B,BitsAndBytes,62ece4992e6aefcf4aabbd87,10.0,0,0,0,2.0,1.0
CoderEval-Python-Qwen2.5-Coder-7B-BitsAndBytes,Qwen2.5-Coder-7B,BitsAndBytes,62ece4992e6aefcf4aabbd88,3.0,0,0,0,1.0,0.0
CoderEval-Python-Qwen2.5-Coder-7B-BitsAndBytes,Qwen2.5-Coder-7B,BitsAndBytes,62ece4992e6aefcf4aabbd7a,3.0,0,0,0,2.0,1.0
CoderEval-Python-Qwen2.5-Coder-7B-BitsAndBytes,Qwen2.5-Coder-7B,BitsAndBytes,62ece4992e6aefcf4aabbd7b,6.0,0,0,0,3.0,2.0
CoderEval-Python-Qwen2.5-Coder-7B-BitsAndBytes,Qwen2.5-Coder-7B,BitsAndBytes,62ece4992e6aefcf4aabbd7c,1.0,1,0,0,0.0,0.0
CoderEval-Python-Qwen2.5-Coder-7B-BitsAndBytes,Qwen2.5-Coder-7B,BitsAndBytes,62ece4992e6aefcf4aabbd7d,7.0,0,0,0,2.0,1.0
CoderEval-Python-Qwen2.5-Coder-7B-BitsAndBytes,Qwen2.5-Coder-7B,BitsAndBytes,62ece4992e6aefcf4aabbd7e,10.0,0,0,0,2.0,3.0
CoderEval-Python-Qwen2.5-Coder-7B-BitsAndBytes,Qwen2.5-Coder-7B,BitsAndBytes,62ece4992e6aefcf4aabbd7f,10.0,0,0,0,2.0,1.0
CoderEval-Python-Qwen2.5-Coder-7B-BitsAndBytes,Qwen2.5-Coder-7B,BitsAndBytes,62ece4992e6aefcf4aabbd8a,22.0,0,0,0,5.0,8.0
CoderEval-Python-Qwen2.5-Coder-7B-BitsAndBytes,Qwen2.5-Coder-7B,BitsAndBytes,62ece4992e6aefcf4aabbd8b,5.0,0,0,0,2.0,1.0
CoderEval-Python-Qwen2.5-Coder-7B-BitsAndBytes,Qwen2.5-Coder-7B,BitsAndBytes,6305f9991d275c6667163c50,2.0,0,0,0,0.0,0.0
CoderEval-Python-Qwen2.5-Coder-7B-BitsAndBytes,Qwen2.5-Coder-7B,BitsAndBytes,6306091073426c38ae68acac,7.0,0,0,0,3.0,4.0
CoderEval-Python-Qwen2.5-Coder-7B-BitsAndBytes,Qwen2.5-Coder-7B,BitsAndBytes,6306091a73426c38ae68acc8,3.0,0,0,0,1.0,0.0
CoderEval-Python-Qwen2.5-Coder-7B-BitsAndBytes,Qwen2.5-Coder-7B,BitsAndBytes,6306092973426c38ae68ad01,1.0,1,0,0,1.0,0.0
CoderEval-Python-Qwen2.5-Coder-7B-BitsAndBytes,Qwen2.5-Coder-7B,BitsAndBytes,6306092c73426c38ae68ad02,12.0,0,0,0,3.0,3.0
CoderEval-Python-Qwen2.5-Coder-7B-BitsAndBytes,Qwen2.5-Coder-7B,BitsAndBytes,6306092d73426c38ae68ad04,16.0,0,0,0,5.0,2.0
CoderEval-Python-Qwen2.5-Coder-7B-BitsAndBytes,Qwen2.5-Coder-7B,BitsAndBytes,6306092d73426c38ae68ad05,5.0,0,0,0,3.0,1.0
CoderEval-Python-Qwen2.5-Coder-7B-BitsAndBytes,Qwen2.5-Coder-7B,BitsAndBytes,6306092d73426c38ae68ad06,1.0,1,0,0,1.0,0.0
CoderEval-Python-Qwen2.5-Coder-7B-BitsAndBytes,Qwen2.5-Coder-7B,BitsAndBytes,6306092d73426c38ae68ad08,8.0,0,1,0,5.0,7.0
CoderEval-Python-Qwen2.5-Coder-7B-BitsAndBytes,Qwen2.5-Coder-7B,BitsAndBytes,6306092e73426c38ae68ad0d,5.0,0,0,0,2.0,2.0
CoderEval-Python-Qwen2.5-Coder-7B-BitsAndBytes,Qwen2.5-Coder-7B,BitsAndBytes,6306092e73426c38ae68ad0f,15.0,0,0,0,3.0,5.0
CoderEval-Python-Qwen2.5-Coder-7B-BitsAndBytes,Qwen2.5-Coder-7B,BitsAndBytes,6306092f73426c38ae68ad13,13.0,0,2,0,5.0,5.0
CoderEval-Python-Qwen2.5-Coder-7B-BitsAndBytes,Qwen2.5-Coder-7B,BitsAndBytes,6306093273426c38ae68ad15,7.0,0,2,0,2.0,1.0
CoderEval-Python-Qwen2.5-Coder-7B-BitsAndBytes,Qwen2.5-Coder-7B,BitsAndBytes,63060ada73426c38ae68ad31,13.0,0,0,0,6.0,10.0
CoderEval-Python-Qwen2.5-Coder-7B-BitsAndBytes,Qwen2.5-Coder-7B,BitsAndBytes,63060b1a73426c38ae68ad3e,12.0,0,0,0,5.0,7.0
CoderEval-Python-Qwen2.5-Coder-7B-BitsAndBytes,Qwen2.5-Coder-7B,BitsAndBytes,63060b1b73426c38ae68ad42,4.0,0,0,0,2.0,1.0
CoderEval-Python-Qwen2.5-Coder-7B-BitsAndBytes,Qwen2.5-Coder-7B,BitsAndBytes,6306292052e177c0ba469f09,17.0,0,0,0,5.0,6.0
CoderEval-Python-Qwen2.5-Coder-7B-BitsAndBytes,Qwen2.5-Coder-7B,BitsAndBytes,6306292152e177c0ba469f0d,7.0,0,0,0,1.0,1.0
CoderEval-Python-Qwen2.5-Coder-7B-BitsAndBytes,Qwen2.5-Coder-7B,BitsAndBytes,6306292252e177c0ba469f11,8.0,0,0,0,3.0,1.0
CoderEval-Python-Qwen2.5-Coder-7B-BitsAndBytes,Qwen2.5-Coder-7B,BitsAndBytes,6306292352e177c0ba469f1d,0.0,0,0,0,0.0,0.0
CoderEval-Python-Qwen2.5-Coder-7B-BitsAndBytes,Qwen2.5-Coder-7B,BitsAndBytes,6306292352e177c0ba469f1e,8.0,1,5,0,2.0,0.0
CoderEval-Python-Qwen2.5-Coder-7B-BitsAndBytes,Qwen2.5-Coder-7B,BitsAndBytes,6306292652e177c0ba469f34,10.0,0,0,0,2.0,2.0
CoderEval-Python-Qwen2.5-Coder-7B-BitsAndBytes,Qwen2.5-Coder-7B,BitsAndBytes,6306292a52e177c0ba469f41,3.0,0,0,0,1.0,0.0
CoderEval-Python-Qwen2.5-Coder-7B-BitsAndBytes,Qwen2.5-Coder-7B,BitsAndBytes,6306298b52e177c0ba469fdc,3.0,0,0,0,1.0,0.0
CoderEval-Python-Qwen2.5-Coder-7B-BitsAndBytes,Qwen2.5-Coder-7B,BitsAndBytes,6306299052e177c0ba469fe8,2.0,0,0,0,1.0,0.0
CoderEval-Python-Qwen2.5-Coder-7B-BitsAndBytes,Qwen2.5-Coder-7B,BitsAndBytes,630629b952e177c0ba46a043,19.0,0,0,0,3.0,3.0
CoderEval-Python-Qwen2.5-Coder-7B-BitsAndBytes,Qwen2.5-Coder-7B,BitsAndBytes,630629d052e177c0ba46a0a1,20.0,0,1,0,3.0,5.0
CoderEval-Python-Qwen2.5-Coder-7B-BitsAndBytes,Qwen2.5-Coder-7B,BitsAndBytes,630629e052e177c0ba46a0c4,6.0,0,0,0,2.0,0.0
CoderEval-Python-Qwen2.5-Coder-7B-BitsAndBytes,Qwen2.5-Coder-7B,BitsAndBytes,630629e152e177c0ba46a0d1,10.0,0,0,0,1.0,1.0
CoderEval-Python-Qwen2.5-Coder-7B-BitsAndBytes,Qwen2.5-Coder-7B,BitsAndBytes,630629e152e177c0ba46a0d2,16.0,0,1,0,5.0,8.0
CoderEval-Python-Qwen2.5-Coder-7B-BitsAndBytes,Qwen2.5-Coder-7B,BitsAndBytes,630629e252e177c0ba46a0d6,13.0,0,1,0,3.0,2.0
CoderEval-Python-Qwen2.5-Coder-7B-BitsAndBytes,Qwen2.5-Coder-7B,BitsAndBytes,630629e752e177c0ba46a0fb,7.0,0,0,0,2.0,2.0
CoderEval-Python-Qwen2.5-Coder-7B-FP,Qwen2.5-Coder-7B,FP,62b438a266fea644fe22cc2d,9.0,0,1,0,3.0,3.0
CoderEval-Python-Qwen2.5-Coder-7B-FP,Qwen2.5-Coder-7B,FP,62b438a266fea644fe22cc2e,15.0,0,1,0,3.0,3.0
CoderEval-Python-Qwen2.5-Coder-7B-FP,Qwen2.5-Coder-7B,FP,62b438b666fea644fe22cc72,9.0,0,0,0,3.0,4.0
CoderEval-Python-Qwen2.5-Coder-7B-FP,Qwen2.5-Coder-7B,FP,62b438b666fea644fe22cc78,6.0,0,0,0,2.0,1.0
CoderEval-Python-Qwen2.5-Coder-7B-FP,Qwen2.5-Coder-7B,FP,62b45665d7d32e5b55cc8364,9.0,0,1,0,3.0,3.0
CoderEval-Python-Qwen2.5-Coder-7B-FP,Qwen2.5-Coder-7B,FP,62b45665d7d32e5b55cc8365,0.0,0,0,0,0.0,0.0
CoderEval-Python-Qwen2.5-Coder-7B-FP,Qwen2.5-Coder-7B,FP,62b45679d7d32e5b55cc83a9,9.0,0,0,0,3.0,4.0
CoderEval-Python-Qwen2.5-Coder-7B-FP,Qwen2.5-Coder-7B,FP,62b4567ad7d32e5b55cc83af,6.0,0,0,0,2.0,1.0
CoderEval-Python-Qwen2.5-Coder-7B-FP,Qwen2.5-Coder-7B,FP,62b4567ed7d32e5b55cc83d9,0.0,0,0,0,0.0,0.0
CoderEval-Python-Qwen2.5-Coder-7B-FP,Qwen2.5-Coder-7B,FP,62b45df05108cfac7f2109ce,6.0,0,0,0,4.0,4.0
CoderEval-Python-Qwen2.5-Coder-7B-FP,Qwen2.5-Coder-7B,FP,62b45df15108cfac7f2109dc,0.0,0,0,0,0.0,0.0
CoderEval-Python-Qwen2.5-Coder-7B-FP,Qwen2.5-Coder-7B,FP,62b45df15108cfac7f2109dd,6.0,0,0,0,2.0,2.0
CoderEval-Python-Qwen2.5-Coder-7B-FP,Qwen2.5-Coder-7B,FP,62b45e145108cfac7f210a07,15.0,0,0,0,6.0,9.0
CoderEval-Python-Qwen2.5-Coder-7B-FP,Qwen2.5-Coder-7B,FP,62b45e145108cfac7f210a09,0.0,0,0,0,0.0,0.0
CoderEval-Python-Qwen2.5-Coder-7B-FP,Qwen2.5-Coder-7B,FP,62b45e165108cfac7f210a16,0.0,0,0,0,0.0,0.0
CoderEval-Python-Qwen2.5-Coder-7B-FP,Qwen2.5-Coder-7B,FP,62b45e165108cfac7f210a17,3.0,0,0,0,1.0,0.0
CoderEval-Python-Qwen2.5-Coder-7B-FP,Qwen2.5-Coder-7B,FP,62b45e175108cfac7f210a19,0.0,0,0,0,0.0,0.0
CoderEval-Python-Qwen2.5-Coder-7B-FP,Qwen2.5-Coder-7B,FP,62b45e21e0d4551b0392c8ed,2.0,0,2,0,1.0,0.0
CoderEval-Python-Qwen2.5-Coder-7B-FP,Qwen2.5-Coder-7B,FP,62b45e23e0d4551b0392c90a,0.0,0,0,0,0.0,0.0
CoderEval-Python-Qwen2.5-Coder-7B-FP,Qwen2.5-Coder-7B,FP,62b45e2eb89c9fd354170232,8.0,0,0,0,3.0,3.0
CoderEval-Python-Qwen2.5-Coder-7B-FP,Qwen2.5-Coder-7B,FP,62b45e515108cfac7f210a3c,26.0,0,0,0,1.0,0.0
CoderEval-Python-Qwen2.5-Coder-7B-FP,Qwen2.5-Coder-7B,FP,62b45e945108cfac7f210a4a,0.0,0,0,0,0.0,0.0
CoderEval-Python-Qwen2.5-Coder-7B-FP,Qwen2.5-Coder-7B,FP,62b463153879012d19481498,7.0,0,0,0,3.0,3.0
CoderEval-Python-Qwen2.5-Coder-7B-FP,Qwen2.5-Coder-7B,FP,62b463153879012d1948149a,10.0,0,0,0,5.0,8.0
CoderEval-Python-Qwen2.5-Coder-7B-FP,Qwen2.5-Coder-7B,FP,62b463153879012d1948149b,0.0,0,0,0,0.0,0.0
CoderEval-Python-Qwen2.5-Coder-7B-FP,Qwen2.5-Coder-7B,FP,62b463153879012d1948149c,6.0,0,0,0,3.0,3.0
CoderEval-Python-Qwen2.5-Coder-7B-FP,Qwen2.5-Coder-7B,FP,62b463153879012d1948149d,10.0,0,0,0,4.0,3.0
CoderEval-Python-Qwen2.5-Coder-7B-FP,Qwen2.5-Coder-7B,FP,62b463153879012d1948149f,13.0,0,0,0,3.0,4.0
CoderEval-Python-Qwen2.5-Coder-7B-FP,Qwen2.5-Coder-7B,FP,62b463153879012d194814a1,4.0,0,0,0,2.0,1.0
CoderEval-Python-Qwen2.5-Coder-7B-FP,Qwen2.5-Coder-7B,FP,62b463163879012d194814a2,5.0,0,0,0,2.0,1.0
CoderEval-Python-Qwen2.5-Coder-7B-FP,Qwen2.5-Coder-7B,FP,62b463163879012d194814a4,4.0,0,0,0,1.0,0.0
CoderEval-Python-Qwen2.5-Coder-7B-FP,Qwen2.5-Coder-7B,FP,62b463163879012d194814a6,4.0,0,0,0,1.0,0.0
CoderEval-Python-Qwen2.5-Coder-7B-FP,Qwen2.5-Coder-7B,FP,62b4631b3879012d194814dd,3.0,0,0,0,1.0,0.0
CoderEval-Python-Qwen2.5-Coder-7B-FP,Qwen2.5-Coder-7B,FP,62b463283879012d1948153d,6.0,0,0,0,3.0,3.0
CoderEval-Python-Qwen2.5-Coder-7B-FP,Qwen2.5-Coder-7B,FP,62b463303879012d19481579,4.0,0,0,0,1.0,0.0
CoderEval-Python-Qwen2.5-Coder-7B-FP,Qwen2.5-Coder-7B,FP,62b46740d2f69a53b466171a,0.0,0,0,0,0.0,0.0
CoderEval-Python-Qwen2.5-Coder-7B-FP,Qwen2.5-Coder-7B,FP,62b46746d2f69a53b4661722,2.0,0,1,0,1.0,0.0
CoderEval-Python-Qwen2.5-Coder-7B-FP,Qwen2.5-Coder-7B,FP,62b86707b4d922cb0e688c2a,10.0,0,0,0,4.0,4.0
CoderEval-Python-Qwen2.5-Coder-7B-FP,Qwen2.5-Coder-7B,FP,62b86729b4d922cb0e688c2f,20.0,0,0,0,1.0,0.0
CoderEval-Python-Qwen2.5-Coder-7B-FP,Qwen2.5-Coder-7B,FP,62b869eab4d922cb0e688cbf,0.0,0,0,0,0.0,0.0
CoderEval-Python-Qwen2.5-Coder-7B-FP,Qwen2.5-Coder-7B,FP,62b869eab4d922cb0e688cc5,12.0,0,0,0,4.0,7.0
CoderEval-Python-Qwen2.5-Coder-7B-FP,Qwen2.5-Coder-7B,FP,62b869ebb4d922cb0e688cc6,14.0,0,0,0,4.0,8.0
CoderEval-Python-Qwen2.5-Coder-7B-FP,Qwen2.5-Coder-7B,FP,62b86a01b4d922cb0e688ccc,13.0,0,1,0,5.0,10.0
CoderEval-Python-Qwen2.5-Coder-7B-FP,Qwen2.5-Coder-7B,FP,62b86a4fb4d922cb0e688cf7,10.0,0,0,0,2.0,2.0
CoderEval-Python-Qwen2.5-Coder-7B-FP,Qwen2.5-Coder-7B,FP,62b86a4fb4d922cb0e688cf8,15.0,0,0,0,3.0,3.0
CoderEval-Python-Qwen2.5-Coder-7B-FP,Qwen2.5-Coder-7B,FP,62b86a9eb4d922cb0e688d25,2.0,0,0,0,1.0,0.0
CoderEval-Python-Qwen2.5-Coder-7B-FP,Qwen2.5-Coder-7B,FP,62b86aa3b4d922cb0e688d36,8.0,0,0,0,5.0,6.0
CoderEval-Python-Qwen2.5-Coder-7B-FP,Qwen2.5-Coder-7B,FP,62b87af09a0c4fa8b80b34f1,0.0,0,0,0,0.0,0.0
CoderEval-Python-Qwen2.5-Coder-7B-FP,Qwen2.5-Coder-7B,FP,62b87af19a0c4fa8b80b34f7,7.0,0,0,0,6.0,6.0
CoderEval-Python-Qwen2.5-Coder-7B-FP,Qwen2.5-Coder-7B,FP,62b87af69a0c4fa8b80b351a,5.0,0,0,0,3.0,3.0
CoderEval-Python-Qwen2.5-Coder-7B-FP,Qwen2.5-Coder-7B,FP,62b87af99a0c4fa8b80b3524,2.0,0,0,0,2.0,1.0
CoderEval-Python-Qwen2.5-Coder-7B-FP,Qwen2.5-Coder-7B,FP,62b87b099a0c4fa8b80b3538,6.0,0,0,0,3.0,2.0
CoderEval-Python-Qwen2.5-Coder-7B-FP,Qwen2.5-Coder-7B,FP,62b87b199a0c4fa8b80b354c,11.0,0,0,0,5.0,5.0
CoderEval-Python-Qwen2.5-Coder-7B-FP,Qwen2.5-Coder-7B,FP,62b87b199a0c4fa8b80b354e,7.0,0,0,0,4.0,4.0
CoderEval-Python-Qwen2.5-Coder-7B-FP,Qwen2.5-Coder-7B,FP,62b87b4f9a0c4fa8b80b3580,5.0,0,0,0,1.0,0.0
CoderEval-Python-Qwen2.5-Coder-7B-FP,Qwen2.5-Coder-7B,FP,62b87b4f9a0c4fa8b80b3581,10.0,0,0,0,4.0,7.0
CoderEval-Python-Qwen2.5-Coder-7B-FP,Qwen2.5-Coder-7B,FP,62b87b519a0c4fa8b80b3583,0.0,0,0,0,0.0,0.0
CoderEval-Python-Qwen2.5-Coder-7B-FP,Qwen2.5-Coder-7B,FP,62b87b7e9a0c4fa8b80b35bc,0.0,0,0,0,0.0,0.0
CoderEval-Python-Qwen2.5-Coder-7B-FP,Qwen2.5-Coder-7B,FP,62b87b839a0c4fa8b80b35cb,4.0,0,1,0,2.0,0.0
CoderEval-Python-Qwen2.5-Coder-7B-FP,Qwen2.5-Coder-7B,FP,62b87b859a0c4fa8b80b35d7,7.0,0,1,0,3.0,2.0
CoderEval-Python-Qwen2.5-Coder-7B-FP,Qwen2.5-Coder-7B,FP,62b87b869a0c4fa8b80b35e1,10.0,0,0,0,3.0,2.0
CoderEval-Python-Qwen2.5-Coder-7B-FP,Qwen2.5-Coder-7B,FP,62b87b989a0c4fa8b80b35ee,0.0,0,0,0,0.0,0.0
CoderEval-Python-Qwen2.5-Coder-7B-FP,Qwen2.5-Coder-7B,FP,62b87d23d292efb640a55667,6.0,0,0,0,2.0,0.0
CoderEval-Python-Qwen2.5-Coder-7B-FP,Qwen2.5-Coder-7B,FP,62b87d23d292efb640a55668,9.0,0,0,0,1.0,0.0
CoderEval-Python-Qwen2.5-Coder-7B-FP,Qwen2.5-Coder-7B,FP,62b87d23d292efb640a5566b,0.0,0,0,0,0.0,0.0
CoderEval-Python-Qwen2.5-Coder-7B-FP,Qwen2.5-Coder-7B,FP,62b87d24d292efb640a55670,2.0,0,0,0,1.0,0.0
CoderEval-Python-Qwen2.5-Coder-7B-FP,Qwen2.5-Coder-7B,FP,62b87d24d292efb640a5566d,6.0,0,0,0,2.0,2.0
CoderEval-Python-Qwen2.5-Coder-7B-FP,Qwen2.5-Coder-7B,FP,62b87d24d292efb640a5566f,2.0,0,3,0,1.0,0.0
CoderEval-Python-Qwen2.5-Coder-7B-FP,Qwen2.5-Coder-7B,FP,62b89640755ee91dce50a114,11.0,0,0,0,5.0,5.0
CoderEval-Python-Qwen2.5-Coder-7B-FP,Qwen2.5-Coder-7B,FP,62b8982f755ee91dce50a241,14.0,0,0,0,4.0,3.0
CoderEval-Python-Qwen2.5-Coder-7B-FP,Qwen2.5-Coder-7B,FP,62b8a4a4755ee91dce50a3d2,5.0,0,0,0,1.0,0.0
CoderEval-Python-Qwen2.5-Coder-7B-FP,Qwen2.5-Coder-7B,FP,62b8a7b2755ee91dce50a4a7,4.0,0,0,0,2.0,1.0
CoderEval-Python-Qwen2.5-Coder-7B-FP,Qwen2.5-Coder-7B,FP,62b8b3d4eb7e40a82d2d110d,6.0,0,0,0,2.0,2.0
CoderEval-Python-Qwen2.5-Coder-7B-FP,Qwen2.5-Coder-7B,FP,62b8b3d4eb7e40a82d2d110e,2.0,0,0,0,1.0,0.0
CoderEval-Python-Qwen2.5-Coder-7B-FP,Qwen2.5-Coder-7B,FP,62b8b3d4eb7e40a82d2d110f,2.0,0,1,0,1.0,0.0
CoderEval-Python-Qwen2.5-Coder-7B-FP,Qwen2.5-Coder-7B,FP,62b8b3d5eb7e40a82d2d1110,2.0,0,1,0,1.0,0.0
CoderEval-Python-Qwen2.5-Coder-7B-FP,Qwen2.5-Coder-7B,FP,62b8b3d6eb7e40a82d2d111c,11.0,0,1,0,4.0,6.0
CoderEval-Python-Qwen2.5-Coder-7B-FP,Qwen2.5-Coder-7B,FP,62b8b416eb7e40a82d2d1129,0.0,0,0,0,0.0,0.0
CoderEval-Python-Qwen2.5-Coder-7B-FP,Qwen2.5-Coder-7B,FP,62b8b4b9eb7e40a82d2d1134,0.0,0,0,0,0.0,0.0
CoderEval-Python-Qwen2.5-Coder-7B-FP,Qwen2.5-Coder-7B,FP,62b8b4baeb7e40a82d2d1136,0.0,0,0,0,0.0,0.0
CoderEval-Python-Qwen2.5-Coder-7B-FP,Qwen2.5-Coder-7B,FP,62b8b4baeb7e40a82d2d1137,0.0,0,0,0,0.0,0.0
CoderEval-Python-Qwen2.5-Coder-7B-FP,Qwen2.5-Coder-7B,FP,62b8b4c1eb7e40a82d2d1139,18.0,0,2,0,11.0,13.0
CoderEval-Python-Qwen2.5-Coder-7B-FP,Qwen2.5-Coder-7B,FP,62b8b559eb7e40a82d2d11f6,7.0,0,1,0,4.0,4.0
CoderEval-Python-Qwen2.5-Coder-7B-FP,Qwen2.5-Coder-7B,FP,62b8b559eb7e40a82d2d11f8,18.0,0,1,0,5.0,6.0
CoderEval-Python-Qwen2.5-Coder-7B-FP,Qwen2.5-Coder-7B,FP,62b8b58deb7e40a82d2d1269,2.0,0,1,0,1.0,0.0
CoderEval-Python-Qwen2.5-Coder-7B-FP,Qwen2.5-Coder-7B,FP,62b8b590eb7e40a82d2d1275,0.0,0,0,0,0.0,0.0
CoderEval-Python-Qwen2.5-Coder-7B-FP,Qwen2.5-Coder-7B,FP,62b8b59feb7e40a82d2d1291,2.0,0,1,0,2.0,1.0
CoderEval-Python-Qwen2.5-Coder-7B-FP,Qwen2.5-Coder-7B,FP,62b8d22548ba5a41d1c3f472,12.0,0,1,0,4.0,2.0
CoderEval-Python-Qwen2.5-Coder-7B-FP,Qwen2.5-Coder-7B,FP,62b8d22948ba5a41d1c3f47c,5.0,0,0,0,2.0,2.0
CoderEval-Python-Qwen2.5-Coder-7B-FP,Qwen2.5-Coder-7B,FP,62b8d22a48ba5a41d1c3f47d,9.0,0,0,0,2.0,3.0
CoderEval-Python-Qwen2.5-Coder-7B-FP,Qwen2.5-Coder-7B,FP,62b8d22a48ba5a41d1c3f47e,6.0,0,0,0,2.0,2.0
CoderEval-Python-Qwen2.5-Coder-7B-FP,Qwen2.5-Coder-7B,FP,62b8d22f48ba5a41d1c3f488,7.0,0,0,0,2.0,1.0
CoderEval-Python-Qwen2.5-Coder-7B-FP,Qwen2.5-Coder-7B,FP,62b8d23748ba5a41d1c3f496,0.0,0,0,0,0.0,0.0
CoderEval-Python-Qwen2.5-Coder-7B-FP,Qwen2.5-Coder-7B,FP,62b8d23748ba5a41d1c3f497,0.0,0,0,0,0.0,0.0
CoderEval-Python-Qwen2.5-Coder-7B-FP,Qwen2.5-Coder-7B,FP,62b8d23948ba5a41d1c3f498,21.0,0,0,0,6.0,3.0
CoderEval-Python-Qwen2.5-Coder-7B-FP,Qwen2.5-Coder-7B,FP,62b8d23a48ba5a41d1c3f499,0.0,0,0,0,0.0,0.0
CoderEval-Python-Qwen2.5-Coder-7B-FP,Qwen2.5-Coder-7B,FP,62b8d23b48ba5a41d1c3f49a,6.0,0,0,0,2.0,0.0
CoderEval-Python-Qwen2.5-Coder-7B-FP,Qwen2.5-Coder-7B,FP,62b8d23c48ba5a41d1c3f49b,0.0,0,0,0,0.0,0.0
CoderEval-Python-Qwen2.5-Coder-7B-FP,Qwen2.5-Coder-7B,FP,62b8d23e48ba5a41d1c3f49e,7.0,0,0,0,2.0,1.0
CoderEval-Python-Qwen2.5-Coder-7B-FP,Qwen2.5-Coder-7B,FP,62b8d24048ba5a41d1c3f49f,2.0,0,4,0,1.0,0.0
CoderEval-Python-Qwen2.5-Coder-7B-FP,Qwen2.5-Coder-7B,FP,62b8d27a48ba5a41d1c3f4c6,12.0,0,1,0,4.0,2.0
CoderEval-Python-Qwen2.5-Coder-7B-FP,Qwen2.5-Coder-7B,FP,62e4fb4d85ea9864308902e7,3.0,0,0,0,1.0,0.0
CoderEval-Python-Qwen2.5-Coder-7B-FP,Qwen2.5-Coder-7B,FP,62e4fb6585ea98643089032b,2.0,0,0,0,1.0,0.0
CoderEval-Python-Qwen2.5-Coder-7B-FP,Qwen2.5-Coder-7B,FP,62e4fbda85ea986430890403,5.0,0,0,0,1.0,0.0
CoderEval-Python-Qwen2.5-Coder-7B-FP,Qwen2.5-Coder-7B,FP,62e4fbda85ea986430890405,0.0,0,0,0,0.0,0.0
CoderEval-Python-Qwen2.5-Coder-7B-FP,Qwen2.5-Coder-7B,FP,62e5dc9ed76274f8a4026b5b,5.0,0,0,0,2.0,0.0
CoderEval-Python-Qwen2.5-Coder-7B-FP,Qwen2.5-Coder-7B,FP,62e60707d76274f8a4026b69,21.0,0,0,0,8.0,4.0
CoderEval-Python-Qwen2.5-Coder-7B-FP,Qwen2.5-Coder-7B,FP,62e60723d76274f8a4026b75,5.0,1,0,0,3.0,4.0
CoderEval-Python-Qwen2.5-Coder-7B-FP,Qwen2.5-Coder-7B,FP,62e60879d76274f8a4026bec,0.0,0,0,0,0.0,0.0
CoderEval-Python-Qwen2.5-Coder-7B-FP,Qwen2.5-Coder-7B,FP,62e6087ad76274f8a4026bf2,0.0,0,0,0,0.0,0.0
CoderEval-Python-Qwen2.5-Coder-7B-FP,Qwen2.5-Coder-7B,FP,62e6087bd76274f8a4026bfa,2.0,0,0,0,1.0,0.0
CoderEval-Python-Qwen2.5-Coder-7B-FP,Qwen2.5-Coder-7B,FP,62e60b10d76274f8a4026ccd,4.0,0,0,0,3.0,1.0
CoderEval-Python-Qwen2.5-Coder-7B-FP,Qwen2.5-Coder-7B,FP,62e60da4d76274f8a4026cf1,4.0,0,0,0,3.0,1.0
CoderEval-Python-Qwen2.5-Coder-7B-FP,Qwen2.5-Coder-7B,FP,62e60e05d76274f8a4026cfd,5.0,0,0,0,2.0,2.0
CoderEval-Python-Qwen2.5-Coder-7B-FP,Qwen2.5-Coder-7B,FP,62e60e49d76274f8a4026d25,6.0,0,0,0,2.0,0.0
CoderEval-Python-Qwen2.5-Coder-7B-FP,Qwen2.5-Coder-7B,FP,62e60ed4d76274f8a4026da0,5.0,0,0,0,2.0,2.0
CoderEval-Python-Qwen2.5-Coder-7B-FP,Qwen2.5-Coder-7B,FP,62e60f33d76274f8a4026de9,17.0,0,0,0,3.0,9.0
CoderEval-Python-Qwen2.5-Coder-7B-FP,Qwen2.5-Coder-7B,FP,62e60f37d76274f8a4026dfd,5.0,0,0,0,1.0,0.0
CoderEval-Python-Qwen2.5-Coder-7B-FP,Qwen2.5-Coder-7B,FP,62e60f3bd76274f8a4026e10,17.0,0,0,0,2.0,2.0
CoderEval-Python-Qwen2.5-Coder-7B-FP,Qwen2.5-Coder-7B,FP,62e60f43d76274f8a4026e28,0.0,0,0,0,0.0,0.0
CoderEval-Python-Qwen2.5-Coder-7B-FP,Qwen2.5-Coder-7B,FP,62ece4982e6aefcf4aabbd60,5.0,0,0,0,2.0,1.0
CoderEval-Python-Qwen2.5-Coder-7B-FP,Qwen2.5-Coder-7B,FP,62ece4982e6aefcf4aabbd61,9.0,0,0,0,4.0,7.0
CoderEval-Python-Qwen2.5-Coder-7B-FP,Qwen2.5-Coder-7B,FP,62ece4982e6aefcf4aabbd62,8.0,0,1,0,3.0,3.0
CoderEval-Python-Qwen2.5-Coder-7B-FP,Qwen2.5-Coder-7B,FP,62ece4982e6aefcf4aabbd63,2.0,0,0,0,2.0,1.0
CoderEval-Python-Qwen2.5-Coder-7B-FP,Qwen2.5-Coder-7B,FP,62ece4982e6aefcf4aabbd64,4.0,0,0,0,2.0,1.0
CoderEval-Python-Qwen2.5-Coder-7B-FP,Qwen2.5-Coder-7B,FP,62ece4982e6aefcf4aabbd65,11.0,0,0,0,4.0,6.0
CoderEval-Python-Qwen2.5-Coder-7B-FP,Qwen2.5-Coder-7B,FP,62ece4982e6aefcf4aabbd66,0.0,0,0,0,0.0,0.0
CoderEval-Python-Qwen2.5-Coder-7B-FP,Qwen2.5-Coder-7B,FP,62ece4982e6aefcf4aabbd67,11.0,0,0,0,2.0,1.0
CoderEval-Python-Qwen2.5-Coder-7B-FP,Qwen2.5-Coder-7B,FP,62ece4982e6aefcf4aabbd69,3.0,0,0,0,1.0,0.0
CoderEval-Python-Qwen2.5-Coder-7B-FP,Qwen2.5-Coder-7B,FP,62ece4982e6aefcf4aabbd70,4.0,0,0,0,1.0,0.0
CoderEval-Python-Qwen2.5-Coder-7B-FP,Qwen2.5-Coder-7B,FP,62ece4982e6aefcf4aabbd71,0.0,0,0,0,0.0,0.0
CoderEval-Python-Qwen2.5-Coder-7B-FP,Qwen2.5-Coder-7B,FP,62ece4982e6aefcf4aabbd72,4.0,0,0,0,1.0,0.0
CoderEval-Python-Qwen2.5-Coder-7B-FP,Qwen2.5-Coder-7B,FP,62ece4982e6aefcf4aabbd73,2.0,0,3,0,1.0,0.0
CoderEval-Python-Qwen2.5-Coder-7B-FP,Qwen2.5-Coder-7B,FP,62ece4982e6aefcf4aabbd74,0.0,0,0,0,0.0,0.0
CoderEval-Python-Qwen2.5-Coder-7B-FP,Qwen2.5-Coder-7B,FP,62ece4982e6aefcf4aabbd76,2.0,0,0,0,2.0,1.0
CoderEval-Python-Qwen2.5-Coder-7B-FP,Qwen2.5-Coder-7B,FP,62ece4982e6aefcf4aabbd77,21.0,0,0,0,5.0,9.0
CoderEval-Python-Qwen2.5-Coder-7B-FP,Qwen2.5-Coder-7B,FP,62ece4982e6aefcf4aabbd5f,7.0,0,0,0,4.0,5.0
CoderEval-Python-Qwen2.5-Coder-7B-FP,Qwen2.5-Coder-7B,FP,62ece4982e6aefcf4aabbd6a,2.0,0,1,0,1.0,0.0
CoderEval-Python-Qwen2.5-Coder-7B-FP,Qwen2.5-Coder-7B,FP,62ece4982e6aefcf4aabbd6b,5.0,0,0,0,2.0,1.0
CoderEval-Python-Qwen2.5-Coder-7B-FP,Qwen2.5-Coder-7B,FP,62ece4982e6aefcf4aabbd6f,4.0,0,0,0,1.0,0.0
CoderEval-Python-Qwen2.5-Coder-7B-FP,Qwen2.5-Coder-7B,FP,62ece4992e6aefcf4aabbd78,0.0,0,0,0,0.0,0.0
CoderEval-Python-Qwen2.5-Coder-7B-FP,Qwen2.5-Coder-7B,FP,62ece4992e6aefcf4aabbd79,4.0,0,0,0,3.0,2.0
CoderEval-Python-Qwen2.5-Coder-7B-FP,Qwen2.5-Coder-7B,FP,62ece4992e6aefcf4aabbd80,10.0,0,0,0,5.0,6.0
CoderEval-Python-Qwen2.5-Coder-7B-FP,Qwen2.5-Coder-7B,FP,62ece4992e6aefcf4aabbd82,6.0,0,0,0,3.0,2.0
CoderEval-Python-Qwen2.5-Coder-7B-FP,Qwen2.5-Coder-7B,FP,62ece4992e6aefcf4aabbd83,18.0,0,0,0,5.0,7.0
CoderEval-Python-Qwen2.5-Coder-7B-FP,Qwen2.5-Coder-7B,FP,62ece4992e6aefcf4aabbd84,6.0,0,0,0,4.0,4.0
CoderEval-Python-Qwen2.5-Coder-7B-FP,Qwen2.5-Coder-7B,FP,62ece4992e6aefcf4aabbd85,0.0,0,0,0,0.0,0.0
CoderEval-Python-Qwen2.5-Coder-7B-FP,Qwen2.5-Coder-7B,FP,62ece4992e6aefcf4aabbd86,3.0,0,1,0,1.0,0.0
CoderEval-Python-Qwen2.5-Coder-7B-FP,Qwen2.5-Coder-7B,FP,62ece4992e6aefcf4aabbd87,0.0,0,0,0,0.0,0.0
CoderEval-Python-Qwen2.5-Coder-7B-FP,Qwen2.5-Coder-7B,FP,62ece4992e6aefcf4aabbd88,2.0,0,0,0,1.0,0.0
CoderEval-Python-Qwen2.5-Coder-7B-FP,Qwen2.5-Coder-7B,FP,62ece4992e6aefcf4aabbd7a,2.0,0,0,0,1.0,0.0
CoderEval-Python-Qwen2.5-Coder-7B-FP,Qwen2.5-Coder-7B,FP,62ece4992e6aefcf4aabbd7b,6.0,0,0,0,3.0,2.0
CoderEval-Python-Qwen2.5-Coder-7B-FP,Qwen2.5-Coder-7B,FP,62ece4992e6aefcf4aabbd7c,0.0,0,0,0,0.0,0.0
CoderEval-Python-Qwen2.5-Coder-7B-FP,Qwen2.5-Coder-7B,FP,62ece4992e6aefcf4aabbd7d,8.0,0,0,0,2.0,2.0
CoderEval-Python-Qwen2.5-Coder-7B-FP,Qwen2.5-Coder-7B,FP,62ece4992e6aefcf4aabbd7e,7.0,0,0,0,2.0,2.0
CoderEval-Python-Qwen2.5-Coder-7B-FP,Qwen2.5-Coder-7B,FP,62ece4992e6aefcf4aabbd7f,12.0,0,0,0,3.0,2.0
CoderEval-Python-Qwen2.5-Coder-7B-FP,Qwen2.5-Coder-7B,FP,62ece4992e6aefcf4aabbd8a,2.0,0,1,0,1.0,0.0
CoderEval-Python-Qwen2.5-Coder-7B-FP,Qwen2.5-Coder-7B,FP,62ece4992e6aefcf4aabbd8b,5.0,0,0,0,2.0,2.0
CoderEval-Python-Qwen2.5-Coder-7B-FP,Qwen2.5-Coder-7B,FP,6305f9991d275c6667163c50,8.0,0,0,0,3.0,2.0
CoderEval-Python-Qwen2.5-Coder-7B-FP,Qwen2.5-Coder-7B,FP,6306091073426c38ae68acac,7.0,0,0,0,3.0,4.0
CoderEval-Python-Qwen2.5-Coder-7B-FP,Qwen2.5-Coder-7B,FP,6306091a73426c38ae68acc8,0.0,0,0,0,0.0,0.0
CoderEval-Python-Qwen2.5-Coder-7B-FP,Qwen2.5-Coder-7B,FP,6306092973426c38ae68ad01,0.0,0,0,0,0.0,0.0
CoderEval-Python-Qwen2.5-Coder-7B-FP,Qwen2.5-Coder-7B,FP,6306092c73426c38ae68ad02,0.0,0,0,0,0.0,0.0
CoderEval-Python-Qwen2.5-Coder-7B-FP,Qwen2.5-Coder-7B,FP,6306092d73426c38ae68ad04,0.0,0,0,0,0.0,0.0
CoderEval-Python-Qwen2.5-Coder-7B-FP,Qwen2.5-Coder-7B,FP,6306092d73426c38ae68ad05,0.0,0,0,0,0.0,0.0
CoderEval-Python-Qwen2.5-Coder-7B-FP,Qwen2.5-Coder-7B,FP,6306092d73426c38ae68ad06,0.0,0,0,0,0.0,0.0
CoderEval-Python-Qwen2.5-Coder-7B-FP,Qwen2.5-Coder-7B,FP,6306092d73426c38ae68ad08,10.0,0,0,0,4.0,6.0
CoderEval-Python-Qwen2.5-Coder-7B-FP,Qwen2.5-Coder-7B,FP,6306092e73426c38ae68ad0d,0.0,0,0,0,0.0,0.0
CoderEval-Python-Qwen2.5-Coder-7B-FP,Qwen2.5-Coder-7B,FP,6306092e73426c38ae68ad0f,0.0,0,0,0,0.0,0.0
CoderEval-Python-Qwen2.5-Coder-7B-FP,Qwen2.5-Coder-7B,FP,6306092f73426c38ae68ad13,0.0,0,0,0,0.0,0.0
CoderEval-Python-Qwen2.5-Coder-7B-FP,Qwen2.5-Coder-7B,FP,6306093273426c38ae68ad15,0.0,0,0,0,0.0,0.0
CoderEval-Python-Qwen2.5-Coder-7B-FP,Qwen2.5-Coder-7B,FP,63060ada73426c38ae68ad31,0.0,0,0,0,0.0,0.0
CoderEval-Python-Qwen2.5-Coder-7B-FP,Qwen2.5-Coder-7B,FP,63060b1a73426c38ae68ad3e,0.0,0,0,0,0.0,0.0
CoderEval-Python-Qwen2.5-Coder-7B-FP,Qwen2.5-Coder-7B,FP,63060b1b73426c38ae68ad42,3.0,0,0,0,2.0,1.0
CoderEval-Python-Qwen2.5-Coder-7B-FP,Qwen2.5-Coder-7B,FP,6306292052e177c0ba469f09,0.0,0,0,0,0.0,0.0
CoderEval-Python-Qwen2.5-Coder-7B-FP,Qwen2.5-Coder-7B,FP,6306292152e177c0ba469f0d,5.0,0,0,0,3.0,3.0
CoderEval-Python-Qwen2.5-Coder-7B-FP,Qwen2.5-Coder-7B,FP,6306292252e177c0ba469f11,2.0,0,2,0,1.0,0.0
CoderEval-Python-Qwen2.5-Coder-7B-FP,Qwen2.5-Coder-7B,FP,6306292352e177c0ba469f1d,0.0,0,0,0,0.0,0.0
CoderEval-Python-Qwen2.5-Coder-7B-FP,Qwen2.5-Coder-7B,FP,6306292352e177c0ba469f1e,4.0,0,0,0,1.0,0.0
CoderEval-Python-Qwen2.5-Coder-7B-FP,Qwen2.5-Coder-7B,FP,6306292652e177c0ba469f34,0.0,0,0,0,0.0,0.0
CoderEval-Python-Qwen2.5-Coder-7B-FP,Qwen2.5-Coder-7B,FP,6306292a52e177c0ba469f41,0.0,0,0,0,0.0,0.0
CoderEval-Python-Qwen2.5-Coder-7B-FP,Qwen2.5-Coder-7B,FP,6306298b52e177c0ba469fdc,8.0,0,0,0,3.0,4.0
CoderEval-Python-Qwen2.5-Coder-7B-FP,Qwen2.5-Coder-7B,FP,6306299052e177c0ba469fe8,5.0,0,0,0,2.0,2.0
CoderEval-Python-Qwen2.5-Coder-7B-FP,Qwen2.5-Coder-7B,FP,630629b952e177c0ba46a043,10.0,0,0,0,2.0,2.0
CoderEval-Python-Qwen2.5-Coder-7B-FP,Qwen2.5-Coder-7B,FP,630629d052e177c0ba46a0a1,10.0,0,0,0,3.0,3.0
CoderEval-Python-Qwen2.5-Coder-7B-FP,Qwen2.5-Coder-7B,FP,630629e052e177c0ba46a0c4,0.0,0,0,0,0.0,0.0
CoderEval-Python-Qwen2.5-Coder-7B-FP,Qwen2.5-Coder-7B,FP,630629e152e177c0ba46a0d1,2.0,0,2,0,1.0,0.0
CoderEval-Python-Qwen2.5-Coder-7B-FP,Qwen2.5-Coder-7B,FP,630629e152e177c0ba46a0d2,2.0,0,1,0,1.0,0.0
CoderEval-Python-Qwen2.5-Coder-7B-FP,Qwen2.5-Coder-7B,FP,630629e252e177c0ba46a0d6,0.0,0,0,0,0.0,0.0
CoderEval-Python-Qwen2.5-Coder-7B-FP,Qwen2.5-Coder-7B,FP,630629e752e177c0ba46a0fb,10.0,0,0,0,2.0,2.0
CoderEval-Python-Qwen2.5-Coder-7B-GGUF,Qwen2.5-Coder-7B,GGUF,62b438a266fea644fe22cc2d,8.0,0,0,0,2.0,1.0
CoderEval-Python-Qwen2.5-Coder-7B-GGUF,Qwen2.5-Coder-7B,GGUF,62b438a266fea644fe22cc2e,6.0,0,1,0,2.0,1.0
CoderEval-Python-Qwen2.5-Coder-7B-GGUF,Qwen2.5-Coder-7B,GGUF,62b438b666fea644fe22cc72,2.0,0,0,0,1.0,0.0
CoderEval-Python-Qwen2.5-Coder-7B-GGUF,Qwen2.5-Coder-7B,GGUF,62b438b666fea644fe22cc78,6.0,0,0,0,2.0,1.0
CoderEval-Python-Qwen2.5-Coder-7B-GGUF,Qwen2.5-Coder-7B,GGUF,62b45665d7d32e5b55cc8364,8.0,0,0,0,2.0,1.0
CoderEval-Python-Qwen2.5-Coder-7B-GGUF,Qwen2.5-Coder-7B,GGUF,62b45665d7d32e5b55cc8365,7.0,0,0,0,3.0,3.0
CoderEval-Python-Qwen2.5-Coder-7B-GGUF,Qwen2.5-Coder-7B,GGUF,62b45679d7d32e5b55cc83a9,2.0,0,0,0,1.0,0.0
CoderEval-Python-Qwen2.5-Coder-7B-GGUF,Qwen2.5-Coder-7B,GGUF,62b4567ad7d32e5b55cc83af,6.0,0,0,0,2.0,1.0
CoderEval-Python-Qwen2.5-Coder-7B-GGUF,Qwen2.5-Coder-7B,GGUF,62b4567ed7d32e5b55cc83d9,10.0,0,0,0,6.0,8.0
CoderEval-Python-Qwen2.5-Coder-7B-GGUF,Qwen2.5-Coder-7B,GGUF,62b45df05108cfac7f2109ce,11.0,0,1,0,5.0,10.0
CoderEval-Python-Qwen2.5-Coder-7B-GGUF,Qwen2.5-Coder-7B,GGUF,62b45df15108cfac7f2109dc,2.0,0,0,0,1.0,0.0
CoderEval-Python-Qwen2.5-Coder-7B-GGUF,Qwen2.5-Coder-7B,GGUF,62b45df15108cfac7f2109dd,1.0,1,0,0,0.0,0.0
CoderEval-Python-Qwen2.5-Coder-7B-GGUF,Qwen2.5-Coder-7B,GGUF,62b45e145108cfac7f210a07,23.0,0,1,0,11.0,17.0
CoderEval-Python-Qwen2.5-Coder-7B-GGUF,Qwen2.5-Coder-7B,GGUF,62b45e145108cfac7f210a09,9.0,0,0,0,4.0,7.0
CoderEval-Python-Qwen2.5-Coder-7B-GGUF,Qwen2.5-Coder-7B,GGUF,62b45e165108cfac7f210a16,9.0,0,0,0,6.0,6.0
CoderEval-Python-Qwen2.5-Coder-7B-GGUF,Qwen2.5-Coder-7B,GGUF,62b45e165108cfac7f210a17,5.0,0,0,0,2.0,1.0
CoderEval-Python-Qwen2.5-Coder-7B-GGUF,Qwen2.5-Coder-7B,GGUF,62b45e175108cfac7f210a19,21.0,0,0,0,8.0,10.0
CoderEval-Python-Qwen2.5-Coder-7B-GGUF,Qwen2.5-Coder-7B,GGUF,62b45e21e0d4551b0392c8ed,10.0,0,0,0,2.0,4.0
CoderEval-Python-Qwen2.5-Coder-7B-GGUF,Qwen2.5-Coder-7B,GGUF,62b45e23e0d4551b0392c90a,14.0,0,0,0,7.0,13.0
CoderEval-Python-Qwen2.5-Coder-7B-GGUF,Qwen2.5-Coder-7B,GGUF,62b45e2eb89c9fd354170232,8.0,0,0,0,3.0,3.0
CoderEval-Python-Qwen2.5-Coder-7B-GGUF,Qwen2.5-Coder-7B,GGUF,62b45e515108cfac7f210a3c,10.0,0,0,0,2.0,1.0
CoderEval-Python-Qwen2.5-Coder-7B-GGUF,Qwen2.5-Coder-7B,GGUF,62b45e945108cfac7f210a4a,14.0,0,0,0,7.0,13.0
CoderEval-Python-Qwen2.5-Coder-7B-GGUF,Qwen2.5-Coder-7B,GGUF,62b463153879012d19481498,3.0,0,0,0,2.0,0.0
CoderEval-Python-Qwen2.5-Coder-7B-GGUF,Qwen2.5-Coder-7B,GGUF,62b463153879012d1948149a,5.0,0,1,0,3.0,1.0
CoderEval-Python-Qwen2.5-Coder-7B-GGUF,Qwen2.5-Coder-7B,GGUF,62b463153879012d1948149b,4.0,0,0,0,2.0,1.0
CoderEval-Python-Qwen2.5-Coder-7B-GGUF,Qwen2.5-Coder-7B,GGUF,62b463153879012d1948149c,2.0,0,0,0,2.0,0.0
CoderEval-Python-Qwen2.5-Coder-7B-GGUF,Qwen2.5-Coder-7B,GGUF,62b463153879012d1948149d,4.0,0,0,0,1.0,0.0
CoderEval-Python-Qwen2.5-Coder-7B-GGUF,Qwen2.5-Coder-7B,GGUF,62b463153879012d1948149f,11.0,0,0,0,4.0,3.0
CoderEval-Python-Qwen2.5-Coder-7B-GGUF,Qwen2.5-Coder-7B,GGUF,62b463153879012d194814a1,1.0,0,0,0,0.0,0.0
CoderEval-Python-Qwen2.5-Coder-7B-GGUF,Qwen2.5-Coder-7B,GGUF,62b463163879012d194814a2,1.0,0,0,0,0.0,0.0
CoderEval-Python-Qwen2.5-Coder-7B-GGUF,Qwen2.5-Coder-7B,GGUF,62b463163879012d194814a4,16.0,0,0,0,5.0,7.0
CoderEval-Python-Qwen2.5-Coder-7B-GGUF,Qwen2.5-Coder-7B,GGUF,62b463163879012d194814a6,4.0,0,0,0,1.0,0.0
CoderEval-Python-Qwen2.5-Coder-7B-GGUF,Qwen2.5-Coder-7B,GGUF,62b4631b3879012d194814dd,2.0,0,0,0,1.0,0.0
CoderEval-Python-Qwen2.5-Coder-7B-GGUF,Qwen2.5-Coder-7B,GGUF,62b463283879012d1948153d,6.0,0,0,0,3.0,3.0
CoderEval-Python-Qwen2.5-Coder-7B-GGUF,Qwen2.5-Coder-7B,GGUF,62b463303879012d19481579,11.0,0,0,0,4.0,7.0
CoderEval-Python-Qwen2.5-Coder-7B-GGUF,Qwen2.5-Coder-7B,GGUF,62b46740d2f69a53b466171a,4.0,0,0,0,3.0,2.0
CoderEval-Python-Qwen2.5-Coder-7B-GGUF,Qwen2.5-Coder-7B,GGUF,62b46746d2f69a53b4661722,8.0,0,0,0,3.0,4.0
CoderEval-Python-Qwen2.5-Coder-7B-GGUF,Qwen2.5-Coder-7B,GGUF,62b86707b4d922cb0e688c2a,9.0,0,0,0,4.0,2.0
CoderEval-Python-Qwen2.5-Coder-7B-GGUF,Qwen2.5-Coder-7B,GGUF,62b86729b4d922cb0e688c2f,19.0,0,1,0,1.0,0.0
CoderEval-Python-Qwen2.5-Coder-7B-GGUF,Qwen2.5-Coder-7B,GGUF,62b869eab4d922cb0e688cbf,33.0,0,1,0,1.0,0.0
CoderEval-Python-Qwen2.5-Coder-7B-GGUF,Qwen2.5-Coder-7B,GGUF,62b869eab4d922cb0e688cc5,15.0,0,0,0,5.0,12.0
CoderEval-Python-Qwen2.5-Coder-7B-GGUF,Qwen2.5-Coder-7B,GGUF,62b869ebb4d922cb0e688cc6,23.0,0,1,0,6.0,17.0
CoderEval-Python-Qwen2.5-Coder-7B-GGUF,Qwen2.5-Coder-7B,GGUF,62b86a01b4d922cb0e688ccc,12.0,0,0,0,5.0,9.0
CoderEval-Python-Qwen2.5-Coder-7B-GGUF,Qwen2.5-Coder-7B,GGUF,62b86a4fb4d922cb0e688cf7,4.0,0,1,0,1.0,0.0
CoderEval-Python-Qwen2.5-Coder-7B-GGUF,Qwen2.5-Coder-7B,GGUF,62b86a4fb4d922cb0e688cf8,13.0,0,0,0,2.0,4.0
CoderEval-Python-Qwen2.5-Coder-7B-GGUF,Qwen2.5-Coder-7B,GGUF,62b86a9eb4d922cb0e688d25,3.0,0,0,0,1.0,0.0
CoderEval-Python-Qwen2.5-Coder-7B-GGUF,Qwen2.5-Coder-7B,GGUF,62b86aa3b4d922cb0e688d36,4.0,0,0,0,2.0,1.0
CoderEval-Python-Qwen2.5-Coder-7B-GGUF,Qwen2.5-Coder-7B,GGUF,62b87af09a0c4fa8b80b34f1,4.0,0,0,0,2.0,1.0
CoderEval-Python-Qwen2.5-Coder-7B-GGUF,Qwen2.5-Coder-7B,GGUF,62b87af19a0c4fa8b80b34f7,10.0,0,0,0,5.0,6.0
CoderEval-Python-Qwen2.5-Coder-7B-GGUF,Qwen2.5-Coder-7B,GGUF,62b87af69a0c4fa8b80b351a,2.0,0,0,0,2.0,1.0
CoderEval-Python-Qwen2.5-Coder-7B-GGUF,Qwen2.5-Coder-7B,GGUF,62b87af99a0c4fa8b80b3524,2.0,0,0,0,1.0,0.0
CoderEval-Python-Qwen2.5-Coder-7B-GGUF,Qwen2.5-Coder-7B,GGUF,62b87b099a0c4fa8b80b3538,2.0,0,0,0,2.0,1.0
CoderEval-Python-Qwen2.5-Coder-7B-GGUF,Qwen2.5-Coder-7B,GGUF,62b87b199a0c4fa8b80b354c,5.0,0,1,0,2.0,2.0
CoderEval-Python-Qwen2.5-Coder-7B-GGUF,Qwen2.5-Coder-7B,GGUF,62b87b199a0c4fa8b80b354e,2.0,0,0,0,1.0,0.0
CoderEval-Python-Qwen2.5-Coder-7B-GGUF,Qwen2.5-Coder-7B,GGUF,62b87b4f9a0c4fa8b80b3580,3.0,0,0,0,1.0,0.0
CoderEval-Python-Qwen2.5-Coder-7B-GGUF,Qwen2.5-Coder-7B,GGUF,62b87b4f9a0c4fa8b80b3581,12.0,0,0,0,5.0,8.0
CoderEval-Python-Qwen2.5-Coder-7B-GGUF,Qwen2.5-Coder-7B,GGUF,62b87b519a0c4fa8b80b3583,13.0,0,0,0,6.0,11.0
CoderEval-Python-Qwen2.5-Coder-7B-GGUF,Qwen2.5-Coder-7B,GGUF,62b87b7e9a0c4fa8b80b35bc,14.0,0,0,0,8.0,11.0
CoderEval-Python-Qwen2.5-Coder-7B-GGUF,Qwen2.5-Coder-7B,GGUF,62b87b839a0c4fa8b80b35cb,2.0,0,0,0,2.0,0.0
CoderEval-Python-Qwen2.5-Coder-7B-GGUF,Qwen2.5-Coder-7B,GGUF,62b87b859a0c4fa8b80b35d7,9.0,0,0,0,3.0,2.0
CoderEval-Python-Qwen2.5-Coder-7B-GGUF,Qwen2.5-Coder-7B,GGUF,62b87b869a0c4fa8b80b35e1,37.0,0,1,0,9.0,14.0
CoderEval-Python-Qwen2.5-Coder-7B-GGUF,Qwen2.5-Coder-7B,GGUF,62b87b989a0c4fa8b80b35ee,2.0,0,0,0,0.0,0.0
CoderEval-Python-Qwen2.5-Coder-7B-GGUF,Qwen2.5-Coder-7B,GGUF,62b87d23d292efb640a55667,6.0,0,0,0,2.0,0.0
CoderEval-Python-Qwen2.5-Coder-7B-GGUF,Qwen2.5-Coder-7B,GGUF,62b87d23d292efb640a55668,14.0,0,0,0,1.0,0.0
CoderEval-Python-Qwen2.5-Coder-7B-GGUF,Qwen2.5-Coder-7B,GGUF,62b87d23d292efb640a5566b,17.0,0,0,0,7.0,10.0
CoderEval-Python-Qwen2.5-Coder-7B-GGUF,Qwen2.5-Coder-7B,GGUF,62b87d24d292efb640a55670,6.0,0,0,0,1.0,1.0
CoderEval-Python-Qwen2.5-Coder-7B-GGUF,Qwen2.5-Coder-7B,GGUF,62b87d24d292efb640a5566d,6.0,0,0,0,2.0,2.0
CoderEval-Python-Qwen2.5-Coder-7B-GGUF,Qwen2.5-Coder-7B,GGUF,62b87d24d292efb640a5566f,9.0,0,0,0,2.0,4.0
CoderEval-Python-Qwen2.5-Coder-7B-GGUF,Qwen2.5-Coder-7B,GGUF,62b89640755ee91dce50a114,6.0,0,0,0,3.0,4.0
CoderEval-Python-Qwen2.5-Coder-7B-GGUF,Qwen2.5-Coder-7B,GGUF,62b8982f755ee91dce50a241,9.0,0,0,0,1.0,0.0
CoderEval-Python-Qwen2.5-Coder-7B-GGUF,Qwen2.5-Coder-7B,GGUF,62b8a4a4755ee91dce50a3d2,2.0,0,0,0,1.0,0.0
CoderEval-Python-Qwen2.5-Coder-7B-GGUF,Qwen2.5-Coder-7B,GGUF,62b8a7b2755ee91dce50a4a7,5.0,0,0,0,2.0,1.0
CoderEval-Python-Qwen2.5-Coder-7B-GGUF,Qwen2.5-Coder-7B,GGUF,62b8b3d4eb7e40a82d2d110d,2.0,0,0,0,1.0,0.0
CoderEval-Python-Qwen2.5-Coder-7B-GGUF,Qwen2.5-Coder-7B,GGUF,62b8b3d4eb7e40a82d2d110e,3.0,0,0,0,2.0,1.0
CoderEval-Python-Qwen2.5-Coder-7B-GGUF,Qwen2.5-Coder-7B,GGUF,62b8b3d4eb7e40a82d2d110f,1.0,1,0,0,0.0,0.0
CoderEval-Python-Qwen2.5-Coder-7B-GGUF,Qwen2.5-Coder-7B,GGUF,62b8b3d5eb7e40a82d2d1110,5.0,2,0,0,0.0,1.0
CoderEval-Python-Qwen2.5-Coder-7B-GGUF,Qwen2.5-Coder-7B,GGUF,62b8b3d6eb7e40a82d2d111c,11.0,0,0,0,4.0,6.0
CoderEval-Python-Qwen2.5-Coder-7B-GGUF,Qwen2.5-Coder-7B,GGUF,62b8b416eb7e40a82d2d1129,5.0,0,0,0,5.0,3.0
CoderEval-Python-Qwen2.5-Coder-7B-GGUF,Qwen2.5-Coder-7B,GGUF,62b8b4b9eb7e40a82d2d1134,5.0,0,1,0,3.0,2.0
CoderEval-Python-Qwen2.5-Coder-7B-GGUF,Qwen2.5-Coder-7B,GGUF,62b8b4baeb7e40a82d2d1136,16.0,0,1,0,9.0,8.0
CoderEval-Python-Qwen2.5-Coder-7B-GGUF,Qwen2.5-Coder-7B,GGUF,62b8b4baeb7e40a82d2d1137,21.0,0,2,0,12.0,14.0
CoderEval-Python-Qwen2.5-Coder-7B-GGUF,Qwen2.5-Coder-7B,GGUF,62b8b4c1eb7e40a82d2d1139,5.0,0,1,0,2.0,2.0
CoderEval-Python-Qwen2.5-Coder-7B-GGUF,Qwen2.5-Coder-7B,GGUF,62b8b559eb7e40a82d2d11f6,7.0,0,1,0,4.0,4.0
CoderEval-Python-Qwen2.5-Coder-7B-GGUF,Qwen2.5-Coder-7B,GGUF,62b8b559eb7e40a82d2d11f8,7.0,0,1,0,6.0,7.0
CoderEval-Python-Qwen2.5-Coder-7B-GGUF,Qwen2.5-Coder-7B,GGUF,62b8b58deb7e40a82d2d1269,1.0,0,0,0,0.0,0.0
CoderEval-Python-Qwen2.5-Coder-7B-GGUF,Qwen2.5-Coder-7B,GGUF,62b8b590eb7e40a82d2d1275,7.0,0,1,0,4.0,6.0
CoderEval-Python-Qwen2.5-Coder-7B-GGUF,Qwen2.5-Coder-7B,GGUF,62b8b59feb7e40a82d2d1291,1.0,1,0,0,0.0,0.0
CoderEval-Python-Qwen2.5-Coder-7B-GGUF,Qwen2.5-Coder-7B,GGUF,62b8d22548ba5a41d1c3f472,17.0,0,0,0,6.0,3.0
CoderEval-Python-Qwen2.5-Coder-7B-GGUF,Qwen2.5-Coder-7B,GGUF,62b8d22948ba5a41d1c3f47c,1.0,1,0,0,0.0,0.0
CoderEval-Python-Qwen2.5-Coder-7B-GGUF,Qwen2.5-Coder-7B,GGUF,62b8d22a48ba5a41d1c3f47d,13.0,0,0,0,3.0,3.0
CoderEval-Python-Qwen2.5-Coder-7B-GGUF,Qwen2.5-Coder-7B,GGUF,62b8d22a48ba5a41d1c3f47e,6.0,0,0,0,2.0,2.0
CoderEval-Python-Qwen2.5-Coder-7B-GGUF,Qwen2.5-Coder-7B,GGUF,62b8d22f48ba5a41d1c3f488,7.0,0,0,0,2.0,1.0
CoderEval-Python-Qwen2.5-Coder-7B-GGUF,Qwen2.5-Coder-7B,GGUF,62b8d23748ba5a41d1c3f496,29.0,0,0,0,7.0,5.0
CoderEval-Python-Qwen2.5-Coder-7B-GGUF,Qwen2.5-Coder-7B,GGUF,62b8d23748ba5a41d1c3f497,6.0,0,0,0,2.0,1.0
CoderEval-Python-Qwen2.5-Coder-7B-GGUF,Qwen2.5-Coder-7B,GGUF,62b8d23948ba5a41d1c3f498,3.0,0,0,0,1.0,0.0
CoderEval-Python-Qwen2.5-Coder-7B-GGUF,Qwen2.5-Coder-7B,GGUF,62b8d23a48ba5a41d1c3f499,2.0,0,0,0,1.0,0.0
CoderEval-Python-Qwen2.5-Coder-7B-GGUF,Qwen2.5-Coder-7B,GGUF,62b8d23b48ba5a41d1c3f49a,26.0,0,0,0,6.0,8.0
CoderEval-Python-Qwen2.5-Coder-7B-GGUF,Qwen2.5-Coder-7B,GGUF,62b8d23c48ba5a41d1c3f49b,2.0,0,0,0,1.0,0.0
CoderEval-Python-Qwen2.5-Coder-7B-GGUF,Qwen2.5-Coder-7B,GGUF,62b8d23e48ba5a41d1c3f49e,8.0,0,0,0,2.0,1.0
CoderEval-Python-Qwen2.5-Coder-7B-GGUF,Qwen2.5-Coder-7B,GGUF,62b8d24048ba5a41d1c3f49f,27.0,0,0,0,7.0,6.0
CoderEval-Python-Qwen2.5-Coder-7B-GGUF,Qwen2.5-Coder-7B,GGUF,62b8d27a48ba5a41d1c3f4c6,19.0,0,0,0,6.0,5.0
CoderEval-Python-Qwen2.5-Coder-7B-GGUF,Qwen2.5-Coder-7B,GGUF,62e4fb4d85ea9864308902e7,9.0,0,0,0,4.0,5.0
CoderEval-Python-Qwen2.5-Coder-7B-GGUF,Qwen2.5-Coder-7B,GGUF,62e4fb6585ea98643089032b,2.0,0,0,0,1.0,0.0
CoderEval-Python-Qwen2.5-Coder-7B-GGUF,Qwen2.5-Coder-7B,GGUF,62e4fbda85ea986430890403,6.0,0,0,0,1.0,0.0
CoderEval-Python-Qwen2.5-Coder-7B-GGUF,Qwen2.5-Coder-7B,GGUF,62e4fbda85ea986430890405,20.0,0,1,0,5.0,5.0
CoderEval-Python-Qwen2.5-Coder-7B-GGUF,Qwen2.5-Coder-7B,GGUF,62e5dc9ed76274f8a4026b5b,10.0,0,0,0,3.0,0.0
CoderEval-Python-Qwen2.5-Coder-7B-GGUF,Qwen2.5-Coder-7B,GGUF,62e60707d76274f8a4026b69,15.0,0,1,0,7.0,6.0
CoderEval-Python-Qwen2.5-Coder-7B-GGUF,Qwen2.5-Coder-7B,GGUF,62e60723d76274f8a4026b75,2.0,0,0,0,1.0,0.0
CoderEval-Python-Qwen2.5-Coder-7B-GGUF,Qwen2.5-Coder-7B,GGUF,62e60879d76274f8a4026bec,4.0,0,0,0,1.0,0.0
CoderEval-Python-Qwen2.5-Coder-7B-GGUF,Qwen2.5-Coder-7B,GGUF,62e6087ad76274f8a4026bf2,2.0,0,0,0,1.0,0.0
CoderEval-Python-Qwen2.5-Coder-7B-GGUF,Qwen2.5-Coder-7B,GGUF,62e6087bd76274f8a4026bfa,1.0,1,0,0,0.0,0.0
CoderEval-Python-Qwen2.5-Coder-7B-GGUF,Qwen2.5-Coder-7B,GGUF,62e60b10d76274f8a4026ccd,2.0,0,0,0,1.0,0.0
CoderEval-Python-Qwen2.5-Coder-7B-GGUF,Qwen2.5-Coder-7B,GGUF,62e60da4d76274f8a4026cf1,1.0,1,0,0,1.0,0.0
CoderEval-Python-Qwen2.5-Coder-7B-GGUF,Qwen2.5-Coder-7B,GGUF,62e60e05d76274f8a4026cfd,1.0,1,0,0,0.0,0.0
CoderEval-Python-Qwen2.5-Coder-7B-GGUF,Qwen2.5-Coder-7B,GGUF,62e60e49d76274f8a4026d25,6.0,0,0,0,2.0,0.0
CoderEval-Python-Qwen2.5-Coder-7B-GGUF,Qwen2.5-Coder-7B,GGUF,62e60ed4d76274f8a4026da0,1.0,1,0,0,0.0,0.0
CoderEval-Python-Qwen2.5-Coder-7B-GGUF,Qwen2.5-Coder-7B,GGUF,62e60f33d76274f8a4026de9,7.0,0,0,0,2.0,3.0
CoderEval-Python-Qwen2.5-Coder-7B-GGUF,Qwen2.5-Coder-7B,GGUF,62e60f37d76274f8a4026dfd,16.0,0,0,0,4.0,0.0
CoderEval-Python-Qwen2.5-Coder-7B-GGUF,Qwen2.5-Coder-7B,GGUF,62e60f3bd76274f8a4026e10,8.0,0,0,0,2.0,0.0
CoderEval-Python-Qwen2.5-Coder-7B-GGUF,Qwen2.5-Coder-7B,GGUF,62e60f43d76274f8a4026e28,14.0,0,0,0,2.0,1.0
CoderEval-Python-Qwen2.5-Coder-7B-GGUF,Qwen2.5-Coder-7B,GGUF,62ece4982e6aefcf4aabbd60,12.0,0,0,0,2.0,5.0
CoderEval-Python-Qwen2.5-Coder-7B-GGUF,Qwen2.5-Coder-7B,GGUF,62ece4982e6aefcf4aabbd61,9.0,0,0,0,4.0,7.0
CoderEval-Python-Qwen2.5-Coder-7B-GGUF,Qwen2.5-Coder-7B,GGUF,62ece4982e6aefcf4aabbd62,0.0,0,0,0,0.0,0.0
CoderEval-Python-Qwen2.5-Coder-7B-GGUF,Qwen2.5-Coder-7B,GGUF,62ece4982e6aefcf4aabbd63,2.0,0,0,0,2.0,1.0
CoderEval-Python-Qwen2.5-Coder-7B-GGUF,Qwen2.5-Coder-7B,GGUF,62ece4982e6aefcf4aabbd64,4.0,0,0,0,2.0,1.0
CoderEval-Python-Qwen2.5-Coder-7B-GGUF,Qwen2.5-Coder-7B,GGUF,62ece4982e6aefcf4aabbd65,2.0,0,0,0,2.0,0.0
CoderEval-Python-Qwen2.5-Coder-7B-GGUF,Qwen2.5-Coder-7B,GGUF,62ece4982e6aefcf4aabbd66,9.0,0,0,0,3.0,3.0
CoderEval-Python-Qwen2.5-Coder-7B-GGUF,Qwen2.5-Coder-7B,GGUF,62ece4982e6aefcf4aabbd67,9.0,0,0,0,2.0,1.0
CoderEval-Python-Qwen2.5-Coder-7B-GGUF,Qwen2.5-Coder-7B,GGUF,62ece4982e6aefcf4aabbd69,2.0,0,0,0,0.0,0.0
CoderEval-Python-Qwen2.5-Coder-7B-GGUF,Qwen2.5-Coder-7B,GGUF,62ece4982e6aefcf4aabbd70,3.0,0,0,0,1.0,0.0
CoderEval-Python-Qwen2.5-Coder-7B-GGUF,Qwen2.5-Coder-7B,GGUF,62ece4982e6aefcf4aabbd71,3.0,0,0,0,1.0,0.0
CoderEval-Python-Qwen2.5-Coder-7B-GGUF,Qwen2.5-Coder-7B,GGUF,62ece4982e6aefcf4aabbd72,3.0,0,0,0,1.0,0.0
CoderEval-Python-Qwen2.5-Coder-7B-GGUF,Qwen2.5-Coder-7B,GGUF,62ece4982e6aefcf4aabbd73,10.0,0,0,0,3.0,4.0
CoderEval-Python-Qwen2.5-Coder-7B-GGUF,Qwen2.5-Coder-7B,GGUF,62ece4982e6aefcf4aabbd74,29.0,0,0,0,5.0,7.0
CoderEval-Python-Qwen2.5-Coder-7B-GGUF,Qwen2.5-Coder-7B,GGUF,62ece4982e6aefcf4aabbd76,2.0,0,0,0,1.0,0.0
CoderEval-Python-Qwen2.5-Coder-7B-GGUF,Qwen2.5-Coder-7B,GGUF,62ece4982e6aefcf4aabbd77,19.0,0,0,0,4.0,8.0
CoderEval-Python-Qwen2.5-Coder-7B-GGUF,Qwen2.5-Coder-7B,GGUF,62ece4982e6aefcf4aabbd5f,3.0,0,0,0,2.0,1.0
CoderEval-Python-Qwen2.5-Coder-7B-GGUF,Qwen2.5-Coder-7B,GGUF,62ece4982e6aefcf4aabbd6a,2.0,0,0,0,1.0,0.0
CoderEval-Python-Qwen2.5-Coder-7B-GGUF,Qwen2.5-Coder-7B,GGUF,62ece4982e6aefcf4aabbd6b,3.0,1,0,0,1.0,0.0
CoderEval-Python-Qwen2.5-Coder-7B-GGUF,Qwen2.5-Coder-7B,GGUF,62ece4982e6aefcf4aabbd6f,14.0,0,0,0,1.0,0.0
CoderEval-Python-Qwen2.5-Coder-7B-GGUF,Qwen2.5-Coder-7B,GGUF,62ece4992e6aefcf4aabbd78,3.0,0,0,0,1.0,0.0
CoderEval-Python-Qwen2.5-Coder-7B-GGUF,Qwen2.5-Coder-7B,GGUF,62ece4992e6aefcf4aabbd79,3.0,0,0,0,2.0,1.0
CoderEval-Python-Qwen2.5-Coder-7B-GGUF,Qwen2.5-Coder-7B,GGUF,62ece4992e6aefcf4aabbd80,5.0,0,0,0,4.0,2.0
CoderEval-Python-Qwen2.5-Coder-7B-GGUF,Qwen2.5-Coder-7B,GGUF,62ece4992e6aefcf4aabbd82,5.0,0,0,0,2.0,1.0
CoderEval-Python-Qwen2.5-Coder-7B-GGUF,Qwen2.5-Coder-7B,GGUF,62ece4992e6aefcf4aabbd83,18.0,0,0,0,6.0,7.0
CoderEval-Python-Qwen2.5-Coder-7B-GGUF,Qwen2.5-Coder-7B,GGUF,62ece4992e6aefcf4aabbd84,10.0,0,0,0,4.0,4.0
CoderEval-Python-Qwen2.5-Coder-7B-GGUF,Qwen2.5-Coder-7B,GGUF,62ece4992e6aefcf4aabbd85,11.0,0,0,0,4.0,4.0
CoderEval-Python-Qwen2.5-Coder-7B-GGUF,Qwen2.5-Coder-7B,GGUF,62ece4992e6aefcf4aabbd86,5.0,0,0,0,2.0,1.0
CoderEval-Python-Qwen2.5-Coder-7B-GGUF,Qwen2.5-Coder-7B,GGUF,62ece4992e6aefcf4aabbd87,10.0,0,0,0,3.0,2.0
CoderEval-Python-Qwen2.5-Coder-7B-GGUF,Qwen2.5-Coder-7B,GGUF,62ece4992e6aefcf4aabbd88,3.0,0,0,0,1.0,0.0
CoderEval-Python-Qwen2.5-Coder-7B-GGUF,Qwen2.5-Coder-7B,GGUF,62ece4992e6aefcf4aabbd7a,3.0,0,0,0,1.0,0.0
CoderEval-Python-Qwen2.5-Coder-7B-GGUF,Qwen2.5-Coder-7B,GGUF,62ece4992e6aefcf4aabbd7b,6.0,0,0,0,3.0,2.0
CoderEval-Python-Qwen2.5-Coder-7B-GGUF,Qwen2.5-Coder-7B,GGUF,62ece4992e6aefcf4aabbd7c,2.0,0,0,0,1.0,0.0
CoderEval-Python-Qwen2.5-Coder-7B-GGUF,Qwen2.5-Coder-7B,GGUF,62ece4992e6aefcf4aabbd7d,11.0,0,0,0,2.0,1.0
CoderEval-Python-Qwen2.5-Coder-7B-GGUF,Qwen2.5-Coder-7B,GGUF,62ece4992e6aefcf4aabbd7e,8.0,0,0,0,4.0,3.0
CoderEval-Python-Qwen2.5-Coder-7B-GGUF,Qwen2.5-Coder-7B,GGUF,62ece4992e6aefcf4aabbd7f,8.0,0,0,0,1.0,0.0
CoderEval-Python-Qwen2.5-Coder-7B-GGUF,Qwen2.5-Coder-7B,GGUF,62ece4992e6aefcf4aabbd8a,34.0,0,1,0,13.0,24.0
CoderEval-Python-Qwen2.5-Coder-7B-GGUF,Qwen2.5-Coder-7B,GGUF,62ece4992e6aefcf4aabbd8b,5.0,0,0,0,2.0,1.0
CoderEval-Python-Qwen2.5-Coder-7B-GGUF,Qwen2.5-Coder-7B,GGUF,6305f9991d275c6667163c50,2.0,0,0,0,0.0,0.0
CoderEval-Python-Qwen2.5-Coder-7B-GGUF,Qwen2.5-Coder-7B,GGUF,6306091073426c38ae68acac,7.0,0,0,0,3.0,4.0
CoderEval-Python-Qwen2.5-Coder-7B-GGUF,Qwen2.5-Coder-7B,GGUF,6306091a73426c38ae68acc8,3.0,0,0,0,1.0,0.0
CoderEval-Python-Qwen2.5-Coder-7B-GGUF,Qwen2.5-Coder-7B,GGUF,6306092973426c38ae68ad01,6.0,0,0,0,3.0,3.0
CoderEval-Python-Qwen2.5-Coder-7B-GGUF,Qwen2.5-Coder-7B,GGUF,6306092c73426c38ae68ad02,7.0,0,0,0,4.0,5.0
CoderEval-Python-Qwen2.5-Coder-7B-GGUF,Qwen2.5-Coder-7B,GGUF,6306092d73426c38ae68ad04,2.0,0,0,0,1.0,0.0
CoderEval-Python-Qwen2.5-Coder-7B-GGUF,Qwen2.5-Coder-7B,GGUF,6306092d73426c38ae68ad05,6.0,0,0,0,3.0,3.0
CoderEval-Python-Qwen2.5-Coder-7B-GGUF,Qwen2.5-Coder-7B,GGUF,6306092d73426c38ae68ad06,2.0,0,0,0,2.0,0.0
CoderEval-Python-Qwen2.5-Coder-7B-GGUF,Qwen2.5-Coder-7B,GGUF,6306092d73426c38ae68ad08,13.0,0,1,0,8.0,10.0
CoderEval-Python-Qwen2.5-Coder-7B-GGUF,Qwen2.5-Coder-7B,GGUF,6306092e73426c38ae68ad0d,5.0,0,0,0,2.0,2.0
CoderEval-Python-Qwen2.5-Coder-7B-GGUF,Qwen2.5-Coder-7B,GGUF,6306092e73426c38ae68ad0f,14.0,0,0,0,3.0,6.0
CoderEval-Python-Qwen2.5-Coder-7B-GGUF,Qwen2.5-Coder-7B,GGUF,6306092f73426c38ae68ad13,12.0,0,2,0,5.0,5.0
CoderEval-Python-Qwen2.5-Coder-7B-GGUF,Qwen2.5-Coder-7B,GGUF,6306093273426c38ae68ad15,6.0,0,2,0,1.0,0.0
CoderEval-Python-Qwen2.5-Coder-7B-GGUF,Qwen2.5-Coder-7B,GGUF,63060ada73426c38ae68ad31,4.0,0,0,0,3.0,3.0
CoderEval-Python-Qwen2.5-Coder-7B-GGUF,Qwen2.5-Coder-7B,GGUF,63060b1a73426c38ae68ad3e,12.0,0,0,0,4.0,6.0
CoderEval-Python-Qwen2.5-Coder-7B-GGUF,Qwen2.5-Coder-7B,GGUF,63060b1b73426c38ae68ad42,4.0,0,0,0,2.0,1.0
CoderEval-Python-Qwen2.5-Coder-7B-GGUF,Qwen2.5-Coder-7B,GGUF,6306292052e177c0ba469f09,14.0,0,0,0,2.0,6.0
CoderEval-Python-Qwen2.5-Coder-7B-GGUF,Qwen2.5-Coder-7B,GGUF,6306292152e177c0ba469f0d,6.0,0,0,0,1.0,1.0
CoderEval-Python-Qwen2.5-Coder-7B-GGUF,Qwen2.5-Coder-7B,GGUF,6306292252e177c0ba469f11,8.0,0,0,0,3.0,1.0
CoderEval-Python-Qwen2.5-Coder-7B-GGUF,Qwen2.5-Coder-7B,GGUF,6306292352e177c0ba469f1d,23.0,0,0,0,8.0,12.0
CoderEval-Python-Qwen2.5-Coder-7B-GGUF,Qwen2.5-Coder-7B,GGUF,6306292352e177c0ba469f1e,8.0,1,5,0,2.0,0.0
CoderEval-Python-Qwen2.5-Coder-7B-GGUF,Qwen2.5-Coder-7B,GGUF,6306292652e177c0ba469f34,10.0,0,0,0,2.0,2.0
CoderEval-Python-Qwen2.5-Coder-7B-GGUF,Qwen2.5-Coder-7B,GGUF,6306292a52e177c0ba469f41,3.0,0,0,0,1.0,0.0
CoderEval-Python-Qwen2.5-Coder-7B-GGUF,Qwen2.5-Coder-7B,GGUF,6306298b52e177c0ba469fdc,2.0,0,0,0,1.0,0.0
CoderEval-Python-Qwen2.5-Coder-7B-GGUF,Qwen2.5-Coder-7B,GGUF,6306299052e177c0ba469fe8,2.0,0,0,0,1.0,0.0
CoderEval-Python-Qwen2.5-Coder-7B-GGUF,Qwen2.5-Coder-7B,GGUF,630629b952e177c0ba46a043,11.0,0,0,0,3.0,5.0
CoderEval-Python-Qwen2.5-Coder-7B-GGUF,Qwen2.5-Coder-7B,GGUF,630629d052e177c0ba46a0a1,12.0,0,1,0,2.0,3.0
CoderEval-Python-Qwen2.5-Coder-7B-GGUF,Qwen2.5-Coder-7B,GGUF,630629e052e177c0ba46a0c4,6.0,0,0,0,2.0,0.0
CoderEval-Python-Qwen2.5-Coder-7B-GGUF,Qwen2.5-Coder-7B,GGUF,630629e152e177c0ba46a0d1,10.0,0,0,0,1.0,1.0
CoderEval-Python-Qwen2.5-Coder-7B-GGUF,Qwen2.5-Coder-7B,GGUF,630629e152e177c0ba46a0d2,15.0,0,0,0,4.0,4.0
CoderEval-Python-Qwen2.5-Coder-7B-GGUF,Qwen2.5-Coder-7B,GGUF,630629e252e177c0ba46a0d6,11.0,0,1,0,2.0,2.0
CoderEval-Python-Qwen2.5-Coder-7B-GGUF,Qwen2.5-Coder-7B,GGUF,630629e752e177c0ba46a0fb,7.0,0,0,0,2.0,2.0
CoderEval-Python-Qwen2.5-Coder-7B-GPTQ,Qwen2.5-Coder-7B,GPTQ,62b438a266fea644fe22cc2d,10.0,0,0,0,3.0,3.0
CoderEval-Python-Qwen2.5-Coder-7B-GPTQ,Qwen2.5-Coder-7B,GPTQ,62b438a266fea644fe22cc2e,9.0,0,1,0,2.0,1.0
CoderEval-Python-Qwen2.5-Coder-7B-GPTQ,Qwen2.5-Coder-7B,GPTQ,62b438b666fea644fe22cc72,2.0,0,0,0,3.0,1.0
CoderEval-Python-Qwen2.5-Coder-7B-GPTQ,Qwen2.5-Coder-7B,GPTQ,62b438b666fea644fe22cc78,6.0,0,0,0,2.0,1.0
CoderEval-Python-Qwen2.5-Coder-7B-GPTQ,Qwen2.5-Coder-7B,GPTQ,62b45665d7d32e5b55cc8364,10.0,0,0,0,3.0,3.0
CoderEval-Python-Qwen2.5-Coder-7B-GPTQ,Qwen2.5-Coder-7B,GPTQ,62b45665d7d32e5b55cc8365,9.0,0,0,0,3.0,4.0
CoderEval-Python-Qwen2.5-Coder-7B-GPTQ,Qwen2.5-Coder-7B,GPTQ,62b45679d7d32e5b55cc83a9,2.0,0,0,0,3.0,1.0
CoderEval-Python-Qwen2.5-Coder-7B-GPTQ,Qwen2.5-Coder-7B,GPTQ,62b4567ad7d32e5b55cc83af,6.0,0,0,0,2.0,1.0
CoderEval-Python-Qwen2.5-Coder-7B-GPTQ,Qwen2.5-Coder-7B,GPTQ,62b4567ed7d32e5b55cc83d9,15.0,0,0,0,6.0,13.0
CoderEval-Python-Qwen2.5-Coder-7B-GPTQ,Qwen2.5-Coder-7B,GPTQ,62b45df05108cfac7f2109ce,3.0,0,0,0,2.0,1.0
CoderEval-Python-Qwen2.5-Coder-7B-GPTQ,Qwen2.5-Coder-7B,GPTQ,62b45df15108cfac7f2109dc,1.0,1,0,0,0.0,0.0
CoderEval-Python-Qwen2.5-Coder-7B-GPTQ,Qwen2.5-Coder-7B,GPTQ,62b45df15108cfac7f2109dd,1.0,1,0,0,0.0,0.0
CoderEval-Python-Qwen2.5-Coder-7B-GPTQ,Qwen2.5-Coder-7B,GPTQ,62b45e145108cfac7f210a07,14.0,0,0,0,5.0,8.0
CoderEval-Python-Qwen2.5-Coder-7B-GPTQ,Qwen2.5-Coder-7B,GPTQ,62b45e145108cfac7f210a09,7.0,0,0,0,4.0,6.0
CoderEval-Python-Qwen2.5-Coder-7B-GPTQ,Qwen2.5-Coder-7B,GPTQ,62b45e165108cfac7f210a16,8.0,0,0,0,4.0,3.0
CoderEval-Python-Qwen2.5-Coder-7B-GPTQ,Qwen2.5-Coder-7B,GPTQ,62b45e165108cfac7f210a17,6.0,0,1,0,4.0,4.0
CoderEval-Python-Qwen2.5-Coder-7B-GPTQ,Qwen2.5-Coder-7B,GPTQ,62b45e175108cfac7f210a19,15.0,0,0,0,7.0,9.0
CoderEval-Python-Qwen2.5-Coder-7B-GPTQ,Qwen2.5-Coder-7B,GPTQ,62b45e21e0d4551b0392c8ed,10.0,0,0,0,2.0,4.0
CoderEval-Python-Qwen2.5-Coder-7B-GPTQ,Qwen2.5-Coder-7B,GPTQ,62b45e23e0d4551b0392c90a,13.0,0,0,0,6.0,9.0
CoderEval-Python-Qwen2.5-Coder-7B-GPTQ,Qwen2.5-Coder-7B,GPTQ,62b45e2eb89c9fd354170232,9.0,0,0,0,3.0,4.0
CoderEval-Python-Qwen2.5-Coder-7B-GPTQ,Qwen2.5-Coder-7B,GPTQ,62b45e515108cfac7f210a3c,7.0,0,0,0,3.0,1.0
CoderEval-Python-Qwen2.5-Coder-7B-GPTQ,Qwen2.5-Coder-7B,GPTQ,62b45e945108cfac7f210a4a,14.0,0,0,0,7.0,13.0
CoderEval-Python-Qwen2.5-Coder-7B-GPTQ,Qwen2.5-Coder-7B,GPTQ,62b463153879012d19481498,3.0,0,0,0,2.0,0.0
CoderEval-Python-Qwen2.5-Coder-7B-GPTQ,Qwen2.5-Coder-7B,GPTQ,62b463153879012d1948149a,11.0,0,0,0,5.0,6.0
CoderEval-Python-Qwen2.5-Coder-7B-GPTQ,Qwen2.5-Coder-7B,GPTQ,62b463153879012d1948149b,4.0,0,0,0,2.0,1.0
CoderEval-Python-Qwen2.5-Coder-7B-GPTQ,Qwen2.5-Coder-7B,GPTQ,62b463153879012d1948149c,1.0,1,0,0,1.0,0.0
CoderEval-Python-Qwen2.5-Coder-7B-GPTQ,Qwen2.5-Coder-7B,GPTQ,62b463153879012d1948149d,13.0,0,0,0,6.0,10.0
CoderEval-Python-Qwen2.5-Coder-7B-GPTQ,Qwen2.5-Coder-7B,GPTQ,62b463153879012d1948149f,11.0,0,0,0,4.0,3.0
CoderEval-Python-Qwen2.5-Coder-7B-GPTQ,Qwen2.5-Coder-7B,GPTQ,62b463153879012d194814a1,1.0,0,0,0,0.0,0.0
CoderEval-Python-Qwen2.5-Coder-7B-GPTQ,Qwen2.5-Coder-7B,GPTQ,62b463163879012d194814a2,1.0,0,0,0,0.0,0.0
CoderEval-Python-Qwen2.5-Coder-7B-GPTQ,Qwen2.5-Coder-7B,GPTQ,62b463163879012d194814a4,11.0,0,0,0,4.0,3.0
CoderEval-Python-Qwen2.5-Coder-7B-GPTQ,Qwen2.5-Coder-7B,GPTQ,62b463163879012d194814a6,4.0,0,0,0,1.0,0.0
CoderEval-Python-Qwen2.5-Coder-7B-GPTQ,Qwen2.5-Coder-7B,GPTQ,62b4631b3879012d194814dd,1.0,1,0,0,0.0,0.0
CoderEval-Python-Qwen2.5-Coder-7B-GPTQ,Qwen2.5-Coder-7B,GPTQ,62b463283879012d1948153d,5.0,2,0,0,2.0,3.0
CoderEval-Python-Qwen2.5-Coder-7B-GPTQ,Qwen2.5-Coder-7B,GPTQ,62b463303879012d19481579,9.0,0,0,0,2.0,2.0
CoderEval-Python-Qwen2.5-Coder-7B-GPTQ,Qwen2.5-Coder-7B,GPTQ,62b46740d2f69a53b466171a,4.0,0,0,0,3.0,2.0
CoderEval-Python-Qwen2.5-Coder-7B-GPTQ,Qwen2.5-Coder-7B,GPTQ,62b46746d2f69a53b4661722,8.0,0,0,0,3.0,4.0
CoderEval-Python-Qwen2.5-Coder-7B-GPTQ,Qwen2.5-Coder-7B,GPTQ,62b86707b4d922cb0e688c2a,9.0,0,0,0,4.0,2.0
CoderEval-Python-Qwen2.5-Coder-7B-GPTQ,Qwen2.5-Coder-7B,GPTQ,62b86729b4d922cb0e688c2f,19.0,0,1,0,1.0,0.0
CoderEval-Python-Qwen2.5-Coder-7B-GPTQ,Qwen2.5-Coder-7B,GPTQ,62b869eab4d922cb0e688cbf,2.0,0,0,0,1.0,0.0
CoderEval-Python-Qwen2.5-Coder-7B-GPTQ,Qwen2.5-Coder-7B,GPTQ,62b869eab4d922cb0e688cc5,17.0,0,0,0,7.0,22.0
CoderEval-Python-Qwen2.5-Coder-7B-GPTQ,Qwen2.5-Coder-7B,GPTQ,62b869ebb4d922cb0e688cc6,8.0,0,0,0,5.0,14.0
CoderEval-Python-Qwen2.5-Coder-7B-GPTQ,Qwen2.5-Coder-7B,GPTQ,62b86a01b4d922cb0e688ccc,10.0,0,1,0,4.0,8.0
CoderEval-Python-Qwen2.5-Coder-7B-GPTQ,Qwen2.5-Coder-7B,GPTQ,62b86a4fb4d922cb0e688cf7,7.0,0,1,0,2.0,2.0
CoderEval-Python-Qwen2.5-Coder-7B-GPTQ,Qwen2.5-Coder-7B,GPTQ,62b86a4fb4d922cb0e688cf8,10.0,0,0,0,2.0,3.0
CoderEval-Python-Qwen2.5-Coder-7B-GPTQ,Qwen2.5-Coder-7B,GPTQ,62b86a9eb4d922cb0e688d25,3.0,0,0,0,1.0,0.0
CoderEval-Python-Qwen2.5-Coder-7B-GPTQ,Qwen2.5-Coder-7B,GPTQ,62b86aa3b4d922cb0e688d36,6.0,0,0,0,4.0,5.0
CoderEval-Python-Qwen2.5-Coder-7B-GPTQ,Qwen2.5-Coder-7B,GPTQ,62b87af09a0c4fa8b80b34f1,3.0,0,0,0,1.0,1.0
CoderEval-Python-Qwen2.5-Coder-7B-GPTQ,Qwen2.5-Coder-7B,GPTQ,62b87af19a0c4fa8b80b34f7,12.0,0,0,0,8.0,11.0
CoderEval-Python-Qwen2.5-Coder-7B-GPTQ,Qwen2.5-Coder-7B,GPTQ,62b87af69a0c4fa8b80b351a,3.0,0,0,0,4.0,1.0
CoderEval-Python-Qwen2.5-Coder-7B-GPTQ,Qwen2.5-Coder-7B,GPTQ,62b87af99a0c4fa8b80b3524,2.0,0,0,0,1.0,0.0
CoderEval-Python-Qwen2.5-Coder-7B-GPTQ,Qwen2.5-Coder-7B,GPTQ,62b87b099a0c4fa8b80b3538,2.0,0,0,0,2.0,1.0
CoderEval-Python-Qwen2.5-Coder-7B-GPTQ,Qwen2.5-Coder-7B,GPTQ,62b87b199a0c4fa8b80b354c,6.0,0,1,0,2.0,2.0
CoderEval-Python-Qwen2.5-Coder-7B-GPTQ,Qwen2.5-Coder-7B,GPTQ,62b87b199a0c4fa8b80b354e,2.0,0,0,0,2.0,1.0
CoderEval-Python-Qwen2.5-Coder-7B-GPTQ,Qwen2.5-Coder-7B,GPTQ,62b87b4f9a0c4fa8b80b3580,3.0,0,0,0,1.0,0.0
CoderEval-Python-Qwen2.5-Coder-7B-GPTQ,Qwen2.5-Coder-7B,GPTQ,62b87b4f9a0c4fa8b80b3581,18.0,0,0,0,5.0,9.0
CoderEval-Python-Qwen2.5-Coder-7B-GPTQ,Qwen2.5-Coder-7B,GPTQ,62b87b519a0c4fa8b80b3583,11.0,0,0,0,5.0,7.0
CoderEval-Python-Qwen2.5-Coder-7B-GPTQ,Qwen2.5-Coder-7B,GPTQ,62b87b7e9a0c4fa8b80b35bc,17.0,0,2,0,8.0,21.0
CoderEval-Python-Qwen2.5-Coder-7B-GPTQ,Qwen2.5-Coder-7B,GPTQ,62b87b839a0c4fa8b80b35cb,2.0,0,0,0,2.0,0.0
CoderEval-Python-Qwen2.5-Coder-7B-GPTQ,Qwen2.5-Coder-7B,GPTQ,62b87b859a0c4fa8b80b35d7,4.0,0,0,0,1.0,0.0
CoderEval-Python-Qwen2.5-Coder-7B-GPTQ,Qwen2.5-Coder-7B,GPTQ,62b87b869a0c4fa8b80b35e1,24.0,0,1,0,5.0,7.0
CoderEval-Python-Qwen2.5-Coder-7B-GPTQ,Qwen2.5-Coder-7B,GPTQ,62b87b989a0c4fa8b80b35ee,6.0,0,0,0,2.0,4.0
CoderEval-Python-Qwen2.5-Coder-7B-GPTQ,Qwen2.5-Coder-7B,GPTQ,62b87d23d292efb640a55667,6.0,0,0,0,2.0,0.0
CoderEval-Python-Qwen2.5-Coder-7B-GPTQ,Qwen2.5-Coder-7B,GPTQ,62b87d23d292efb640a55668,9.0,0,0,0,1.0,0.0
CoderEval-Python-Qwen2.5-Coder-7B-GPTQ,Qwen2.5-Coder-7B,GPTQ,62b87d23d292efb640a5566b,20.0,0,0,0,7.0,9.0
CoderEval-Python-Qwen2.5-Coder-7B-GPTQ,Qwen2.5-Coder-7B,GPTQ,62b87d24d292efb640a55670,6.0,0,0,0,1.0,1.0
CoderEval-Python-Qwen2.5-Coder-7B-GPTQ,Qwen2.5-Coder-7B,GPTQ,62b87d24d292efb640a5566d,5.0,0,0,0,3.0,3.0
CoderEval-Python-Qwen2.5-Coder-7B-GPTQ,Qwen2.5-Coder-7B,GPTQ,62b87d24d292efb640a5566f,7.0,0,0,0,2.0,3.0
CoderEval-Python-Qwen2.5-Coder-7B-GPTQ,Qwen2.5-Coder-7B,GPTQ,62b89640755ee91dce50a114,7.0,0,0,0,3.0,2.0
CoderEval-Python-Qwen2.5-Coder-7B-GPTQ,Qwen2.5-Coder-7B,GPTQ,62b8982f755ee91dce50a241,6.0,0,0,0,1.0,0.0
CoderEval-Python-Qwen2.5-Coder-7B-GPTQ,Qwen2.5-Coder-7B,GPTQ,62b8a4a4755ee91dce50a3d2,2.0,0,0,0,1.0,0.0
CoderEval-Python-Qwen2.5-Coder-7B-GPTQ,Qwen2.5-Coder-7B,GPTQ,62b8a7b2755ee91dce50a4a7,6.0,0,0,0,2.0,2.0
CoderEval-Python-Qwen2.5-Coder-7B-GPTQ,Qwen2.5-Coder-7B,GPTQ,62b8b3d4eb7e40a82d2d110d,1.0,1,0,0,0.0,0.0
CoderEval-Python-Qwen2.5-Coder-7B-GPTQ,Qwen2.5-Coder-7B,GPTQ,62b8b3d4eb7e40a82d2d110e,3.0,0,0,0,2.0,1.0
CoderEval-Python-Qwen2.5-Coder-7B-GPTQ,Qwen2.5-Coder-7B,GPTQ,62b8b3d4eb7e40a82d2d110f,1.0,1,0,0,0.0,0.0
CoderEval-Python-Qwen2.5-Coder-7B-GPTQ,Qwen2.5-Coder-7B,GPTQ,62b8b3d5eb7e40a82d2d1110,6.0,0,0,0,1.0,1.0
CoderEval-Python-Qwen2.5-Coder-7B-GPTQ,Qwen2.5-Coder-7B,GPTQ,62b8b3d6eb7e40a82d2d111c,11.0,0,0,0,4.0,6.0
CoderEval-Python-Qwen2.5-Coder-7B-GPTQ,Qwen2.5-Coder-7B,GPTQ,62b8b416eb7e40a82d2d1129,1.0,1,0,0,2.0,1.0
CoderEval-Python-Qwen2.5-Coder-7B-GPTQ,Qwen2.5-Coder-7B,GPTQ,62b8b4b9eb7e40a82d2d1134,5.0,0,1,0,3.0,2.0
CoderEval-Python-Qwen2.5-Coder-7B-GPTQ,Qwen2.5-Coder-7B,GPTQ,62b8b4baeb7e40a82d2d1136,35.0,0,2,0,10.0,11.0
CoderEval-Python-Qwen2.5-Coder-7B-GPTQ,Qwen2.5-Coder-7B,GPTQ,62b8b4baeb7e40a82d2d1137,21.0,0,5,0,8.0,7.0
CoderEval-Python-Qwen2.5-Coder-7B-GPTQ,Qwen2.5-Coder-7B,GPTQ,62b8b4c1eb7e40a82d2d1139,5.0,0,1,0,2.0,2.0
CoderEval-Python-Qwen2.5-Coder-7B-GPTQ,Qwen2.5-Coder-7B,GPTQ,62b8b559eb7e40a82d2d11f6,7.0,3,0,0,3.0,4.0
CoderEval-Python-Qwen2.5-Coder-7B-GPTQ,Qwen2.5-Coder-7B,GPTQ,62b8b559eb7e40a82d2d11f8,7.0,0,1,0,6.0,7.0
CoderEval-Python-Qwen2.5-Coder-7B-GPTQ,Qwen2.5-Coder-7B,GPTQ,62b8b58deb7e40a82d2d1269,3.0,0,1,0,1.0,0.0
CoderEval-Python-Qwen2.5-Coder-7B-GPTQ,Qwen2.5-Coder-7B,GPTQ,62b8b590eb7e40a82d2d1275,7.0,0,1,0,4.0,6.0
CoderEval-Python-Qwen2.5-Coder-7B-GPTQ,Qwen2.5-Coder-7B,GPTQ,62b8b59feb7e40a82d2d1291,1.0,1,0,0,0.0,0.0
CoderEval-Python-Qwen2.5-Coder-7B-GPTQ,Qwen2.5-Coder-7B,GPTQ,62b8d22548ba5a41d1c3f472,16.0,0,0,0,6.0,4.0
CoderEval-Python-Qwen2.5-Coder-7B-GPTQ,Qwen2.5-Coder-7B,GPTQ,62b8d22948ba5a41d1c3f47c,1.0,1,0,0,0.0,0.0
CoderEval-Python-Qwen2.5-Coder-7B-GPTQ,Qwen2.5-Coder-7B,GPTQ,62b8d22a48ba5a41d1c3f47d,10.0,0,0,0,3.0,3.0
CoderEval-Python-Qwen2.5-Coder-7B-GPTQ,Qwen2.5-Coder-7B,GPTQ,62b8d22a48ba5a41d1c3f47e,5.0,2,0,0,1.0,2.0
CoderEval-Python-Qwen2.5-Coder-7B-GPTQ,Qwen2.5-Coder-7B,GPTQ,62b8d22f48ba5a41d1c3f488,1.0,1,0,0,0.0,0.0
CoderEval-Python-Qwen2.5-Coder-7B-GPTQ,Qwen2.5-Coder-7B,GPTQ,62b8d23748ba5a41d1c3f496,24.0,0,0,0,5.0,3.0
CoderEval-Python-Qwen2.5-Coder-7B-GPTQ,Qwen2.5-Coder-7B,GPTQ,62b8d23748ba5a41d1c3f497,6.0,0,0,0,2.0,1.0
CoderEval-Python-Qwen2.5-Coder-7B-GPTQ,Qwen2.5-Coder-7B,GPTQ,62b8d23948ba5a41d1c3f498,24.0,0,0,0,6.0,3.0
CoderEval-Python-Qwen2.5-Coder-7B-GPTQ,Qwen2.5-Coder-7B,GPTQ,62b8d23a48ba5a41d1c3f499,1.0,1,0,0,0.0,0.0
CoderEval-Python-Qwen2.5-Coder-7B-GPTQ,Qwen2.5-Coder-7B,GPTQ,62b8d23b48ba5a41d1c3f49a,24.0,0,0,0,6.0,3.0
CoderEval-Python-Qwen2.5-Coder-7B-GPTQ,Qwen2.5-Coder-7B,GPTQ,62b8d23c48ba5a41d1c3f49b,1.0,1,0,0,0.0,0.0
CoderEval-Python-Qwen2.5-Coder-7B-GPTQ,Qwen2.5-Coder-7B,GPTQ,62b8d23e48ba5a41d1c3f49e,9.0,0,0,0,2.0,1.0
CoderEval-Python-Qwen2.5-Coder-7B-GPTQ,Qwen2.5-Coder-7B,GPTQ,62b8d24048ba5a41d1c3f49f,27.0,0,0,0,7.0,5.0
CoderEval-Python-Qwen2.5-Coder-7B-GPTQ,Qwen2.5-Coder-7B,GPTQ,62b8d27a48ba5a41d1c3f4c6,17.0,0,1,0,6.0,3.0
CoderEval-Python-Qwen2.5-Coder-7B-GPTQ,Qwen2.5-Coder-7B,GPTQ,62e4fb4d85ea9864308902e7,9.0,0,0,0,4.0,5.0
CoderEval-Python-Qwen2.5-Coder-7B-GPTQ,Qwen2.5-Coder-7B,GPTQ,62e4fb6585ea98643089032b,1.0,1,0,0,0.0,0.0
CoderEval-Python-Qwen2.5-Coder-7B-GPTQ,Qwen2.5-Coder-7B,GPTQ,62e4fbda85ea986430890403,5.0,0,0,0,1.0,0.0
CoderEval-Python-Qwen2.5-Coder-7B-GPTQ,Qwen2.5-Coder-7B,GPTQ,62e4fbda85ea986430890405,16.0,0,0,0,3.0,2.0
CoderEval-Python-Qwen2.5-Coder-7B-GPTQ,Qwen2.5-Coder-7B,GPTQ,62e5dc9ed76274f8a4026b5b,9.0,0,0,0,3.0,0.0
CoderEval-Python-Qwen2.5-Coder-7B-GPTQ,Qwen2.5-Coder-7B,GPTQ,62e60707d76274f8a4026b69,7.0,0,0,0,2.0,0.0
CoderEval-Python-Qwen2.5-Coder-7B-GPTQ,Qwen2.5-Coder-7B,GPTQ,62e60723d76274f8a4026b75,3.0,0,0,0,1.0,0.0
CoderEval-Python-Qwen2.5-Coder-7B-GPTQ,Qwen2.5-Coder-7B,GPTQ,62e60879d76274f8a4026bec,4.0,0,0,0,1.0,0.0
CoderEval-Python-Qwen2.5-Coder-7B-GPTQ,Qwen2.5-Coder-7B,GPTQ,62e6087ad76274f8a4026bf2,8.0,0,0,0,0.0,0.0
CoderEval-Python-Qwen2.5-Coder-7B-GPTQ,Qwen2.5-Coder-7B,GPTQ,62e6087bd76274f8a4026bfa,1.0,1,0,0,0.0,0.0
CoderEval-Python-Qwen2.5-Coder-7B-GPTQ,Qwen2.5-Coder-7B,GPTQ,62e60b10d76274f8a4026ccd,1.0,1,0,0,1.0,0.0
CoderEval-Python-Qwen2.5-Coder-7B-GPTQ,Qwen2.5-Coder-7B,GPTQ,62e60da4d76274f8a4026cf1,1.0,1,0,0,0.0,0.0
CoderEval-Python-Qwen2.5-Coder-7B-GPTQ,Qwen2.5-Coder-7B,GPTQ,62e60e05d76274f8a4026cfd,1.0,1,0,0,0.0,0.0
CoderEval-Python-Qwen2.5-Coder-7B-GPTQ,Qwen2.5-Coder-7B,GPTQ,62e60e49d76274f8a4026d25,6.0,0,0,0,2.0,0.0
CoderEval-Python-Qwen2.5-Coder-7B-GPTQ,Qwen2.5-Coder-7B,GPTQ,62e60ed4d76274f8a4026da0,1.0,1,0,0,0.0,0.0
CoderEval-Python-Qwen2.5-Coder-7B-GPTQ,Qwen2.5-Coder-7B,GPTQ,62e60f33d76274f8a4026de9,9.0,0,0,0,2.0,4.0
CoderEval-Python-Qwen2.5-Coder-7B-GPTQ,Qwen2.5-Coder-7B,GPTQ,62e60f37d76274f8a4026dfd,9.0,0,1,0,3.0,0.0
CoderEval-Python-Qwen2.5-Coder-7B-GPTQ,Qwen2.5-Coder-7B,GPTQ,62e60f3bd76274f8a4026e10,8.0,0,0,0,2.0,0.0
CoderEval-Python-Qwen2.5-Coder-7B-GPTQ,Qwen2.5-Coder-7B,GPTQ,62e60f43d76274f8a4026e28,6.0,0,1,0,1.0,0.0
CoderEval-Python-Qwen2.5-Coder-7B-GPTQ,Qwen2.5-Coder-7B,GPTQ,62ece4982e6aefcf4aabbd60,15.0,0,0,0,2.0,6.0
CoderEval-Python-Qwen2.5-Coder-7B-GPTQ,Qwen2.5-Coder-7B,GPTQ,62ece4982e6aefcf4aabbd61,7.0,0,0,0,3.0,3.0
CoderEval-Python-Qwen2.5-Coder-7B-GPTQ,Qwen2.5-Coder-7B,GPTQ,62ece4982e6aefcf4aabbd62,10.0,0,0,0,3.0,3.0
CoderEval-Python-Qwen2.5-Coder-7B-GPTQ,Qwen2.5-Coder-7B,GPTQ,62ece4982e6aefcf4aabbd63,2.0,0,0,0,2.0,1.0
CoderEval-Python-Qwen2.5-Coder-7B-GPTQ,Qwen2.5-Coder-7B,GPTQ,62ece4982e6aefcf4aabbd64,5.0,0,0,0,2.0,1.0
CoderEval-Python-Qwen2.5-Coder-7B-GPTQ,Qwen2.5-Coder-7B,GPTQ,62ece4982e6aefcf4aabbd65,2.0,0,0,0,3.0,1.0
CoderEval-Python-Qwen2.5-Coder-7B-GPTQ,Qwen2.5-Coder-7B,GPTQ,62ece4982e6aefcf4aabbd66,10.0,0,0,0,3.0,4.0
CoderEval-Python-Qwen2.5-Coder-7B-GPTQ,Qwen2.5-Coder-7B,GPTQ,62ece4982e6aefcf4aabbd67,8.0,0,0,0,2.0,1.0
CoderEval-Python-Qwen2.5-Coder-7B-GPTQ,Qwen2.5-Coder-7B,GPTQ,62ece4982e6aefcf4aabbd69,2.0,0,0,0,0.0,0.0
CoderEval-Python-Qwen2.5-Coder-7B-GPTQ,Qwen2.5-Coder-7B,GPTQ,62ece4982e6aefcf4aabbd70,3.0,0,0,0,1.0,0.0
CoderEval-Python-Qwen2.5-Coder-7B-GPTQ,Qwen2.5-Coder-7B,GPTQ,62ece4982e6aefcf4aabbd71,3.0,0,0,0,1.0,0.0
CoderEval-Python-Qwen2.5-Coder-7B-GPTQ,Qwen2.5-Coder-7B,GPTQ,62ece4982e6aefcf4aabbd72,0.0,0,0,0,0.0,0.0
CoderEval-Python-Qwen2.5-Coder-7B-GPTQ,Qwen2.5-Coder-7B,GPTQ,62ece4982e6aefcf4aabbd73,10.0,0,0,0,3.0,4.0
CoderEval-Python-Qwen2.5-Coder-7B-GPTQ,Qwen2.5-Coder-7B,GPTQ,62ece4982e6aefcf4aabbd74,22.0,0,0,0,4.0,5.0
CoderEval-Python-Qwen2.5-Coder-7B-GPTQ,Qwen2.5-Coder-7B,GPTQ,62ece4982e6aefcf4aabbd76,2.0,0,0,0,1.0,0.0
CoderEval-Python-Qwen2.5-Coder-7B-GPTQ,Qwen2.5-Coder-7B,GPTQ,62ece4982e6aefcf4aabbd77,23.0,0,0,0,5.0,9.0
CoderEval-Python-Qwen2.5-Coder-7B-GPTQ,Qwen2.5-Coder-7B,GPTQ,62ece4982e6aefcf4aabbd5f,3.0,0,0,0,2.0,1.0
CoderEval-Python-Qwen2.5-Coder-7B-GPTQ,Qwen2.5-Coder-7B,GPTQ,62ece4982e6aefcf4aabbd6a,1.0,1,0,0,0.0,0.0
CoderEval-Python-Qwen2.5-Coder-7B-GPTQ,Qwen2.5-Coder-7B,GPTQ,62ece4982e6aefcf4aabbd6b,6.0,0,0,0,2.0,1.0
CoderEval-Python-Qwen2.5-Coder-7B-GPTQ,Qwen2.5-Coder-7B,GPTQ,62ece4982e6aefcf4aabbd6f,13.0,0,1,0,2.0,2.0
CoderEval-Python-Qwen2.5-Coder-7B-GPTQ,Qwen2.5-Coder-7B,GPTQ,62ece4992e6aefcf4aabbd78,4.0,0,0,0,1.0,0.0
CoderEval-Python-Qwen2.5-Coder-7B-GPTQ,Qwen2.5-Coder-7B,GPTQ,62ece4992e6aefcf4aabbd79,3.0,0,0,0,3.0,2.0
CoderEval-Python-Qwen2.5-Coder-7B-GPTQ,Qwen2.5-Coder-7B,GPTQ,62ece4992e6aefcf4aabbd80,11.0,0,0,0,5.0,6.0
CoderEval-Python-Qwen2.5-Coder-7B-GPTQ,Qwen2.5-Coder-7B,GPTQ,62ece4992e6aefcf4aabbd82,8.0,0,0,0,3.0,4.0
CoderEval-Python-Qwen2.5-Coder-7B-GPTQ,Qwen2.5-Coder-7B,GPTQ,62ece4992e6aefcf4aabbd83,22.0,0,0,0,5.0,4.0
CoderEval-Python-Qwen2.5-Coder-7B-GPTQ,Qwen2.5-Coder-7B,GPTQ,62ece4992e6aefcf4aabbd84,10.0,0,0,0,5.0,7.0
CoderEval-Python-Qwen2.5-Coder-7B-GPTQ,Qwen2.5-Coder-7B,GPTQ,62ece4992e6aefcf4aabbd85,11.0,0,0,0,5.0,5.0
CoderEval-Python-Qwen2.5-Coder-7B-GPTQ,Qwen2.5-Coder-7B,GPTQ,62ece4992e6aefcf4aabbd86,5.0,0,0,0,2.0,1.0
CoderEval-Python-Qwen2.5-Coder-7B-GPTQ,Qwen2.5-Coder-7B,GPTQ,62ece4992e6aefcf4aabbd87,9.0,0,0,0,2.0,1.0
CoderEval-Python-Qwen2.5-Coder-7B-GPTQ,Qwen2.5-Coder-7B,GPTQ,62ece4992e6aefcf4aabbd88,3.0,0,0,0,1.0,0.0
CoderEval-Python-Qwen2.5-Coder-7B-GPTQ,Qwen2.5-Coder-7B,GPTQ,62ece4992e6aefcf4aabbd7a,3.0,0,0,0,1.0,0.0
CoderEval-Python-Qwen2.5-Coder-7B-GPTQ,Qwen2.5-Coder-7B,GPTQ,62ece4992e6aefcf4aabbd7b,6.0,0,0,0,3.0,2.0
CoderEval-Python-Qwen2.5-Coder-7B-GPTQ,Qwen2.5-Coder-7B,GPTQ,62ece4992e6aefcf4aabbd7c,1.0,1,0,0,0.0,0.0
CoderEval-Python-Qwen2.5-Coder-7B-GPTQ,Qwen2.5-Coder-7B,GPTQ,62ece4992e6aefcf4aabbd7d,8.0,0,0,0,2.0,1.0
CoderEval-Python-Qwen2.5-Coder-7B-GPTQ,Qwen2.5-Coder-7B,GPTQ,62ece4992e6aefcf4aabbd7e,10.0,0,0,0,2.0,3.0
CoderEval-Python-Qwen2.5-Coder-7B-GPTQ,Qwen2.5-Coder-7B,GPTQ,62ece4992e6aefcf4aabbd7f,10.0,0,0,0,3.0,2.0
CoderEval-Python-Qwen2.5-Coder-7B-GPTQ,Qwen2.5-Coder-7B,GPTQ,62ece4992e6aefcf4aabbd8a,20.0,0,0,0,5.0,12.0
CoderEval-Python-Qwen2.5-Coder-7B-GPTQ,Qwen2.5-Coder-7B,GPTQ,62ece4992e6aefcf4aabbd8b,5.0,0,0,0,2.0,1.0
CoderEval-Python-Qwen2.5-Coder-7B-GPTQ,Qwen2.5-Coder-7B,GPTQ,6305f9991d275c6667163c50,2.0,0,0,0,0.0,0.0
CoderEval-Python-Qwen2.5-Coder-7B-GPTQ,Qwen2.5-Coder-7B,GPTQ,6306091073426c38ae68acac,7.0,0,0,0,3.0,4.0
CoderEval-Python-Qwen2.5-Coder-7B-GPTQ,Qwen2.5-Coder-7B,GPTQ,6306091a73426c38ae68acc8,9.0,0,3,0,2.0,0.0
CoderEval-Python-Qwen2.5-Coder-7B-GPTQ,Qwen2.5-Coder-7B,GPTQ,6306092973426c38ae68ad01,1.0,1,0,0,1.0,0.0
CoderEval-Python-Qwen2.5-Coder-7B-GPTQ,Qwen2.5-Coder-7B,GPTQ,6306092c73426c38ae68ad02,6.0,0,0,0,3.0,5.0
CoderEval-Python-Qwen2.5-Coder-7B-GPTQ,Qwen2.5-Coder-7B,GPTQ,6306092d73426c38ae68ad04,17.0,0,0,0,3.0,0.0
CoderEval-Python-Qwen2.5-Coder-7B-GPTQ,Qwen2.5-Coder-7B,GPTQ,6306092d73426c38ae68ad05,1.0,1,0,0,1.0,0.0
CoderEval-Python-Qwen2.5-Coder-7B-GPTQ,Qwen2.5-Coder-7B,GPTQ,6306092d73426c38ae68ad06,1.0,1,0,0,1.0,0.0
CoderEval-Python-Qwen2.5-Coder-7B-GPTQ,Qwen2.5-Coder-7B,GPTQ,6306092d73426c38ae68ad08,22.0,0,1,0,6.0,11.0
CoderEval-Python-Qwen2.5-Coder-7B-GPTQ,Qwen2.5-Coder-7B,GPTQ,6306092e73426c38ae68ad0d,1.0,1,0,0,0.0,0.0
CoderEval-Python-Qwen2.5-Coder-7B-GPTQ,Qwen2.5-Coder-7B,GPTQ,6306092e73426c38ae68ad0f,16.0,0,0,0,4.0,8.0
CoderEval-Python-Qwen2.5-Coder-7B-GPTQ,Qwen2.5-Coder-7B,GPTQ,6306092f73426c38ae68ad13,13.0,0,2,0,5.0,5.0
CoderEval-Python-Qwen2.5-Coder-7B-GPTQ,Qwen2.5-Coder-7B,GPTQ,6306093273426c38ae68ad15,5.0,0,2,0,1.0,0.0
CoderEval-Python-Qwen2.5-Coder-7B-GPTQ,Qwen2.5-Coder-7B,GPTQ,63060ada73426c38ae68ad31,13.0,0,0,0,5.0,11.0
CoderEval-Python-Qwen2.5-Coder-7B-GPTQ,Qwen2.5-Coder-7B,GPTQ,63060b1a73426c38ae68ad3e,10.0,0,0,0,3.0,1.0
CoderEval-Python-Qwen2.5-Coder-7B-GPTQ,Qwen2.5-Coder-7B,GPTQ,63060b1b73426c38ae68ad42,4.0,0,0,0,2.0,1.0
CoderEval-Python-Qwen2.5-Coder-7B-GPTQ,Qwen2.5-Coder-7B,GPTQ,6306292052e177c0ba469f09,16.0,0,0,0,3.0,4.0
CoderEval-Python-Qwen2.5-Coder-7B-GPTQ,Qwen2.5-Coder-7B,GPTQ,6306292152e177c0ba469f0d,7.0,0,0,0,1.0,1.0
CoderEval-Python-Qwen2.5-Coder-7B-GPTQ,Qwen2.5-Coder-7B,GPTQ,6306292252e177c0ba469f11,8.0,0,0,0,3.0,1.0
CoderEval-Python-Qwen2.5-Coder-7B-GPTQ,Qwen2.5-Coder-7B,GPTQ,6306292352e177c0ba469f1d,0.0,0,0,0,0.0,0.0
CoderEval-Python-Qwen2.5-Coder-7B-GPTQ,Qwen2.5-Coder-7B,GPTQ,6306292352e177c0ba469f1e,8.0,1,5,0,2.0,0.0
CoderEval-Python-Qwen2.5-Coder-7B-GPTQ,Qwen2.5-Coder-7B,GPTQ,6306292652e177c0ba469f34,10.0,0,0,0,2.0,2.0
CoderEval-Python-Qwen2.5-Coder-7B-GPTQ,Qwen2.5-Coder-7B,GPTQ,6306292a52e177c0ba469f41,3.0,0,0,0,1.0,0.0
CoderEval-Python-Qwen2.5-Coder-7B-GPTQ,Qwen2.5-Coder-7B,GPTQ,6306298b52e177c0ba469fdc,2.0,0,0,0,1.0,0.0
CoderEval-Python-Qwen2.5-Coder-7B-GPTQ,Qwen2.5-Coder-7B,GPTQ,6306299052e177c0ba469fe8,2.0,0,0,0,1.0,0.0
CoderEval-Python-Qwen2.5-Coder-7B-GPTQ,Qwen2.5-Coder-7B,GPTQ,630629b952e177c0ba46a043,8.0,0,0,0,2.0,1.0
CoderEval-Python-Qwen2.5-Coder-7B-GPTQ,Qwen2.5-Coder-7B,GPTQ,630629d052e177c0ba46a0a1,20.0,0,1,0,1.0,1.0
CoderEval-Python-Qwen2.5-Coder-7B-GPTQ,Qwen2.5-Coder-7B,GPTQ,630629e052e177c0ba46a0c4,6.0,0,0,0,2.0,0.0
CoderEval-Python-Qwen2.5-Coder-7B-GPTQ,Qwen2.5-Coder-7B,GPTQ,630629e152e177c0ba46a0d1,10.0,0,0,0,1.0,1.0
CoderEval-Python-Qwen2.5-Coder-7B-GPTQ,Qwen2.5-Coder-7B,GPTQ,630629e152e177c0ba46a0d2,16.0,0,1,0,5.0,8.0
CoderEval-Python-Qwen2.5-Coder-7B-GPTQ,Qwen2.5-Coder-7B,GPTQ,630629e252e177c0ba46a0d6,9.0,0,1,0,2.0,2.0
CoderEval-Python-Qwen2.5-Coder-7B-GPTQ,Qwen2.5-Coder-7B,GPTQ,630629e752e177c0ba46a0fb,9.0,0,0,0,2.0,3.0
CoderEval-Python-Qwen2.5-Coder-7B-QUIP,Qwen2.5-Coder-7B,QUIP,62b438a266fea644fe22cc2d,15.0,0,0,0,5.0,9.0
CoderEval-Python-Qwen2.5-Coder-7B-QUIP,Qwen2.5-Coder-7B,QUIP,62b438a266fea644fe22cc2e,10.0,0,1,0,2.0,1.0
CoderEval-Python-Qwen2.5-Coder-7B-QUIP,Qwen2.5-Coder-7B,QUIP,62b438b666fea644fe22cc72,2.0,0,0,0,1.0,0.0
CoderEval-Python-Qwen2.5-Coder-7B-QUIP,Qwen2.5-Coder-7B,QUIP,62b438b666fea644fe22cc78,6.0,0,0,0,2.0,1.0
CoderEval-Python-Qwen2.5-Coder-7B-QUIP,Qwen2.5-Coder-7B,QUIP,62b45665d7d32e5b55cc8364,15.0,0,0,0,5.0,9.0
CoderEval-Python-Qwen2.5-Coder-7B-QUIP,Qwen2.5-Coder-7B,QUIP,62b45665d7d32e5b55cc8365,7.0,0,0,0,2.0,1.0
CoderEval-Python-Qwen2.5-Coder-7B-QUIP,Qwen2.5-Coder-7B,QUIP,62b45679d7d32e5b55cc83a9,2.0,0,0,0,1.0,0.0
CoderEval-Python-Qwen2.5-Coder-7B-QUIP,Qwen2.5-Coder-7B,QUIP,62b4567ad7d32e5b55cc83af,6.0,0,0,0,2.0,1.0
CoderEval-Python-Qwen2.5-Coder-7B-QUIP,Qwen2.5-Coder-7B,QUIP,62b4567ed7d32e5b55cc83d9,12.0,0,0,0,6.0,13.0
CoderEval-Python-Qwen2.5-Coder-7B-QUIP,Qwen2.5-Coder-7B,QUIP,62b45df05108cfac7f2109ce,3.0,0,0,0,2.0,1.0
CoderEval-Python-Qwen2.5-Coder-7B-QUIP,Qwen2.5-Coder-7B,QUIP,62b45df15108cfac7f2109dc,2.0,0,0,0,1.0,0.0
CoderEval-Python-Qwen2.5-Coder-7B-QUIP,Qwen2.5-Coder-7B,QUIP,62b45df15108cfac7f2109dd,1.0,1,0,0,0.0,0.0
CoderEval-Python-Qwen2.5-Coder-7B-QUIP,Qwen2.5-Coder-7B,QUIP,62b45e145108cfac7f210a07,6.0,0,0,0,3.0,4.0
CoderEval-Python-Qwen2.5-Coder-7B-QUIP,Qwen2.5-Coder-7B,QUIP,62b45e145108cfac7f210a09,9.0,0,0,0,4.0,5.0
CoderEval-Python-Qwen2.5-Coder-7B-QUIP,Qwen2.5-Coder-7B,QUIP,62b45e165108cfac7f210a16,6.0,0,0,0,3.0,2.0
CoderEval-Python-Qwen2.5-Coder-7B-QUIP,Qwen2.5-Coder-7B,QUIP,62b45e165108cfac7f210a17,5.0,0,1,0,2.0,1.0
CoderEval-Python-Qwen2.5-Coder-7B-QUIP,Qwen2.5-Coder-7B,QUIP,62b45e175108cfac7f210a19,11.0,0,0,0,6.0,6.0
CoderEval-Python-Qwen2.5-Coder-7B-QUIP,Qwen2.5-Coder-7B,QUIP,62b45e21e0d4551b0392c8ed,11.0,0,0,0,3.0,6.0
CoderEval-Python-Qwen2.5-Coder-7B-QUIP,Qwen2.5-Coder-7B,QUIP,62b45e23e0d4551b0392c90a,11.0,0,0,0,6.0,9.0
CoderEval-Python-Qwen2.5-Coder-7B-QUIP,Qwen2.5-Coder-7B,QUIP,62b45e2eb89c9fd354170232,4.0,0,0,0,1.0,0.0
CoderEval-Python-Qwen2.5-Coder-7B-QUIP,Qwen2.5-Coder-7B,QUIP,62b45e515108cfac7f210a3c,24.0,0,2,0,3.0,2.0
CoderEval-Python-Qwen2.5-Coder-7B-QUIP,Qwen2.5-Coder-7B,QUIP,62b45e945108cfac7f210a4a,12.0,0,0,0,8.0,9.0
CoderEval-Python-Qwen2.5-Coder-7B-QUIP,Qwen2.5-Coder-7B,QUIP,62b463153879012d19481498,3.0,0,0,0,2.0,0.0
CoderEval-Python-Qwen2.5-Coder-7B-QUIP,Qwen2.5-Coder-7B,QUIP,62b463153879012d1948149a,5.0,0,1,0,3.0,1.0
CoderEval-Python-Qwen2.5-Coder-7B-QUIP,Qwen2.5-Coder-7B,QUIP,62b463153879012d1948149b,4.0,0,0,0,2.0,1.0
CoderEval-Python-Qwen2.5-Coder-7B-QUIP,Qwen2.5-Coder-7B,QUIP,62b463153879012d1948149c,2.0,0,0,0,2.0,0.0
CoderEval-Python-Qwen2.5-Coder-7B-QUIP,Qwen2.5-Coder-7B,QUIP,62b463153879012d1948149d,2.0,0,0,0,1.0,0.0
CoderEval-Python-Qwen2.5-Coder-7B-QUIP,Qwen2.5-Coder-7B,QUIP,62b463153879012d1948149f,11.0,0,0,0,4.0,3.0
CoderEval-Python-Qwen2.5-Coder-7B-QUIP,Qwen2.5-Coder-7B,QUIP,62b463153879012d194814a1,1.0,0,0,0,0.0,0.0
CoderEval-Python-Qwen2.5-Coder-7B-QUIP,Qwen2.5-Coder-7B,QUIP,62b463163879012d194814a2,1.0,0,0,0,0.0,0.0
CoderEval-Python-Qwen2.5-Coder-7B-QUIP,Qwen2.5-Coder-7B,QUIP,62b463163879012d194814a4,15.0,0,0,0,8.0,2.0
CoderEval-Python-Qwen2.5-Coder-7B-QUIP,Qwen2.5-Coder-7B,QUIP,62b463163879012d194814a6,4.0,0,0,0,1.0,0.0
CoderEval-Python-Qwen2.5-Coder-7B-QUIP,Qwen2.5-Coder-7B,QUIP,62b4631b3879012d194814dd,1.0,0,0,0,0.0,0.0
CoderEval-Python-Qwen2.5-Coder-7B-QUIP,Qwen2.5-Coder-7B,QUIP,62b463283879012d1948153d,5.0,2,0,0,2.0,3.0
CoderEval-Python-Qwen2.5-Coder-7B-QUIP,Qwen2.5-Coder-7B,QUIP,62b463303879012d19481579,8.0,0,0,0,2.0,1.0
CoderEval-Python-Qwen2.5-Coder-7B-QUIP,Qwen2.5-Coder-7B,QUIP,62b46740d2f69a53b466171a,4.0,0,0,0,3.0,2.0
CoderEval-Python-Qwen2.5-Coder-7B-QUIP,Qwen2.5-Coder-7B,QUIP,62b46746d2f69a53b4661722,8.0,0,0,0,3.0,4.0
CoderEval-Python-Qwen2.5-Coder-7B-QUIP,Qwen2.5-Coder-7B,QUIP,62b86707b4d922cb0e688c2a,9.0,0,0,0,4.0,4.0
CoderEval-Python-Qwen2.5-Coder-7B-QUIP,Qwen2.5-Coder-7B,QUIP,62b86729b4d922cb0e688c2f,15.0,0,1,0,1.0,0.0
CoderEval-Python-Qwen2.5-Coder-7B-QUIP,Qwen2.5-Coder-7B,QUIP,62b869eab4d922cb0e688cbf,24.0,0,1,0,1.0,0.0
CoderEval-Python-Qwen2.5-Coder-7B-QUIP,Qwen2.5-Coder-7B,QUIP,62b869eab4d922cb0e688cc5,5.0,0,0,0,3.0,5.0
CoderEval-Python-Qwen2.5-Coder-7B-QUIP,Qwen2.5-Coder-7B,QUIP,62b869ebb4d922cb0e688cc6,3.0,0,0,0,2.0,3.0
CoderEval-Python-Qwen2.5-Coder-7B-QUIP,Qwen2.5-Coder-7B,QUIP,62b86a01b4d922cb0e688ccc,15.0,0,1,0,4.0,10.0
CoderEval-Python-Qwen2.5-Coder-7B-QUIP,Qwen2.5-Coder-7B,QUIP,62b86a4fb4d922cb0e688cf7,7.0,0,0,0,2.0,2.0
CoderEval-Python-Qwen2.5-Coder-7B-QUIP,Qwen2.5-Coder-7B,QUIP,62b86a4fb4d922cb0e688cf8,7.0,0,0,0,2.0,2.0
CoderEval-Python-Qwen2.5-Coder-7B-QUIP,Qwen2.5-Coder-7B,QUIP,62b86a9eb4d922cb0e688d25,3.0,0,0,0,1.0,0.0
CoderEval-Python-Qwen2.5-Coder-7B-QUIP,Qwen2.5-Coder-7B,QUIP,62b86aa3b4d922cb0e688d36,4.0,0,0,0,2.0,1.0
CoderEval-Python-Qwen2.5-Coder-7B-QUIP,Qwen2.5-Coder-7B,QUIP,62b87af09a0c4fa8b80b34f1,3.0,0,0,0,2.0,1.0
CoderEval-Python-Qwen2.5-Coder-7B-QUIP,Qwen2.5-Coder-7B,QUIP,62b87af19a0c4fa8b80b34f7,1.0,1,0,0,6.0,3.0
CoderEval-Python-Qwen2.5-Coder-7B-QUIP,Qwen2.5-Coder-7B,QUIP,62b87af69a0c4fa8b80b351a,2.0,0,0,0,2.0,1.0
CoderEval-Python-Qwen2.5-Coder-7B-QUIP,Qwen2.5-Coder-7B,QUIP,62b87af99a0c4fa8b80b3524,2.0,0,0,0,1.0,0.0
CoderEval-Python-Qwen2.5-Coder-7B-QUIP,Qwen2.5-Coder-7B,QUIP,62b87b099a0c4fa8b80b3538,2.0,0,0,0,2.0,1.0
CoderEval-Python-Qwen2.5-Coder-7B-QUIP,Qwen2.5-Coder-7B,QUIP,62b87b199a0c4fa8b80b354c,5.0,0,1,0,2.0,2.0
CoderEval-Python-Qwen2.5-Coder-7B-QUIP,Qwen2.5-Coder-7B,QUIP,62b87b199a0c4fa8b80b354e,2.0,0,0,0,1.0,0.0
CoderEval-Python-Qwen2.5-Coder-7B-QUIP,Qwen2.5-Coder-7B,QUIP,62b87b4f9a0c4fa8b80b3580,3.0,0,0,0,1.0,0.0
CoderEval-Python-Qwen2.5-Coder-7B-QUIP,Qwen2.5-Coder-7B,QUIP,62b87b4f9a0c4fa8b80b3581,14.0,0,0,0,5.0,8.0
CoderEval-Python-Qwen2.5-Coder-7B-QUIP,Qwen2.5-Coder-7B,QUIP,62b87b519a0c4fa8b80b3583,8.0,0,0,0,3.0,4.0
CoderEval-Python-Qwen2.5-Coder-7B-QUIP,Qwen2.5-Coder-7B,QUIP,62b87b7e9a0c4fa8b80b35bc,14.0,0,1,0,7.0,18.0
CoderEval-Python-Qwen2.5-Coder-7B-QUIP,Qwen2.5-Coder-7B,QUIP,62b87b839a0c4fa8b80b35cb,6.0,0,0,0,4.0,4.0
CoderEval-Python-Qwen2.5-Coder-7B-QUIP,Qwen2.5-Coder-7B,QUIP,62b87b859a0c4fa8b80b35d7,9.0,0,0,0,3.0,2.0
CoderEval-Python-Qwen2.5-Coder-7B-QUIP,Qwen2.5-Coder-7B,QUIP,62b87b869a0c4fa8b80b35e1,21.0,0,0,0,3.0,5.0
CoderEval-Python-Qwen2.5-Coder-7B-QUIP,Qwen2.5-Coder-7B,QUIP,62b87b989a0c4fa8b80b35ee,2.0,0,0,0,0.0,0.0
CoderEval-Python-Qwen2.5-Coder-7B-QUIP,Qwen2.5-Coder-7B,QUIP,62b87d23d292efb640a55667,6.0,0,0,0,2.0,0.0
CoderEval-Python-Qwen2.5-Coder-7B-QUIP,Qwen2.5-Coder-7B,QUIP,62b87d23d292efb640a55668,0.0,0,0,0,0.0,0.0
CoderEval-Python-Qwen2.5-Coder-7B-QUIP,Qwen2.5-Coder-7B,QUIP,62b87d23d292efb640a5566b,21.0,0,0,0,7.0,6.0
CoderEval-Python-Qwen2.5-Coder-7B-QUIP,Qwen2.5-Coder-7B,QUIP,62b87d24d292efb640a55670,7.0,0,0,0,1.0,1.0
CoderEval-Python-Qwen2.5-Coder-7B-QUIP,Qwen2.5-Coder-7B,QUIP,62b87d24d292efb640a5566d,2.0,0,0,0,2.0,1.0
CoderEval-Python-Qwen2.5-Coder-7B-QUIP,Qwen2.5-Coder-7B,QUIP,62b87d24d292efb640a5566f,3.0,0,0,0,1.0,0.0
CoderEval-Python-Qwen2.5-Coder-7B-QUIP,Qwen2.5-Coder-7B,QUIP,62b89640755ee91dce50a114,6.0,0,1,0,2.0,2.0
CoderEval-Python-Qwen2.5-Coder-7B-QUIP,Qwen2.5-Coder-7B,QUIP,62b8982f755ee91dce50a241,4.0,0,0,0,1.0,0.0
CoderEval-Python-Qwen2.5-Coder-7B-QUIP,Qwen2.5-Coder-7B,QUIP,62b8a4a4755ee91dce50a3d2,5.0,0,0,0,1.0,0.0
CoderEval-Python-Qwen2.5-Coder-7B-QUIP,Qwen2.5-Coder-7B,QUIP,62b8a7b2755ee91dce50a4a7,5.0,0,0,0,2.0,1.0
CoderEval-Python-Qwen2.5-Coder-7B-QUIP,Qwen2.5-Coder-7B,QUIP,62b8b3d4eb7e40a82d2d110d,1.0,1,0,0,0.0,0.0
CoderEval-Python-Qwen2.5-Coder-7B-QUIP,Qwen2.5-Coder-7B,QUIP,62b8b3d4eb7e40a82d2d110e,3.0,0,0,0,2.0,1.0
CoderEval-Python-Qwen2.5-Coder-7B-QUIP,Qwen2.5-Coder-7B,QUIP,62b8b3d4eb7e40a82d2d110f,1.0,1,0,0,0.0,0.0
CoderEval-Python-Qwen2.5-Coder-7B-QUIP,Qwen2.5-Coder-7B,QUIP,62b8b3d5eb7e40a82d2d1110,5.0,2,0,0,0.0,1.0
CoderEval-Python-Qwen2.5-Coder-7B-QUIP,Qwen2.5-Coder-7B,QUIP,62b8b3d6eb7e40a82d2d111c,9.0,0,1,0,2.0,4.0
CoderEval-Python-Qwen2.5-Coder-7B-QUIP,Qwen2.5-Coder-7B,QUIP,62b8b416eb7e40a82d2d1129,1.0,1,0,0,1.0,0.0
CoderEval-Python-Qwen2.5-Coder-7B-QUIP,Qwen2.5-Coder-7B,QUIP,62b8b4b9eb7e40a82d2d1134,5.0,0,1,0,2.0,2.0
CoderEval-Python-Qwen2.5-Coder-7B-QUIP,Qwen2.5-Coder-7B,QUIP,62b8b4baeb7e40a82d2d1136,13.0,0,1,0,7.0,8.0
CoderEval-Python-Qwen2.5-Coder-7B-QUIP,Qwen2.5-Coder-7B,QUIP,62b8b4baeb7e40a82d2d1137,12.0,0,1,0,7.0,8.0
CoderEval-Python-Qwen2.5-Coder-7B-QUIP,Qwen2.5-Coder-7B,QUIP,62b8b4c1eb7e40a82d2d1139,2.0,0,1,0,3.0,2.0
CoderEval-Python-Qwen2.5-Coder-7B-QUIP,Qwen2.5-Coder-7B,QUIP,62b8b559eb7e40a82d2d11f6,11.0,0,1,0,6.0,7.0
CoderEval-Python-Qwen2.5-Coder-7B-QUIP,Qwen2.5-Coder-7B,QUIP,62b8b559eb7e40a82d2d11f8,2.0,0,1,0,3.0,0.0
CoderEval-Python-Qwen2.5-Coder-7B-QUIP,Qwen2.5-Coder-7B,QUIP,62b8b58deb7e40a82d2d1269,3.0,0,1,0,1.0,0.0
CoderEval-Python-Qwen2.5-Coder-7B-QUIP,Qwen2.5-Coder-7B,QUIP,62b8b590eb7e40a82d2d1275,7.0,0,1,0,4.0,6.0
CoderEval-Python-Qwen2.5-Coder-7B-QUIP,Qwen2.5-Coder-7B,QUIP,62b8b59feb7e40a82d2d1291,1.0,1,0,0,0.0,0.0
CoderEval-Python-Qwen2.5-Coder-7B-QUIP,Qwen2.5-Coder-7B,QUIP,62b8d22548ba5a41d1c3f472,12.0,1,1,0,5.0,4.0
CoderEval-Python-Qwen2.5-Coder-7B-QUIP,Qwen2.5-Coder-7B,QUIP,62b8d22948ba5a41d1c3f47c,2.0,0,0,0,1.0,0.0
CoderEval-Python-Qwen2.5-Coder-7B-QUIP,Qwen2.5-Coder-7B,QUIP,62b8d22a48ba5a41d1c3f47d,9.0,0,0,0,2.0,3.0
CoderEval-Python-Qwen2.5-Coder-7B-QUIP,Qwen2.5-Coder-7B,QUIP,62b8d22a48ba5a41d1c3f47e,6.0,0,0,0,2.0,2.0
CoderEval-Python-Qwen2.5-Coder-7B-QUIP,Qwen2.5-Coder-7B,QUIP,62b8d22f48ba5a41d1c3f488,9.0,0,0,0,2.0,2.0
CoderEval-Python-Qwen2.5-Coder-7B-QUIP,Qwen2.5-Coder-7B,QUIP,62b8d23748ba5a41d1c3f496,23.0,1,5,0,6.0,7.0
CoderEval-Python-Qwen2.5-Coder-7B-QUIP,Qwen2.5-Coder-7B,QUIP,62b8d23748ba5a41d1c3f497,5.0,0,0,0,2.0,1.0
CoderEval-Python-Qwen2.5-Coder-7B-QUIP,Qwen2.5-Coder-7B,QUIP,62b8d23948ba5a41d1c3f498,11.0,1,1,0,5.0,4.0
CoderEval-Python-Qwen2.5-Coder-7B-QUIP,Qwen2.5-Coder-7B,QUIP,62b8d23a48ba5a41d1c3f499,5.0,0,0,0,2.0,1.0
CoderEval-Python-Qwen2.5-Coder-7B-QUIP,Qwen2.5-Coder-7B,QUIP,62b8d23b48ba5a41d1c3f49a,21.0,0,0,0,5.0,7.0
CoderEval-Python-Qwen2.5-Coder-7B-QUIP,Qwen2.5-Coder-7B,QUIP,62b8d23c48ba5a41d1c3f49b,7.0,0,0,0,2.0,1.0
CoderEval-Python-Qwen2.5-Coder-7B-QUIP,Qwen2.5-Coder-7B,QUIP,62b8d23e48ba5a41d1c3f49e,10.0,0,0,0,3.0,1.0
CoderEval-Python-Qwen2.5-Coder-7B-QUIP,Qwen2.5-Coder-7B,QUIP,62b8d24048ba5a41d1c3f49f,17.0,1,0,0,7.0,7.0
CoderEval-Python-Qwen2.5-Coder-7B-QUIP,Qwen2.5-Coder-7B,QUIP,62b8d27a48ba5a41d1c3f4c6,12.0,1,1,0,5.0,4.0
CoderEval-Python-Qwen2.5-Coder-7B-QUIP,Qwen2.5-Coder-7B,QUIP,62e4fb4d85ea9864308902e7,2.0,0,0,0,1.0,0.0
CoderEval-Python-Qwen2.5-Coder-7B-QUIP,Qwen2.5-Coder-7B,QUIP,62e4fb6585ea98643089032b,2.0,0,0,0,1.0,0.0
CoderEval-Python-Qwen2.5-Coder-7B-QUIP,Qwen2.5-Coder-7B,QUIP,62e4fbda85ea986430890403,5.0,0,0,0,1.0,0.0
CoderEval-Python-Qwen2.5-Coder-7B-QUIP,Qwen2.5-Coder-7B,QUIP,62e4fbda85ea986430890405,35.0,1,2,0,2.0,1.0
CoderEval-Python-Qwen2.5-Coder-7B-QUIP,Qwen2.5-Coder-7B,QUIP,62e5dc9ed76274f8a4026b5b,7.0,0,0,0,3.0,0.0
CoderEval-Python-Qwen2.5-Coder-7B-QUIP,Qwen2.5-Coder-7B,QUIP,62e60707d76274f8a4026b69,6.0,0,0,0,2.0,0.0
CoderEval-Python-Qwen2.5-Coder-7B-QUIP,Qwen2.5-Coder-7B,QUIP,62e60723d76274f8a4026b75,2.0,0,0,0,1.0,0.0
CoderEval-Python-Qwen2.5-Coder-7B-QUIP,Qwen2.5-Coder-7B,QUIP,62e60879d76274f8a4026bec,4.0,0,0,0,1.0,0.0
CoderEval-Python-Qwen2.5-Coder-7B-QUIP,Qwen2.5-Coder-7B,QUIP,62e6087ad76274f8a4026bf2,2.0,0,0,0,1.0,0.0
CoderEval-Python-Qwen2.5-Coder-7B-QUIP,Qwen2.5-Coder-7B,QUIP,62e6087bd76274f8a4026bfa,5.0,0,0,0,2.0,2.0
CoderEval-Python-Qwen2.5-Coder-7B-QUIP,Qwen2.5-Coder-7B,QUIP,62e60b10d76274f8a4026ccd,1.0,1,0,0,0.0,0.0
CoderEval-Python-Qwen2.5-Coder-7B-QUIP,Qwen2.5-Coder-7B,QUIP,62e60da4d76274f8a4026cf1,1.0,1,0,0,1.0,0.0
CoderEval-Python-Qwen2.5-Coder-7B-QUIP,Qwen2.5-Coder-7B,QUIP,62e60e05d76274f8a4026cfd,1.0,1,0,0,0.0,0.0
CoderEval-Python-Qwen2.5-Coder-7B-QUIP,Qwen2.5-Coder-7B,QUIP,62e60e49d76274f8a4026d25,6.0,0,2,0,3.0,0.0
CoderEval-Python-Qwen2.5-Coder-7B-QUIP,Qwen2.5-Coder-7B,QUIP,62e60ed4d76274f8a4026da0,1.0,1,0,0,0.0,0.0
CoderEval-Python-Qwen2.5-Coder-7B-QUIP,Qwen2.5-Coder-7B,QUIP,62e60f33d76274f8a4026de9,9.0,0,0,0,2.0,4.0
CoderEval-Python-Qwen2.5-Coder-7B-QUIP,Qwen2.5-Coder-7B,QUIP,62e60f37d76274f8a4026dfd,23.0,0,0,0,5.0,0.0
CoderEval-Python-Qwen2.5-Coder-7B-QUIP,Qwen2.5-Coder-7B,QUIP,62e60f3bd76274f8a4026e10,0.0,0,0,0,0.0,0.0
CoderEval-Python-Qwen2.5-Coder-7B-QUIP,Qwen2.5-Coder-7B,QUIP,62e60f43d76274f8a4026e28,7.0,0,0,0,2.0,1.0
CoderEval-Python-Qwen2.5-Coder-7B-QUIP,Qwen2.5-Coder-7B,QUIP,62ece4982e6aefcf4aabbd60,13.0,0,0,0,2.0,5.0
CoderEval-Python-Qwen2.5-Coder-7B-QUIP,Qwen2.5-Coder-7B,QUIP,62ece4982e6aefcf4aabbd61,7.0,0,0,0,3.0,3.0
CoderEval-Python-Qwen2.5-Coder-7B-QUIP,Qwen2.5-Coder-7B,QUIP,62ece4982e6aefcf4aabbd62,4.0,0,0,0,2.0,1.0
CoderEval-Python-Qwen2.5-Coder-7B-QUIP,Qwen2.5-Coder-7B,QUIP,62ece4982e6aefcf4aabbd63,2.0,0,0,0,2.0,1.0
CoderEval-Python-Qwen2.5-Coder-7B-QUIP,Qwen2.5-Coder-7B,QUIP,62ece4982e6aefcf4aabbd64,6.0,0,1,0,1.0,1.0
CoderEval-Python-Qwen2.5-Coder-7B-QUIP,Qwen2.5-Coder-7B,QUIP,62ece4982e6aefcf4aabbd65,2.0,0,0,0,1.0,0.0
CoderEval-Python-Qwen2.5-Coder-7B-QUIP,Qwen2.5-Coder-7B,QUIP,62ece4982e6aefcf4aabbd66,9.0,0,0,0,3.0,3.0
CoderEval-Python-Qwen2.5-Coder-7B-QUIP,Qwen2.5-Coder-7B,QUIP,62ece4982e6aefcf4aabbd67,7.0,0,0,0,4.0,5.0
CoderEval-Python-Qwen2.5-Coder-7B-QUIP,Qwen2.5-Coder-7B,QUIP,62ece4982e6aefcf4aabbd69,3.0,0,0,0,1.0,0.0
CoderEval-Python-Qwen2.5-Coder-7B-QUIP,Qwen2.5-Coder-7B,QUIP,62ece4982e6aefcf4aabbd70,3.0,0,0,0,1.0,0.0
CoderEval-Python-Qwen2.5-Coder-7B-QUIP,Qwen2.5-Coder-7B,QUIP,62ece4982e6aefcf4aabbd71,7.0,0,0,0,2.0,1.0
CoderEval-Python-Qwen2.5-Coder-7B-QUIP,Qwen2.5-Coder-7B,QUIP,62ece4982e6aefcf4aabbd72,3.0,1,0,0,1.0,0.0
CoderEval-Python-Qwen2.5-Coder-7B-QUIP,Qwen2.5-Coder-7B,QUIP,62ece4982e6aefcf4aabbd73,16.0,0,0,0,3.0,7.0
CoderEval-Python-Qwen2.5-Coder-7B-QUIP,Qwen2.5-Coder-7B,QUIP,62ece4982e6aefcf4aabbd74,17.0,0,0,0,2.0,1.0
CoderEval-Python-Qwen2.5-Coder-7B-QUIP,Qwen2.5-Coder-7B,QUIP,62ece4982e6aefcf4aabbd76,2.0,0,0,0,1.0,0.0
CoderEval-Python-Qwen2.5-Coder-7B-QUIP,Qwen2.5-Coder-7B,QUIP,62ece4982e6aefcf4aabbd77,22.0,0,0,0,5.0,9.0
CoderEval-Python-Qwen2.5-Coder-7B-QUIP,Qwen2.5-Coder-7B,QUIP,62ece4982e6aefcf4aabbd5f,3.0,0,0,0,2.0,1.0
CoderEval-Python-Qwen2.5-Coder-7B-QUIP,Qwen2.5-Coder-7B,QUIP,62ece4982e6aefcf4aabbd6a,2.0,0,0,0,1.0,0.0
CoderEval-Python-Qwen2.5-Coder-7B-QUIP,Qwen2.5-Coder-7B,QUIP,62ece4982e6aefcf4aabbd6b,6.0,0,0,0,2.0,1.0
CoderEval-Python-Qwen2.5-Coder-7B-QUIP,Qwen2.5-Coder-7B,QUIP,62ece4982e6aefcf4aabbd6f,10.0,0,0,0,1.0,0.0
CoderEval-Python-Qwen2.5-Coder-7B-QUIP,Qwen2.5-Coder-7B,QUIP,62ece4992e6aefcf4aabbd78,3.0,0,0,0,1.0,0.0
CoderEval-Python-Qwen2.5-Coder-7B-QUIP,Qwen2.5-Coder-7B,QUIP,62ece4992e6aefcf4aabbd79,9.0,0,0,0,4.0,5.0
CoderEval-Python-Qwen2.5-Coder-7B-QUIP,Qwen2.5-Coder-7B,QUIP,62ece4992e6aefcf4aabbd80,11.0,0,0,0,5.0,6.0
CoderEval-Python-Qwen2.5-Coder-7B-QUIP,Qwen2.5-Coder-7B,QUIP,62ece4992e6aefcf4aabbd82,8.0,0,0,0,3.0,4.0
CoderEval-Python-Qwen2.5-Coder-7B-QUIP,Qwen2.5-Coder-7B,QUIP,62ece4992e6aefcf4aabbd83,14.0,0,0,0,4.0,4.0
CoderEval-Python-Qwen2.5-Coder-7B-QUIP,Qwen2.5-Coder-7B,QUIP,62ece4992e6aefcf4aabbd84,12.0,0,0,0,5.0,5.0
CoderEval-Python-Qwen2.5-Coder-7B-QUIP,Qwen2.5-Coder-7B,QUIP,62ece4992e6aefcf4aabbd85,9.0,0,0,0,4.0,4.0
CoderEval-Python-Qwen2.5-Coder-7B-QUIP,Qwen2.5-Coder-7B,QUIP,62ece4992e6aefcf4aabbd86,3.0,0,1,0,1.0,0.0
CoderEval-Python-Qwen2.5-Coder-7B-QUIP,Qwen2.5-Coder-7B,QUIP,62ece4992e6aefcf4aabbd87,10.0,0,0,0,2.0,1.0
CoderEval-Python-Qwen2.5-Coder-7B-QUIP,Qwen2.5-Coder-7B,QUIP,62ece4992e6aefcf4aabbd88,3.0,0,0,0,1.0,0.0
CoderEval-Python-Qwen2.5-Coder-7B-QUIP,Qwen2.5-Coder-7B,QUIP,62ece4992e6aefcf4aabbd7a,3.0,0,0,0,1.0,0.0
CoderEval-Python-Qwen2.5-Coder-7B-QUIP,Qwen2.5-Coder-7B,QUIP,62ece4992e6aefcf4aabbd7b,6.0,0,0,0,3.0,2.0
CoderEval-Python-Qwen2.5-Coder-7B-QUIP,Qwen2.5-Coder-7B,QUIP,62ece4992e6aefcf4aabbd7c,1.0,1,0,0,0.0,0.0
CoderEval-Python-Qwen2.5-Coder-7B-QUIP,Qwen2.5-Coder-7B,QUIP,62ece4992e6aefcf4aabbd7d,8.0,0,0,0,2.0,1.0
CoderEval-Python-Qwen2.5-Coder-7B-QUIP,Qwen2.5-Coder-7B,QUIP,62ece4992e6aefcf4aabbd7e,8.0,0,0,0,4.0,3.0
CoderEval-Python-Qwen2.5-Coder-7B-QUIP,Qwen2.5-Coder-7B,QUIP,62ece4992e6aefcf4aabbd7f,8.0,0,0,0,1.0,0.0
CoderEval-Python-Qwen2.5-Coder-7B-QUIP,Qwen2.5-Coder-7B,QUIP,62ece4992e6aefcf4aabbd8a,23.0,0,1,0,8.0,15.0
CoderEval-Python-Qwen2.5-Coder-7B-QUIP,Qwen2.5-Coder-7B,QUIP,62ece4992e6aefcf4aabbd8b,8.0,0,0,0,2.0,3.0
CoderEval-Python-Qwen2.5-Coder-7B-QUIP,Qwen2.5-Coder-7B,QUIP,6305f9991d275c6667163c50,2.0,0,0,0,0.0,0.0
CoderEval-Python-Qwen2.5-Coder-7B-QUIP,Qwen2.5-Coder-7B,QUIP,6306091073426c38ae68acac,7.0,0,0,0,3.0,4.0
CoderEval-Python-Qwen2.5-Coder-7B-QUIP,Qwen2.5-Coder-7B,QUIP,6306091a73426c38ae68acc8,2.0,0,0,0,1.0,0.0
CoderEval-Python-Qwen2.5-Coder-7B-QUIP,Qwen2.5-Coder-7B,QUIP,6306092973426c38ae68ad01,6.0,0,0,0,3.0,3.0
CoderEval-Python-Qwen2.5-Coder-7B-QUIP,Qwen2.5-Coder-7B,QUIP,6306092c73426c38ae68ad02,8.0,0,0,0,3.0,4.0
CoderEval-Python-Qwen2.5-Coder-7B-QUIP,Qwen2.5-Coder-7B,QUIP,6306092d73426c38ae68ad04,3.0,0,0,0,1.0,0.0
CoderEval-Python-Qwen2.5-Coder-7B-QUIP,Qwen2.5-Coder-7B,QUIP,6306092d73426c38ae68ad05,3.0,0,0,0,1.0,0.0
CoderEval-Python-Qwen2.5-Coder-7B-QUIP,Qwen2.5-Coder-7B,QUIP,6306092d73426c38ae68ad06,2.0,0,0,0,2.0,0.0
CoderEval-Python-Qwen2.5-Coder-7B-QUIP,Qwen2.5-Coder-7B,QUIP,6306092d73426c38ae68ad08,7.0,0,1,0,5.0,7.0
CoderEval-Python-Qwen2.5-Coder-7B-QUIP,Qwen2.5-Coder-7B,QUIP,6306092e73426c38ae68ad0d,2.0,0,0,0,1.0,0.0
CoderEval-Python-Qwen2.5-Coder-7B-QUIP,Qwen2.5-Coder-7B,QUIP,6306092e73426c38ae68ad0f,12.0,0,0,0,3.0,5.0
CoderEval-Python-Qwen2.5-Coder-7B-QUIP,Qwen2.5-Coder-7B,QUIP,6306092f73426c38ae68ad13,17.0,0,2,0,6.0,6.0
CoderEval-Python-Qwen2.5-Coder-7B-QUIP,Qwen2.5-Coder-7B,QUIP,6306093273426c38ae68ad15,6.0,0,2,0,1.0,0.0
CoderEval-Python-Qwen2.5-Coder-7B-QUIP,Qwen2.5-Coder-7B,QUIP,63060ada73426c38ae68ad31,0.0,0,0,0,0.0,0.0
CoderEval-Python-Qwen2.5-Coder-7B-QUIP,Qwen2.5-Coder-7B,QUIP,63060b1a73426c38ae68ad3e,12.0,0,0,0,4.0,6.0
CoderEval-Python-Qwen2.5-Coder-7B-QUIP,Qwen2.5-Coder-7B,QUIP,63060b1b73426c38ae68ad42,4.0,0,0,0,2.0,1.0
CoderEval-Python-Qwen2.5-Coder-7B-QUIP,Qwen2.5-Coder-7B,QUIP,6306292052e177c0ba469f09,7.0,0,0,0,3.0,4.0
CoderEval-Python-Qwen2.5-Coder-7B-QUIP,Qwen2.5-Coder-7B,QUIP,6306292152e177c0ba469f0d,7.0,0,0,0,1.0,1.0
CoderEval-Python-Qwen2.5-Coder-7B-QUIP,Qwen2.5-Coder-7B,QUIP,6306292252e177c0ba469f11,8.0,0,0,0,3.0,1.0
CoderEval-Python-Qwen2.5-Coder-7B-QUIP,Qwen2.5-Coder-7B,QUIP,6306292352e177c0ba469f1d,13.0,0,0,0,3.0,2.0
CoderEval-Python-Qwen2.5-Coder-7B-QUIP,Qwen2.5-Coder-7B,QUIP,6306292352e177c0ba469f1e,11.0,1,5,0,3.0,2.0
CoderEval-Python-Qwen2.5-Coder-7B-QUIP,Qwen2.5-Coder-7B,QUIP,6306292652e177c0ba469f34,10.0,0,0,0,2.0,1.0
CoderEval-Python-Qwen2.5-Coder-7B-QUIP,Qwen2.5-Coder-7B,QUIP,6306292a52e177c0ba469f41,6.0,0,0,0,3.0,3.0
CoderEval-Python-Qwen2.5-Coder-7B-QUIP,Qwen2.5-Coder-7B,QUIP,6306298b52e177c0ba469fdc,5.0,0,0,0,2.0,1.0
CoderEval-Python-Qwen2.5-Coder-7B-QUIP,Qwen2.5-Coder-7B,QUIP,6306299052e177c0ba469fe8,2.0,0,0,0,1.0,0.0
CoderEval-Python-Qwen2.5-Coder-7B-QUIP,Qwen2.5-Coder-7B,QUIP,630629b952e177c0ba46a043,16.0,0,0,0,3.0,3.0
CoderEval-Python-Qwen2.5-Coder-7B-QUIP,Qwen2.5-Coder-7B,QUIP,630629d052e177c0ba46a0a1,12.0,0,1,0,1.0,0.0
CoderEval-Python-Qwen2.5-Coder-7B-QUIP,Qwen2.5-Coder-7B,QUIP,630629e052e177c0ba46a0c4,8.0,0,1,0,2.0,0.0
CoderEval-Python-Qwen2.5-Coder-7B-QUIP,Qwen2.5-Coder-7B,QUIP,630629e152e177c0ba46a0d1,8.0,0,0,0,2.0,1.0
CoderEval-Python-Qwen2.5-Coder-7B-QUIP,Qwen2.5-Coder-7B,QUIP,630629e152e177c0ba46a0d2,13.0,0,0,0,3.0,4.0
CoderEval-Python-Qwen2.5-Coder-7B-QUIP,Qwen2.5-Coder-7B,QUIP,630629e252e177c0ba46a0d6,10.0,0,1,0,2.0,2.0
CoderEval-Python-Qwen2.5-Coder-7B-QUIP,Qwen2.5-Coder-7B,QUIP,630629e752e177c0ba46a0fb,4.0,0,0,0,1.0,0.0
