Directory,Model,Method,TaskID,LoC,Reliability,Maintainability,Security_Hotspots,CyC,CoC
BCB-Python-CodeLlama-7B-BitsAndBytes,CodeLlama-7B,BitsAndBytes,BigCodeBench/0,11.0,0,0,0,3.0,3.0
BCB-Python-CodeLlama-7B-BitsAndBytes,CodeLlama-7B,BitsAndBytes,BigCodeBench/1,9.0,0,0,0,2.0,1.0
BCB-Python-CodeLlama-7B-BitsAndBytes,CodeLlama-7B,BitsAndBytes,BigCodeBench/2,8.0,0,1,0,2.0,1.0
BCB-Python-CodeLlama-7B-BitsAndBytes,CodeLlama-7B,BitsAndBytes,BigCodeBench/3,6.0,0,1,0,1.0,0.0
BCB-Python-CodeLlama-7B-BitsAndBytes,CodeLlama-7B,BitsAndBytes,BigCodeBench/4,7.0,0,0,0,2.0,1.0
BCB-Python-CodeLlama-7B-BitsAndBytes,CodeLlama-7B,BitsAndBytes,BigCodeBench/5,12.0,0,2,0,4.0,4.0
BCB-Python-CodeLlama-7B-BitsAndBytes,CodeLlama-7B,BitsAndBytes,BigCodeBench/6,9.0,0,0,0,3.0,1.0
BCB-Python-CodeLlama-7B-BitsAndBytes,CodeLlama-7B,BitsAndBytes,BigCodeBench/7,10.0,0,0,0,1.0,0.0
BCB-Python-CodeLlama-7B-BitsAndBytes,CodeLlama-7B,BitsAndBytes,BigCodeBench/8,9.0,0,2,0,1.0,0.0
BCB-Python-CodeLlama-7B-BitsAndBytes,CodeLlama-7B,BitsAndBytes,BigCodeBench/9,9.0,0,0,0,1.0,0.0
BCB-Python-CodeLlama-7B-BitsAndBytes,CodeLlama-7B,BitsAndBytes,BigCodeBench/10,14.0,0,4,0,2.0,1.0
BCB-Python-CodeLlama-7B-BitsAndBytes,CodeLlama-7B,BitsAndBytes,BigCodeBench/11,10.0,0,2,0,1.0,0.0
BCB-Python-CodeLlama-7B-BitsAndBytes,CodeLlama-7B,BitsAndBytes,BigCodeBench/12,19.0,0,2,0,2.0,1.0
BCB-Python-CodeLlama-7B-BitsAndBytes,CodeLlama-7B,BitsAndBytes,BigCodeBench/13,20.0,0,2,0,2.0,4.0
BCB-Python-CodeLlama-7B-BitsAndBytes,CodeLlama-7B,BitsAndBytes,BigCodeBench/14,24.0,0,0,0,4.0,6.0
BCB-Python-CodeLlama-7B-BitsAndBytes,CodeLlama-7B,BitsAndBytes,BigCodeBench/15,26.0,0,0,0,4.0,5.0
BCB-Python-CodeLlama-7B-BitsAndBytes,CodeLlama-7B,BitsAndBytes,BigCodeBench/16,14.0,0,0,0,4.0,3.0
BCB-Python-CodeLlama-7B-BitsAndBytes,CodeLlama-7B,BitsAndBytes,BigCodeBench/17,13.0,0,0,0,2.0,2.0
BCB-Python-CodeLlama-7B-BitsAndBytes,CodeLlama-7B,BitsAndBytes,BigCodeBench/18,19.0,0,0,0,4.0,3.0
BCB-Python-CodeLlama-7B-BitsAndBytes,CodeLlama-7B,BitsAndBytes,BigCodeBench/19,11.0,0,0,0,3.0,2.0
BCB-Python-CodeLlama-7B-BitsAndBytes,CodeLlama-7B,BitsAndBytes,BigCodeBench/20,12.0,0,0,0,1.0,0.0
BCB-Python-CodeLlama-7B-BitsAndBytes,CodeLlama-7B,BitsAndBytes,BigCodeBench/21,12.0,0,0,0,1.0,0.0
BCB-Python-CodeLlama-7B-BitsAndBytes,CodeLlama-7B,BitsAndBytes,BigCodeBench/22,10.0,0,1,0,1.0,0.0
BCB-Python-CodeLlama-7B-BitsAndBytes,CodeLlama-7B,BitsAndBytes,BigCodeBench/23,6.0,0,2,0,2.0,1.0
BCB-Python-CodeLlama-7B-BitsAndBytes,CodeLlama-7B,BitsAndBytes,BigCodeBench/24,9.0,0,1,0,3.0,2.0
BCB-Python-CodeLlama-7B-BitsAndBytes,CodeLlama-7B,BitsAndBytes,BigCodeBench/25,8.0,0,0,0,1.0,0.0
BCB-Python-CodeLlama-7B-BitsAndBytes,CodeLlama-7B,BitsAndBytes,BigCodeBench/26,9.0,0,0,0,1.0,0.0
BCB-Python-CodeLlama-7B-BitsAndBytes,CodeLlama-7B,BitsAndBytes,BigCodeBench/27,8.0,0,1,0,1.0,0.0
BCB-Python-CodeLlama-7B-BitsAndBytes,CodeLlama-7B,BitsAndBytes,BigCodeBench/28,8.0,0,0,0,1.0,0.0
BCB-Python-CodeLlama-7B-BitsAndBytes,CodeLlama-7B,BitsAndBytes,BigCodeBench/29,8.0,0,0,0,1.0,0.0
BCB-Python-CodeLlama-7B-BitsAndBytes,CodeLlama-7B,BitsAndBytes,BigCodeBench/30,23.0,0,3,0,8.0,9.0
BCB-Python-CodeLlama-7B-BitsAndBytes,CodeLlama-7B,BitsAndBytes,BigCodeBench/31,13.0,0,0,0,3.0,1.0
BCB-Python-CodeLlama-7B-BitsAndBytes,CodeLlama-7B,BitsAndBytes,BigCodeBench/32,10.0,0,0,0,2.0,2.0
BCB-Python-CodeLlama-7B-BitsAndBytes,CodeLlama-7B,BitsAndBytes,BigCodeBench/33,5.0,0,0,0,1.0,0.0
BCB-Python-CodeLlama-7B-BitsAndBytes,CodeLlama-7B,BitsAndBytes,BigCodeBench/34,9.0,0,0,0,1.0,0.0
BCB-Python-CodeLlama-7B-BitsAndBytes,CodeLlama-7B,BitsAndBytes,BigCodeBench/35,9.0,0,0,0,4.0,4.0
BCB-Python-CodeLlama-7B-BitsAndBytes,CodeLlama-7B,BitsAndBytes,BigCodeBench/36,15.0,0,0,0,4.0,4.0
BCB-Python-CodeLlama-7B-BitsAndBytes,CodeLlama-7B,BitsAndBytes,BigCodeBench/37,16.0,0,1,0,1.0,0.0
BCB-Python-CodeLlama-7B-BitsAndBytes,CodeLlama-7B,BitsAndBytes,BigCodeBench/38,16.0,0,1,0,1.0,0.0
BCB-Python-CodeLlama-7B-BitsAndBytes,CodeLlama-7B,BitsAndBytes,BigCodeBench/39,16.0,0,4,0,1.0,0.0
BCB-Python-CodeLlama-7B-BitsAndBytes,CodeLlama-7B,BitsAndBytes,BigCodeBench/40,10.0,0,0,0,1.0,0.0
BCB-Python-CodeLlama-7B-BitsAndBytes,CodeLlama-7B,BitsAndBytes,BigCodeBench/41,11.0,0,0,0,1.0,0.0
BCB-Python-CodeLlama-7B-BitsAndBytes,CodeLlama-7B,BitsAndBytes,BigCodeBench/42,17.0,0,1,0,1.0,0.0
BCB-Python-CodeLlama-7B-BitsAndBytes,CodeLlama-7B,BitsAndBytes,BigCodeBench/43,14.0,0,1,0,3.0,2.0
BCB-Python-CodeLlama-7B-BitsAndBytes,CodeLlama-7B,BitsAndBytes,BigCodeBench/44,13.0,0,1,0,2.0,1.0
BCB-Python-CodeLlama-7B-BitsAndBytes,CodeLlama-7B,BitsAndBytes,BigCodeBench/45,15.0,0,1,0,1.0,0.0
BCB-Python-CodeLlama-7B-BitsAndBytes,CodeLlama-7B,BitsAndBytes,BigCodeBench/46,9.0,0,0,0,2.0,1.0
BCB-Python-CodeLlama-7B-BitsAndBytes,CodeLlama-7B,BitsAndBytes,BigCodeBench/47,17.0,0,1,0,1.0,0.0
BCB-Python-CodeLlama-7B-BitsAndBytes,CodeLlama-7B,BitsAndBytes,BigCodeBench/48,14.0,0,0,0,2.0,2.0
BCB-Python-CodeLlama-7B-BitsAndBytes,CodeLlama-7B,BitsAndBytes,BigCodeBench/49,12.0,0,0,0,2.0,1.0
BCB-Python-CodeLlama-7B-BitsAndBytes,CodeLlama-7B,BitsAndBytes,BigCodeBench/50,25.0,0,1,0,2.0,1.0
BCB-Python-CodeLlama-7B-BitsAndBytes,CodeLlama-7B,BitsAndBytes,BigCodeBench/51,16.0,0,2,0,2.0,2.0
BCB-Python-CodeLlama-7B-BitsAndBytes,CodeLlama-7B,BitsAndBytes,BigCodeBench/52,8.0,0,0,0,1.0,0.0
BCB-Python-CodeLlama-7B-BitsAndBytes,CodeLlama-7B,BitsAndBytes,BigCodeBench/53,13.0,0,1,0,1.0,0.0
BCB-Python-CodeLlama-7B-BitsAndBytes,CodeLlama-7B,BitsAndBytes,BigCodeBench/54,10.0,0,0,0,2.0,0.0
BCB-Python-CodeLlama-7B-BitsAndBytes,CodeLlama-7B,BitsAndBytes,BigCodeBench/55,11.0,0,0,0,3.0,1.0
BCB-Python-CodeLlama-7B-BitsAndBytes,CodeLlama-7B,BitsAndBytes,BigCodeBench/56,7.0,0,0,0,1.0,0.0
BCB-Python-CodeLlama-7B-BitsAndBytes,CodeLlama-7B,BitsAndBytes,BigCodeBench/57,11.0,0,0,0,1.0,0.0
BCB-Python-CodeLlama-7B-BitsAndBytes,CodeLlama-7B,BitsAndBytes,BigCodeBench/58,14.0,0,0,0,1.0,0.0
BCB-Python-CodeLlama-7B-BitsAndBytes,CodeLlama-7B,BitsAndBytes,BigCodeBench/59,19.0,0,1,0,1.0,2.0
BCB-Python-CodeLlama-7B-BitsAndBytes,CodeLlama-7B,BitsAndBytes,BigCodeBench/60,8.0,0,0,0,1.0,0.0
BCB-Python-CodeLlama-7B-BitsAndBytes,CodeLlama-7B,BitsAndBytes,BigCodeBench/61,22.0,0,1,0,1.0,0.0
BCB-Python-CodeLlama-7B-BitsAndBytes,CodeLlama-7B,BitsAndBytes,BigCodeBench/62,6.0,0,0,0,1.0,0.0
BCB-Python-CodeLlama-7B-BitsAndBytes,CodeLlama-7B,BitsAndBytes,BigCodeBench/63,7.0,0,0,0,1.0,0.0
BCB-Python-CodeLlama-7B-BitsAndBytes,CodeLlama-7B,BitsAndBytes,BigCodeBench/64,11.0,0,0,0,1.0,0.0
BCB-Python-CodeLlama-7B-BitsAndBytes,CodeLlama-7B,BitsAndBytes,BigCodeBench/65,12.0,1,0,0,0.0,0.0
BCB-Python-CodeLlama-7B-BitsAndBytes,CodeLlama-7B,BitsAndBytes,BigCodeBench/66,12.0,0,0,0,1.0,0.0
BCB-Python-CodeLlama-7B-BitsAndBytes,CodeLlama-7B,BitsAndBytes,BigCodeBench/67,10.0,0,0,0,4.0,6.0
BCB-Python-CodeLlama-7B-BitsAndBytes,CodeLlama-7B,BitsAndBytes,BigCodeBench/68,9.0,0,0,0,1.0,0.0
BCB-Python-CodeLlama-7B-BitsAndBytes,CodeLlama-7B,BitsAndBytes,BigCodeBench/69,13.0,0,1,0,1.0,0.0
BCB-Python-CodeLlama-7B-BitsAndBytes,CodeLlama-7B,BitsAndBytes,BigCodeBench/70,25.0,0,1,0,3.0,3.0
BCB-Python-CodeLlama-7B-BitsAndBytes,CodeLlama-7B,BitsAndBytes,BigCodeBench/71,12.0,0,0,0,1.0,0.0
BCB-Python-CodeLlama-7B-BitsAndBytes,CodeLlama-7B,BitsAndBytes,BigCodeBench/72,26.0,0,2,0,6.0,9.0
BCB-Python-CodeLlama-7B-BitsAndBytes,CodeLlama-7B,BitsAndBytes,BigCodeBench/73,20.0,0,1,0,1.0,0.0
BCB-Python-CodeLlama-7B-BitsAndBytes,CodeLlama-7B,BitsAndBytes,BigCodeBench/74,25.0,0,0,0,2.0,3.0
BCB-Python-CodeLlama-7B-BitsAndBytes,CodeLlama-7B,BitsAndBytes,BigCodeBench/75,27.0,0,1,0,10.0,10.0
BCB-Python-CodeLlama-7B-BitsAndBytes,CodeLlama-7B,BitsAndBytes,BigCodeBench/76,14.0,0,1,0,1.0,0.0
BCB-Python-CodeLlama-7B-BitsAndBytes,CodeLlama-7B,BitsAndBytes,BigCodeBench/77,18.0,0,0,0,3.0,5.0
BCB-Python-CodeLlama-7B-BitsAndBytes,CodeLlama-7B,BitsAndBytes,BigCodeBench/78,12.0,0,1,0,2.0,1.0
BCB-Python-CodeLlama-7B-BitsAndBytes,CodeLlama-7B,BitsAndBytes,BigCodeBench/79,10.0,0,1,0,2.0,1.0
BCB-Python-CodeLlama-7B-BitsAndBytes,CodeLlama-7B,BitsAndBytes,BigCodeBench/80,12.0,0,0,0,2.0,0.0
BCB-Python-CodeLlama-7B-BitsAndBytes,CodeLlama-7B,BitsAndBytes,BigCodeBench/81,13.0,0,1,0,2.0,0.0
BCB-Python-CodeLlama-7B-BitsAndBytes,CodeLlama-7B,BitsAndBytes,BigCodeBench/82,39.0,0,3,0,6.0,1.0
BCB-Python-CodeLlama-7B-BitsAndBytes,CodeLlama-7B,BitsAndBytes,BigCodeBench/83,15.0,0,1,0,1.0,0.0
BCB-Python-CodeLlama-7B-BitsAndBytes,CodeLlama-7B,BitsAndBytes,BigCodeBench/84,31.0,0,2,0,11.0,10.0
BCB-Python-CodeLlama-7B-BitsAndBytes,CodeLlama-7B,BitsAndBytes,BigCodeBench/85,25.0,0,5,0,2.0,1.0
BCB-Python-CodeLlama-7B-BitsAndBytes,CodeLlama-7B,BitsAndBytes,BigCodeBench/86,14.0,0,3,0,1.0,0.0
BCB-Python-CodeLlama-7B-BitsAndBytes,CodeLlama-7B,BitsAndBytes,BigCodeBench/87,12.0,0,1,0,2.0,1.0
BCB-Python-CodeLlama-7B-BitsAndBytes,CodeLlama-7B,BitsAndBytes,BigCodeBench/88,15.0,0,1,0,1.0,0.0
BCB-Python-CodeLlama-7B-BitsAndBytes,CodeLlama-7B,BitsAndBytes,BigCodeBench/89,24.0,0,2,0,1.0,0.0
BCB-Python-CodeLlama-7B-BitsAndBytes,CodeLlama-7B,BitsAndBytes,BigCodeBench/90,17.0,0,0,0,4.0,2.0
BCB-Python-CodeLlama-7B-BitsAndBytes,CodeLlama-7B,BitsAndBytes,BigCodeBench/91,14.0,0,1,0,3.0,2.0
BCB-Python-CodeLlama-7B-BitsAndBytes,CodeLlama-7B,BitsAndBytes,BigCodeBench/92,19.0,0,2,0,4.0,3.0
BCB-Python-CodeLlama-7B-BitsAndBytes,CodeLlama-7B,BitsAndBytes,BigCodeBench/93,14.0,0,2,0,1.0,0.0
BCB-Python-CodeLlama-7B-BitsAndBytes,CodeLlama-7B,BitsAndBytes,BigCodeBench/94,12.0,0,1,0,1.0,0.0
BCB-Python-CodeLlama-7B-BitsAndBytes,CodeLlama-7B,BitsAndBytes,BigCodeBench/95,17.0,0,0,0,7.0,7.0
BCB-Python-CodeLlama-7B-BitsAndBytes,CodeLlama-7B,BitsAndBytes,BigCodeBench/96,11.0,0,1,0,1.0,0.0
BCB-Python-CodeLlama-7B-BitsAndBytes,CodeLlama-7B,BitsAndBytes,BigCodeBench/97,9.0,0,0,0,1.0,0.0
BCB-Python-CodeLlama-7B-BitsAndBytes,CodeLlama-7B,BitsAndBytes,BigCodeBench/98,9.0,0,1,0,1.0,0.0
BCB-Python-CodeLlama-7B-BitsAndBytes,CodeLlama-7B,BitsAndBytes,BigCodeBench/99,17.0,0,0,0,1.0,0.0
BCB-Python-CodeLlama-7B-BitsAndBytes,CodeLlama-7B,BitsAndBytes,BigCodeBench/100,23.0,0,3,0,2.0,1.0
BCB-Python-CodeLlama-7B-BitsAndBytes,CodeLlama-7B,BitsAndBytes,BigCodeBench/101,14.0,0,1,0,1.0,1.0
BCB-Python-CodeLlama-7B-BitsAndBytes,CodeLlama-7B,BitsAndBytes,BigCodeBench/102,11.0,0,0,0,1.0,0.0
BCB-Python-CodeLlama-7B-BitsAndBytes,CodeLlama-7B,BitsAndBytes,BigCodeBench/103,14.0,0,1,0,3.0,2.0
BCB-Python-CodeLlama-7B-BitsAndBytes,CodeLlama-7B,BitsAndBytes,BigCodeBench/104,14.0,0,1,0,4.0,3.0
BCB-Python-CodeLlama-7B-BitsAndBytes,CodeLlama-7B,BitsAndBytes,BigCodeBench/105,19.0,0,0,0,4.0,3.0
BCB-Python-CodeLlama-7B-BitsAndBytes,CodeLlama-7B,BitsAndBytes,BigCodeBench/106,20.0,0,1,0,3.0,2.0
BCB-Python-CodeLlama-7B-BitsAndBytes,CodeLlama-7B,BitsAndBytes,BigCodeBench/107,15.0,0,2,0,3.0,2.0
BCB-Python-CodeLlama-7B-BitsAndBytes,CodeLlama-7B,BitsAndBytes,BigCodeBench/108,19.0,0,2,0,5.0,4.0
BCB-Python-CodeLlama-7B-BitsAndBytes,CodeLlama-7B,BitsAndBytes,BigCodeBench/109,21.0,0,1,0,6.0,7.0
BCB-Python-CodeLlama-7B-BitsAndBytes,CodeLlama-7B,BitsAndBytes,BigCodeBench/110,13.0,0,1,0,5.0,3.0
BCB-Python-CodeLlama-7B-BitsAndBytes,CodeLlama-7B,BitsAndBytes,BigCodeBench/111,8.0,0,0,0,5.0,2.0
BCB-Python-CodeLlama-7B-BitsAndBytes,CodeLlama-7B,BitsAndBytes,BigCodeBench/112,14.0,0,1,0,3.0,2.0
BCB-Python-CodeLlama-7B-BitsAndBytes,CodeLlama-7B,BitsAndBytes,BigCodeBench/113,16.0,0,1,0,4.0,3.0
BCB-Python-CodeLlama-7B-BitsAndBytes,CodeLlama-7B,BitsAndBytes,BigCodeBench/114,11.0,0,0,0,3.0,2.0
BCB-Python-CodeLlama-7B-BitsAndBytes,CodeLlama-7B,BitsAndBytes,BigCodeBench/115,10.0,0,0,0,2.0,1.0
BCB-Python-CodeLlama-7B-BitsAndBytes,CodeLlama-7B,BitsAndBytes,BigCodeBench/116,12.0,0,1,0,1.0,0.0
BCB-Python-CodeLlama-7B-BitsAndBytes,CodeLlama-7B,BitsAndBytes,BigCodeBench/117,16.0,0,2,0,4.0,3.0
BCB-Python-CodeLlama-7B-BitsAndBytes,CodeLlama-7B,BitsAndBytes,BigCodeBench/118,13.0,0,0,0,4.0,2.0
BCB-Python-CodeLlama-7B-BitsAndBytes,CodeLlama-7B,BitsAndBytes,BigCodeBench/119,12.0,0,0,0,1.0,0.0
BCB-Python-CodeLlama-7B-BitsAndBytes,CodeLlama-7B,BitsAndBytes,BigCodeBench/120,15.0,0,0,0,5.0,4.0
BCB-Python-CodeLlama-7B-BitsAndBytes,CodeLlama-7B,BitsAndBytes,BigCodeBench/121,22.0,0,6,0,2.0,1.0
BCB-Python-CodeLlama-7B-BitsAndBytes,CodeLlama-7B,BitsAndBytes,BigCodeBench/122,7.0,0,1,0,1.0,0.0
BCB-Python-CodeLlama-7B-BitsAndBytes,CodeLlama-7B,BitsAndBytes,BigCodeBench/123,11.0,0,1,0,3.0,2.0
BCB-Python-CodeLlama-7B-BitsAndBytes,CodeLlama-7B,BitsAndBytes,BigCodeBench/124,24.0,0,2,0,5.0,5.0
BCB-Python-CodeLlama-7B-BitsAndBytes,CodeLlama-7B,BitsAndBytes,BigCodeBench/125,14.0,0,1,0,3.0,3.0
BCB-Python-CodeLlama-7B-BitsAndBytes,CodeLlama-7B,BitsAndBytes,BigCodeBench/126,24.0,0,1,0,2.0,1.0
BCB-Python-CodeLlama-7B-BitsAndBytes,CodeLlama-7B,BitsAndBytes,BigCodeBench/127,15.0,0,3,0,4.0,4.0
BCB-Python-CodeLlama-7B-BitsAndBytes,CodeLlama-7B,BitsAndBytes,BigCodeBench/128,30.0,0,2,0,3.0,6.0
BCB-Python-CodeLlama-7B-BitsAndBytes,CodeLlama-7B,BitsAndBytes,BigCodeBench/129,19.0,0,0,0,5.0,5.0
BCB-Python-CodeLlama-7B-BitsAndBytes,CodeLlama-7B,BitsAndBytes,BigCodeBench/130,10.0,0,1,0,1.0,0.0
BCB-Python-CodeLlama-7B-BitsAndBytes,CodeLlama-7B,BitsAndBytes,BigCodeBench/131,10.0,0,1,0,1.0,0.0
BCB-Python-CodeLlama-7B-BitsAndBytes,CodeLlama-7B,BitsAndBytes,BigCodeBench/132,16.0,0,2,0,3.0,2.0
BCB-Python-CodeLlama-7B-BitsAndBytes,CodeLlama-7B,BitsAndBytes,BigCodeBench/133,19.0,0,1,0,3.0,2.0
BCB-Python-CodeLlama-7B-BitsAndBytes,CodeLlama-7B,BitsAndBytes,BigCodeBench/134,15.0,0,1,0,3.0,2.0
BCB-Python-CodeLlama-7B-BitsAndBytes,CodeLlama-7B,BitsAndBytes,BigCodeBench/135,13.0,0,0,0,3.0,2.0
BCB-Python-CodeLlama-7B-BitsAndBytes,CodeLlama-7B,BitsAndBytes,BigCodeBench/136,18.0,0,4,0,3.0,2.0
BCB-Python-CodeLlama-7B-BitsAndBytes,CodeLlama-7B,BitsAndBytes,BigCodeBench/137,10.0,0,0,0,3.0,2.0
BCB-Python-CodeLlama-7B-BitsAndBytes,CodeLlama-7B,BitsAndBytes,BigCodeBench/138,12.0,0,0,0,3.0,2.0
BCB-Python-CodeLlama-7B-BitsAndBytes,CodeLlama-7B,BitsAndBytes,BigCodeBench/139,11.0,0,0,0,5.0,3.0
BCB-Python-CodeLlama-7B-BitsAndBytes,CodeLlama-7B,BitsAndBytes,BigCodeBench/140,13.0,0,0,0,4.0,3.0
BCB-Python-CodeLlama-7B-BitsAndBytes,CodeLlama-7B,BitsAndBytes,BigCodeBench/141,15.0,0,1,0,3.0,2.0
BCB-Python-CodeLlama-7B-BitsAndBytes,CodeLlama-7B,BitsAndBytes,BigCodeBench/142,17.0,0,0,0,1.0,0.0
BCB-Python-CodeLlama-7B-BitsAndBytes,CodeLlama-7B,BitsAndBytes,BigCodeBench/143,17.0,0,1,0,1.0,0.0
BCB-Python-CodeLlama-7B-BitsAndBytes,CodeLlama-7B,BitsAndBytes,BigCodeBench/144,16.0,0,0,0,3.0,6.0
BCB-Python-CodeLlama-7B-BitsAndBytes,CodeLlama-7B,BitsAndBytes,BigCodeBench/145,12.0,0,0,0,3.0,2.0
BCB-Python-CodeLlama-7B-BitsAndBytes,CodeLlama-7B,BitsAndBytes,BigCodeBench/146,13.0,0,0,0,2.0,3.0
BCB-Python-CodeLlama-7B-BitsAndBytes,CodeLlama-7B,BitsAndBytes,BigCodeBench/147,21.0,0,1,0,3.0,2.0
BCB-Python-CodeLlama-7B-BitsAndBytes,CodeLlama-7B,BitsAndBytes,BigCodeBench/148,6.0,0,0,0,1.0,0.0
BCB-Python-CodeLlama-7B-BitsAndBytes,CodeLlama-7B,BitsAndBytes,BigCodeBench/149,9.0,0,0,0,2.0,1.0
BCB-Python-CodeLlama-7B-BitsAndBytes,CodeLlama-7B,BitsAndBytes,BigCodeBench/150,17.0,0,3,0,1.0,0.0
BCB-Python-CodeLlama-7B-BitsAndBytes,CodeLlama-7B,BitsAndBytes,BigCodeBench/151,20.0,0,1,0,2.0,1.0
BCB-Python-CodeLlama-7B-BitsAndBytes,CodeLlama-7B,BitsAndBytes,BigCodeBench/152,19.0,0,0,0,4.0,4.0
BCB-Python-CodeLlama-7B-BitsAndBytes,CodeLlama-7B,BitsAndBytes,BigCodeBench/153,9.0,0,0,0,2.0,1.0
BCB-Python-CodeLlama-7B-BitsAndBytes,CodeLlama-7B,BitsAndBytes,BigCodeBench/154,16.0,0,0,0,4.0,4.0
BCB-Python-CodeLlama-7B-BitsAndBytes,CodeLlama-7B,BitsAndBytes,BigCodeBench/155,12.0,0,1,0,1.0,0.0
BCB-Python-CodeLlama-7B-BitsAndBytes,CodeLlama-7B,BitsAndBytes,BigCodeBench/156,14.0,0,1,0,1.0,0.0
BCB-Python-CodeLlama-7B-BitsAndBytes,CodeLlama-7B,BitsAndBytes,BigCodeBench/157,12.0,0,0,0,3.0,2.0
BCB-Python-CodeLlama-7B-BitsAndBytes,CodeLlama-7B,BitsAndBytes,BigCodeBench/158,12.0,0,0,0,1.0,0.0
BCB-Python-CodeLlama-7B-BitsAndBytes,CodeLlama-7B,BitsAndBytes,BigCodeBench/159,10.0,0,2,0,1.0,0.0
BCB-Python-CodeLlama-7B-BitsAndBytes,CodeLlama-7B,BitsAndBytes,BigCodeBench/160,14.0,0,0,0,3.0,2.0
BCB-Python-CodeLlama-7B-BitsAndBytes,CodeLlama-7B,BitsAndBytes,BigCodeBench/161,18.0,0,0,0,3.0,3.0
BCB-Python-CodeLlama-7B-BitsAndBytes,CodeLlama-7B,BitsAndBytes,BigCodeBench/162,14.0,0,1,0,1.0,0.0
BCB-Python-CodeLlama-7B-BitsAndBytes,CodeLlama-7B,BitsAndBytes,BigCodeBench/163,13.0,0,1,0,2.0,1.0
BCB-Python-CodeLlama-7B-BitsAndBytes,CodeLlama-7B,BitsAndBytes,BigCodeBench/164,14.0,0,2,0,1.0,0.0
BCB-Python-CodeLlama-7B-BitsAndBytes,CodeLlama-7B,BitsAndBytes,BigCodeBench/165,18.0,0,0,0,1.0,0.0
BCB-Python-CodeLlama-7B-BitsAndBytes,CodeLlama-7B,BitsAndBytes,BigCodeBench/166,15.0,0,0,0,7.0,7.0
BCB-Python-CodeLlama-7B-BitsAndBytes,CodeLlama-7B,BitsAndBytes,BigCodeBench/167,17.0,0,1,0,2.0,1.0
BCB-Python-CodeLlama-7B-BitsAndBytes,CodeLlama-7B,BitsAndBytes,BigCodeBench/168,16.0,0,2,0,1.0,0.0
BCB-Python-CodeLlama-7B-BitsAndBytes,CodeLlama-7B,BitsAndBytes,BigCodeBench/169,16.0,0,1,0,3.0,2.0
BCB-Python-CodeLlama-7B-BitsAndBytes,CodeLlama-7B,BitsAndBytes,BigCodeBench/170,10.0,0,1,0,2.0,1.0
BCB-Python-CodeLlama-7B-BitsAndBytes,CodeLlama-7B,BitsAndBytes,BigCodeBench/171,12.0,0,1,0,1.0,0.0
BCB-Python-CodeLlama-7B-BitsAndBytes,CodeLlama-7B,BitsAndBytes,BigCodeBench/172,10.0,0,0,0,2.0,2.0
BCB-Python-CodeLlama-7B-BitsAndBytes,CodeLlama-7B,BitsAndBytes,BigCodeBench/173,7.0,0,1,0,1.0,0.0
BCB-Python-CodeLlama-7B-BitsAndBytes,CodeLlama-7B,BitsAndBytes,BigCodeBench/174,8.0,0,1,0,2.0,1.0
BCB-Python-CodeLlama-7B-BitsAndBytes,CodeLlama-7B,BitsAndBytes,BigCodeBench/175,13.0,0,0,0,2.0,1.0
BCB-Python-CodeLlama-7B-BitsAndBytes,CodeLlama-7B,BitsAndBytes,BigCodeBench/176,11.0,0,0,0,2.0,3.0
BCB-Python-CodeLlama-7B-BitsAndBytes,CodeLlama-7B,BitsAndBytes,BigCodeBench/177,16.0,0,0,0,6.0,6.0
BCB-Python-CodeLlama-7B-BitsAndBytes,CodeLlama-7B,BitsAndBytes,BigCodeBench/178,9.0,0,2,0,2.0,1.0
BCB-Python-CodeLlama-7B-BitsAndBytes,CodeLlama-7B,BitsAndBytes,BigCodeBench/179,17.0,0,0,0,3.0,2.0
BCB-Python-CodeLlama-7B-BitsAndBytes,CodeLlama-7B,BitsAndBytes,BigCodeBench/180,24.0,0,1,0,4.0,4.0
BCB-Python-CodeLlama-7B-BitsAndBytes,CodeLlama-7B,BitsAndBytes,BigCodeBench/181,10.0,0,0,0,1.0,0.0
BCB-Python-CodeLlama-7B-BitsAndBytes,CodeLlama-7B,BitsAndBytes,BigCodeBench/182,11.0,0,1,0,1.0,0.0
BCB-Python-CodeLlama-7B-BitsAndBytes,CodeLlama-7B,BitsAndBytes,BigCodeBench/183,7.0,0,0,0,1.0,0.0
BCB-Python-CodeLlama-7B-BitsAndBytes,CodeLlama-7B,BitsAndBytes,BigCodeBench/184,21.0,0,1,0,1.0,0.0
BCB-Python-CodeLlama-7B-BitsAndBytes,CodeLlama-7B,BitsAndBytes,BigCodeBench/185,15.0,0,4,0,6.0,3.0
BCB-Python-CodeLlama-7B-BitsAndBytes,CodeLlama-7B,BitsAndBytes,BigCodeBench/186,14.0,0,0,0,5.0,5.0
BCB-Python-CodeLlama-7B-BitsAndBytes,CodeLlama-7B,BitsAndBytes,BigCodeBench/187,12.0,0,4,0,5.0,2.0
BCB-Python-CodeLlama-7B-BitsAndBytes,CodeLlama-7B,BitsAndBytes,BigCodeBench/188,13.0,0,0,0,3.0,4.0
BCB-Python-CodeLlama-7B-BitsAndBytes,CodeLlama-7B,BitsAndBytes,BigCodeBench/189,14.0,0,1,0,3.0,4.0
BCB-Python-CodeLlama-7B-BitsAndBytes,CodeLlama-7B,BitsAndBytes,BigCodeBench/190,18.0,0,0,0,2.0,1.0
BCB-Python-CodeLlama-7B-BitsAndBytes,CodeLlama-7B,BitsAndBytes,BigCodeBench/191,11.0,0,1,0,3.0,4.0
BCB-Python-CodeLlama-7B-BitsAndBytes,CodeLlama-7B,BitsAndBytes,BigCodeBench/192,21.0,0,1,0,2.0,1.0
BCB-Python-CodeLlama-7B-BitsAndBytes,CodeLlama-7B,BitsAndBytes,BigCodeBench/193,10.0,0,1,0,1.0,0.0
BCB-Python-CodeLlama-7B-BitsAndBytes,CodeLlama-7B,BitsAndBytes,BigCodeBench/194,8.0,0,2,0,1.0,0.0
BCB-Python-CodeLlama-7B-BitsAndBytes,CodeLlama-7B,BitsAndBytes,BigCodeBench/195,10.0,0,0,0,2.0,1.0
BCB-Python-CodeLlama-7B-BitsAndBytes,CodeLlama-7B,BitsAndBytes,BigCodeBench/196,12.0,0,1,0,2.0,1.0
BCB-Python-CodeLlama-7B-BitsAndBytes,CodeLlama-7B,BitsAndBytes,BigCodeBench/197,14.0,0,2,0,1.0,0.0
BCB-Python-CodeLlama-7B-BitsAndBytes,CodeLlama-7B,BitsAndBytes,BigCodeBench/198,14.0,0,0,0,2.0,0.0
BCB-Python-CodeLlama-7B-BitsAndBytes,CodeLlama-7B,BitsAndBytes,BigCodeBench/199,22.0,0,0,0,6.0,5.0
BCB-Python-CodeLlama-7B-BitsAndBytes,CodeLlama-7B,BitsAndBytes,BigCodeBench/200,13.0,0,0,0,3.0,0.0
BCB-Python-CodeLlama-7B-BitsAndBytes,CodeLlama-7B,BitsAndBytes,BigCodeBench/201,18.0,0,1,0,3.0,2.0
BCB-Python-CodeLlama-7B-BitsAndBytes,CodeLlama-7B,BitsAndBytes,BigCodeBench/202,8.0,0,1,0,1.0,0.0
BCB-Python-CodeLlama-7B-BitsAndBytes,CodeLlama-7B,BitsAndBytes,BigCodeBench/203,17.0,1,0,0,1.0,0.0
BCB-Python-CodeLlama-7B-BitsAndBytes,CodeLlama-7B,BitsAndBytes,BigCodeBench/204,17.0,0,2,0,1.0,0.0
BCB-Python-CodeLlama-7B-BitsAndBytes,CodeLlama-7B,BitsAndBytes,BigCodeBench/205,12.0,0,0,0,3.0,1.0
BCB-Python-CodeLlama-7B-BitsAndBytes,CodeLlama-7B,BitsAndBytes,BigCodeBench/206,12.0,0,0,0,2.0,1.0
BCB-Python-CodeLlama-7B-BitsAndBytes,CodeLlama-7B,BitsAndBytes,BigCodeBench/207,10.0,0,0,0,2.0,2.0
BCB-Python-CodeLlama-7B-BitsAndBytes,CodeLlama-7B,BitsAndBytes,BigCodeBench/208,14.0,0,2,0,2.0,1.0
BCB-Python-CodeLlama-7B-BitsAndBytes,CodeLlama-7B,BitsAndBytes,BigCodeBench/209,15.0,0,1,0,1.0,0.0
BCB-Python-CodeLlama-7B-BitsAndBytes,CodeLlama-7B,BitsAndBytes,BigCodeBench/210,15.0,0,1,0,1.0,0.0
BCB-Python-CodeLlama-7B-BitsAndBytes,CodeLlama-7B,BitsAndBytes,BigCodeBench/211,9.0,0,0,0,1.0,0.0
BCB-Python-CodeLlama-7B-BitsAndBytes,CodeLlama-7B,BitsAndBytes,BigCodeBench/212,15.0,0,1,0,1.0,0.0
BCB-Python-CodeLlama-7B-BitsAndBytes,CodeLlama-7B,BitsAndBytes,BigCodeBench/213,14.0,0,1,0,1.0,0.0
BCB-Python-CodeLlama-7B-BitsAndBytes,CodeLlama-7B,BitsAndBytes,BigCodeBench/214,11.0,0,2,0,2.0,1.0
BCB-Python-CodeLlama-7B-BitsAndBytes,CodeLlama-7B,BitsAndBytes,BigCodeBench/215,19.0,0,2,0,2.0,1.0
BCB-Python-CodeLlama-7B-BitsAndBytes,CodeLlama-7B,BitsAndBytes,BigCodeBench/216,14.0,0,0,0,2.0,1.0
BCB-Python-CodeLlama-7B-BitsAndBytes,CodeLlama-7B,BitsAndBytes,BigCodeBench/217,17.0,0,2,0,1.0,0.0
BCB-Python-CodeLlama-7B-BitsAndBytes,CodeLlama-7B,BitsAndBytes,BigCodeBench/218,30.0,0,1,0,5.0,4.0
BCB-Python-CodeLlama-7B-BitsAndBytes,CodeLlama-7B,BitsAndBytes,BigCodeBench/219,15.0,0,0,0,1.0,0.0
BCB-Python-CodeLlama-7B-BitsAndBytes,CodeLlama-7B,BitsAndBytes,BigCodeBench/220,114.0,1,1,0,2.0,1.0
BCB-Python-CodeLlama-7B-BitsAndBytes,CodeLlama-7B,BitsAndBytes,BigCodeBench/221,17.0,0,0,0,5.0,5.0
BCB-Python-CodeLlama-7B-BitsAndBytes,CodeLlama-7B,BitsAndBytes,BigCodeBench/222,13.0,0,1,0,1.0,0.0
BCB-Python-CodeLlama-7B-BitsAndBytes,CodeLlama-7B,BitsAndBytes,BigCodeBench/223,14.0,0,0,0,6.0,6.0
BCB-Python-CodeLlama-7B-BitsAndBytes,CodeLlama-7B,BitsAndBytes,BigCodeBench/224,18.0,0,1,0,1.0,0.0
BCB-Python-CodeLlama-7B-BitsAndBytes,CodeLlama-7B,BitsAndBytes,BigCodeBench/225,19.0,0,0,0,9.0,12.0
BCB-Python-CodeLlama-7B-BitsAndBytes,CodeLlama-7B,BitsAndBytes,BigCodeBench/226,14.0,0,0,0,1.0,0.0
BCB-Python-CodeLlama-7B-BitsAndBytes,CodeLlama-7B,BitsAndBytes,BigCodeBench/227,25.0,0,5,0,2.0,1.0
BCB-Python-CodeLlama-7B-BitsAndBytes,CodeLlama-7B,BitsAndBytes,BigCodeBench/228,11.0,0,0,0,3.0,2.0
BCB-Python-CodeLlama-7B-BitsAndBytes,CodeLlama-7B,BitsAndBytes,BigCodeBench/229,21.0,0,1,0,3.0,2.0
BCB-Python-CodeLlama-7B-BitsAndBytes,CodeLlama-7B,BitsAndBytes,BigCodeBench/230,17.0,0,1,0,2.0,1.0
BCB-Python-CodeLlama-7B-BitsAndBytes,CodeLlama-7B,BitsAndBytes,BigCodeBench/231,22.0,0,3,0,2.0,0.0
BCB-Python-CodeLlama-7B-BitsAndBytes,CodeLlama-7B,BitsAndBytes,BigCodeBench/232,11.0,0,0,0,2.0,1.0
BCB-Python-CodeLlama-7B-BitsAndBytes,CodeLlama-7B,BitsAndBytes,BigCodeBench/233,21.0,0,1,0,3.0,2.0
BCB-Python-CodeLlama-7B-BitsAndBytes,CodeLlama-7B,BitsAndBytes,BigCodeBench/234,17.0,0,0,0,2.0,1.0
BCB-Python-CodeLlama-7B-BitsAndBytes,CodeLlama-7B,BitsAndBytes,BigCodeBench/235,21.0,0,2,0,1.0,0.0
BCB-Python-CodeLlama-7B-BitsAndBytes,CodeLlama-7B,BitsAndBytes,BigCodeBench/236,14.0,0,1,0,2.0,1.0
BCB-Python-CodeLlama-7B-BitsAndBytes,CodeLlama-7B,BitsAndBytes,BigCodeBench/237,19.0,0,2,0,4.0,3.0
BCB-Python-CodeLlama-7B-BitsAndBytes,CodeLlama-7B,BitsAndBytes,BigCodeBench/238,14.0,0,1,0,1.0,0.0
BCB-Python-CodeLlama-7B-BitsAndBytes,CodeLlama-7B,BitsAndBytes,BigCodeBench/239,26.0,0,1,0,2.0,0.0
BCB-Python-CodeLlama-7B-BitsAndBytes,CodeLlama-7B,BitsAndBytes,BigCodeBench/240,7.0,0,0,0,1.0,0.0
BCB-Python-CodeLlama-7B-BitsAndBytes,CodeLlama-7B,BitsAndBytes,BigCodeBench/241,12.0,0,1,0,1.0,0.0
BCB-Python-CodeLlama-7B-BitsAndBytes,CodeLlama-7B,BitsAndBytes,BigCodeBench/242,16.0,0,1,0,4.0,3.0
BCB-Python-CodeLlama-7B-BitsAndBytes,CodeLlama-7B,BitsAndBytes,BigCodeBench/243,10.0,0,0,0,1.0,0.0
BCB-Python-CodeLlama-7B-BitsAndBytes,CodeLlama-7B,BitsAndBytes,BigCodeBench/244,14.0,0,1,0,1.0,0.0
BCB-Python-CodeLlama-7B-BitsAndBytes,CodeLlama-7B,BitsAndBytes,BigCodeBench/245,10.0,0,0,0,1.0,0.0
BCB-Python-CodeLlama-7B-BitsAndBytes,CodeLlama-7B,BitsAndBytes,BigCodeBench/246,27.0,0,3,0,3.0,2.0
BCB-Python-CodeLlama-7B-BitsAndBytes,CodeLlama-7B,BitsAndBytes,BigCodeBench/247,13.0,0,0,0,1.0,0.0
BCB-Python-CodeLlama-7B-BitsAndBytes,CodeLlama-7B,BitsAndBytes,BigCodeBench/248,19.0,0,1,0,3.0,2.0
BCB-Python-CodeLlama-7B-BitsAndBytes,CodeLlama-7B,BitsAndBytes,BigCodeBench/249,10.0,0,1,0,1.0,0.0
BCB-Python-CodeLlama-7B-BitsAndBytes,CodeLlama-7B,BitsAndBytes,BigCodeBench/250,11.0,0,0,0,2.0,1.0
BCB-Python-CodeLlama-7B-BitsAndBytes,CodeLlama-7B,BitsAndBytes,BigCodeBench/251,10.0,0,0,0,2.0,1.0
BCB-Python-CodeLlama-7B-BitsAndBytes,CodeLlama-7B,BitsAndBytes,BigCodeBench/252,10.0,0,1,0,2.0,1.0
BCB-Python-CodeLlama-7B-BitsAndBytes,CodeLlama-7B,BitsAndBytes,BigCodeBench/253,15.0,0,0,0,1.0,0.0
BCB-Python-CodeLlama-7B-BitsAndBytes,CodeLlama-7B,BitsAndBytes,BigCodeBench/254,7.0,0,0,0,1.0,0.0
BCB-Python-CodeLlama-7B-BitsAndBytes,CodeLlama-7B,BitsAndBytes,BigCodeBench/255,10.0,0,0,0,2.0,1.0
BCB-Python-CodeLlama-7B-BitsAndBytes,CodeLlama-7B,BitsAndBytes,BigCodeBench/256,14.0,0,1,0,3.0,2.0
BCB-Python-CodeLlama-7B-BitsAndBytes,CodeLlama-7B,BitsAndBytes,BigCodeBench/257,22.0,0,0,0,2.0,1.0
BCB-Python-CodeLlama-7B-BitsAndBytes,CodeLlama-7B,BitsAndBytes,BigCodeBench/258,20.0,0,0,0,1.0,0.0
BCB-Python-CodeLlama-7B-BitsAndBytes,CodeLlama-7B,BitsAndBytes,BigCodeBench/259,16.0,0,2,0,3.0,2.0
BCB-Python-CodeLlama-7B-BitsAndBytes,CodeLlama-7B,BitsAndBytes,BigCodeBench/260,16.0,0,0,0,3.0,3.0
BCB-Python-CodeLlama-7B-BitsAndBytes,CodeLlama-7B,BitsAndBytes,BigCodeBench/261,12.0,0,0,0,3.0,2.0
BCB-Python-CodeLlama-7B-BitsAndBytes,CodeLlama-7B,BitsAndBytes,BigCodeBench/262,13.0,0,0,0,1.0,0.0
BCB-Python-CodeLlama-7B-BitsAndBytes,CodeLlama-7B,BitsAndBytes,BigCodeBench/263,16.0,0,0,0,5.0,3.0
BCB-Python-CodeLlama-7B-BitsAndBytes,CodeLlama-7B,BitsAndBytes,BigCodeBench/264,19.0,0,1,0,2.0,1.0
BCB-Python-CodeLlama-7B-BitsAndBytes,CodeLlama-7B,BitsAndBytes,BigCodeBench/265,9.0,0,0,0,1.0,0.0
BCB-Python-CodeLlama-7B-BitsAndBytes,CodeLlama-7B,BitsAndBytes,BigCodeBench/266,18.0,0,0,0,4.0,4.0
BCB-Python-CodeLlama-7B-BitsAndBytes,CodeLlama-7B,BitsAndBytes,BigCodeBench/267,11.0,0,2,0,1.0,0.0
BCB-Python-CodeLlama-7B-BitsAndBytes,CodeLlama-7B,BitsAndBytes,BigCodeBench/268,10.0,0,1,0,2.0,1.0
BCB-Python-CodeLlama-7B-BitsAndBytes,CodeLlama-7B,BitsAndBytes,BigCodeBench/269,18.0,0,1,0,1.0,0.0
BCB-Python-CodeLlama-7B-BitsAndBytes,CodeLlama-7B,BitsAndBytes,BigCodeBench/270,6.0,0,0,0,1.0,0.0
BCB-Python-CodeLlama-7B-BitsAndBytes,CodeLlama-7B,BitsAndBytes,BigCodeBench/271,11.0,0,1,0,2.0,1.0
BCB-Python-CodeLlama-7B-BitsAndBytes,CodeLlama-7B,BitsAndBytes,BigCodeBench/272,16.0,0,0,0,3.0,2.0
BCB-Python-CodeLlama-7B-BitsAndBytes,CodeLlama-7B,BitsAndBytes,BigCodeBench/273,30.0,0,0,0,3.0,3.0
BCB-Python-CodeLlama-7B-BitsAndBytes,CodeLlama-7B,BitsAndBytes,BigCodeBench/274,29.0,0,0,0,4.0,4.0
BCB-Python-CodeLlama-7B-BitsAndBytes,CodeLlama-7B,BitsAndBytes,BigCodeBench/275,11.0,0,1,0,3.0,2.0
BCB-Python-CodeLlama-7B-BitsAndBytes,CodeLlama-7B,BitsAndBytes,BigCodeBench/276,15.0,0,1,0,1.0,0.0
BCB-Python-CodeLlama-7B-BitsAndBytes,CodeLlama-7B,BitsAndBytes,BigCodeBench/277,15.0,0,0,0,4.0,4.0
BCB-Python-CodeLlama-7B-BitsAndBytes,CodeLlama-7B,BitsAndBytes,BigCodeBench/278,10.0,0,4,0,1.0,0.0
BCB-Python-CodeLlama-7B-BitsAndBytes,CodeLlama-7B,BitsAndBytes,BigCodeBench/279,14.0,0,0,0,3.0,3.0
BCB-Python-CodeLlama-7B-BitsAndBytes,CodeLlama-7B,BitsAndBytes,BigCodeBench/280,19.0,1,6,0,1.0,0.0
BCB-Python-CodeLlama-7B-BitsAndBytes,CodeLlama-7B,BitsAndBytes,BigCodeBench/281,13.0,0,7,0,5.0,10.0
BCB-Python-CodeLlama-7B-BitsAndBytes,CodeLlama-7B,BitsAndBytes,BigCodeBench/282,20.0,0,0,0,3.0,1.0
BCB-Python-CodeLlama-7B-BitsAndBytes,CodeLlama-7B,BitsAndBytes,BigCodeBench/283,11.0,0,0,0,2.0,1.0
BCB-Python-CodeLlama-7B-BitsAndBytes,CodeLlama-7B,BitsAndBytes,BigCodeBench/284,16.0,0,0,0,3.0,3.0
BCB-Python-CodeLlama-7B-BitsAndBytes,CodeLlama-7B,BitsAndBytes,BigCodeBench/285,15.0,0,0,0,3.0,3.0
BCB-Python-CodeLlama-7B-BitsAndBytes,CodeLlama-7B,BitsAndBytes,BigCodeBench/286,17.0,0,0,0,4.0,4.0
BCB-Python-CodeLlama-7B-BitsAndBytes,CodeLlama-7B,BitsAndBytes,BigCodeBench/287,15.0,0,0,0,3.0,3.0
BCB-Python-CodeLlama-7B-BitsAndBytes,CodeLlama-7B,BitsAndBytes,BigCodeBench/288,11.0,0,0,0,3.0,3.0
BCB-Python-CodeLlama-7B-BitsAndBytes,CodeLlama-7B,BitsAndBytes,BigCodeBench/289,31.0,0,2,0,4.0,2.0
BCB-Python-CodeLlama-7B-BitsAndBytes,CodeLlama-7B,BitsAndBytes,BigCodeBench/290,15.0,0,0,0,4.0,3.0
BCB-Python-CodeLlama-7B-BitsAndBytes,CodeLlama-7B,BitsAndBytes,BigCodeBench/291,14.0,0,2,0,1.0,0.0
BCB-Python-CodeLlama-7B-BitsAndBytes,CodeLlama-7B,BitsAndBytes,BigCodeBench/292,11.0,0,0,0,1.0,0.0
BCB-Python-CodeLlama-7B-BitsAndBytes,CodeLlama-7B,BitsAndBytes,BigCodeBench/293,17.0,0,1,0,1.0,0.0
BCB-Python-CodeLlama-7B-BitsAndBytes,CodeLlama-7B,BitsAndBytes,BigCodeBench/294,8.0,0,0,0,2.0,1.0
BCB-Python-CodeLlama-7B-BitsAndBytes,CodeLlama-7B,BitsAndBytes,BigCodeBench/295,9.0,0,0,0,1.0,0.0
BCB-Python-CodeLlama-7B-BitsAndBytes,CodeLlama-7B,BitsAndBytes,BigCodeBench/296,9.0,0,1,0,2.0,1.0
BCB-Python-CodeLlama-7B-BitsAndBytes,CodeLlama-7B,BitsAndBytes,BigCodeBench/297,6.0,0,0,0,1.0,0.0
BCB-Python-CodeLlama-7B-BitsAndBytes,CodeLlama-7B,BitsAndBytes,BigCodeBench/298,19.0,0,1,0,4.0,3.0
BCB-Python-CodeLlama-7B-BitsAndBytes,CodeLlama-7B,BitsAndBytes,BigCodeBench/299,10.0,0,0,0,2.0,1.0
BCB-Python-CodeLlama-7B-BitsAndBytes,CodeLlama-7B,BitsAndBytes,BigCodeBench/300,14.0,0,1,0,3.0,2.0
BCB-Python-CodeLlama-7B-BitsAndBytes,CodeLlama-7B,BitsAndBytes,BigCodeBench/301,10.0,0,1,0,1.0,0.0
BCB-Python-CodeLlama-7B-BitsAndBytes,CodeLlama-7B,BitsAndBytes,BigCodeBench/302,14.0,0,0,0,4.0,3.0
BCB-Python-CodeLlama-7B-BitsAndBytes,CodeLlama-7B,BitsAndBytes,BigCodeBench/303,12.0,0,1,0,1.0,0.0
BCB-Python-CodeLlama-7B-BitsAndBytes,CodeLlama-7B,BitsAndBytes,BigCodeBench/304,18.0,0,2,0,2.0,1.0
BCB-Python-CodeLlama-7B-BitsAndBytes,CodeLlama-7B,BitsAndBytes,BigCodeBench/305,13.0,0,1,0,5.0,6.0
BCB-Python-CodeLlama-7B-BitsAndBytes,CodeLlama-7B,BitsAndBytes,BigCodeBench/306,12.0,0,0,0,4.0,4.0
BCB-Python-CodeLlama-7B-BitsAndBytes,CodeLlama-7B,BitsAndBytes,BigCodeBench/307,13.0,0,1,0,3.0,3.0
BCB-Python-CodeLlama-7B-BitsAndBytes,CodeLlama-7B,BitsAndBytes,BigCodeBench/308,19.0,0,1,0,4.0,4.0
BCB-Python-CodeLlama-7B-BitsAndBytes,CodeLlama-7B,BitsAndBytes,BigCodeBench/309,10.0,0,0,0,3.0,3.0
BCB-Python-CodeLlama-7B-BitsAndBytes,CodeLlama-7B,BitsAndBytes,BigCodeBench/310,31.0,0,0,0,2.0,1.0
BCB-Python-CodeLlama-7B-BitsAndBytes,CodeLlama-7B,BitsAndBytes,BigCodeBench/311,15.0,0,1,0,4.0,4.0
BCB-Python-CodeLlama-7B-BitsAndBytes,CodeLlama-7B,BitsAndBytes,BigCodeBench/312,15.0,0,1,0,1.0,0.0
BCB-Python-CodeLlama-7B-BitsAndBytes,CodeLlama-7B,BitsAndBytes,BigCodeBench/313,19.0,0,1,0,6.0,11.0
BCB-Python-CodeLlama-7B-BitsAndBytes,CodeLlama-7B,BitsAndBytes,BigCodeBench/314,13.0,0,2,0,2.0,1.0
BCB-Python-CodeLlama-7B-BitsAndBytes,CodeLlama-7B,BitsAndBytes,BigCodeBench/315,26.0,0,0,0,3.0,4.0
BCB-Python-CodeLlama-7B-BitsAndBytes,CodeLlama-7B,BitsAndBytes,BigCodeBench/316,13.0,0,0,0,3.0,3.0
BCB-Python-CodeLlama-7B-BitsAndBytes,CodeLlama-7B,BitsAndBytes,BigCodeBench/317,9.0,0,1,0,1.0,0.0
BCB-Python-CodeLlama-7B-BitsAndBytes,CodeLlama-7B,BitsAndBytes,BigCodeBench/318,18.0,0,2,0,2.0,1.0
BCB-Python-CodeLlama-7B-BitsAndBytes,CodeLlama-7B,BitsAndBytes,BigCodeBench/319,8.0,0,1,0,1.0,0.0
BCB-Python-CodeLlama-7B-BitsAndBytes,CodeLlama-7B,BitsAndBytes,BigCodeBench/320,12.0,0,2,0,2.0,1.0
BCB-Python-CodeLlama-7B-BitsAndBytes,CodeLlama-7B,BitsAndBytes,BigCodeBench/321,19.0,0,0,0,4.0,4.0
BCB-Python-CodeLlama-7B-BitsAndBytes,CodeLlama-7B,BitsAndBytes,BigCodeBench/322,12.0,0,0,0,1.0,0.0
BCB-Python-CodeLlama-7B-BitsAndBytes,CodeLlama-7B,BitsAndBytes,BigCodeBench/323,18.0,0,0,0,3.0,2.0
BCB-Python-CodeLlama-7B-BitsAndBytes,CodeLlama-7B,BitsAndBytes,BigCodeBench/324,17.0,0,0,0,4.0,2.0
BCB-Python-CodeLlama-7B-BitsAndBytes,CodeLlama-7B,BitsAndBytes,BigCodeBench/325,11.0,0,0,0,2.0,1.0
BCB-Python-CodeLlama-7B-BitsAndBytes,CodeLlama-7B,BitsAndBytes,BigCodeBench/326,15.0,0,1,0,2.0,3.0
BCB-Python-CodeLlama-7B-BitsAndBytes,CodeLlama-7B,BitsAndBytes,BigCodeBench/327,11.0,0,0,0,3.0,3.0
BCB-Python-CodeLlama-7B-BitsAndBytes,CodeLlama-7B,BitsAndBytes,BigCodeBench/328,13.0,0,0,0,3.0,2.0
BCB-Python-CodeLlama-7B-BitsAndBytes,CodeLlama-7B,BitsAndBytes,BigCodeBench/329,11.0,0,0,0,3.0,3.0
BCB-Python-CodeLlama-7B-BitsAndBytes,CodeLlama-7B,BitsAndBytes,BigCodeBench/330,6.0,0,0,0,1.0,0.0
BCB-Python-CodeLlama-7B-BitsAndBytes,CodeLlama-7B,BitsAndBytes,BigCodeBench/331,7.0,0,0,0,1.0,0.0
BCB-Python-CodeLlama-7B-BitsAndBytes,CodeLlama-7B,BitsAndBytes,BigCodeBench/332,10.0,0,0,0,2.0,0.0
BCB-Python-CodeLlama-7B-BitsAndBytes,CodeLlama-7B,BitsAndBytes,BigCodeBench/333,6.0,0,0,0,1.0,0.0
BCB-Python-CodeLlama-7B-BitsAndBytes,CodeLlama-7B,BitsAndBytes,BigCodeBench/334,11.0,0,0,0,1.0,0.0
BCB-Python-CodeLlama-7B-BitsAndBytes,CodeLlama-7B,BitsAndBytes,BigCodeBench/335,9.0,0,0,0,1.0,0.0
BCB-Python-CodeLlama-7B-BitsAndBytes,CodeLlama-7B,BitsAndBytes,BigCodeBench/336,11.0,0,1,0,3.0,3.0
BCB-Python-CodeLlama-7B-BitsAndBytes,CodeLlama-7B,BitsAndBytes,BigCodeBench/337,15.0,0,1,0,2.0,1.0
BCB-Python-CodeLlama-7B-BitsAndBytes,CodeLlama-7B,BitsAndBytes,BigCodeBench/338,20.0,0,2,0,4.0,7.0
BCB-Python-CodeLlama-7B-BitsAndBytes,CodeLlama-7B,BitsAndBytes,BigCodeBench/339,10.0,0,0,0,2.0,1.0
BCB-Python-CodeLlama-7B-BitsAndBytes,CodeLlama-7B,BitsAndBytes,BigCodeBench/340,7.0,0,0,0,1.0,0.0
BCB-Python-CodeLlama-7B-BitsAndBytes,CodeLlama-7B,BitsAndBytes,BigCodeBench/341,18.0,0,0,0,4.0,3.0
BCB-Python-CodeLlama-7B-BitsAndBytes,CodeLlama-7B,BitsAndBytes,BigCodeBench/342,9.0,0,1,0,1.0,0.0
BCB-Python-CodeLlama-7B-BitsAndBytes,CodeLlama-7B,BitsAndBytes,BigCodeBench/343,14.0,0,1,0,4.0,3.0
BCB-Python-CodeLlama-7B-BitsAndBytes,CodeLlama-7B,BitsAndBytes,BigCodeBench/344,12.0,0,0,0,2.0,2.0
BCB-Python-CodeLlama-7B-BitsAndBytes,CodeLlama-7B,BitsAndBytes,BigCodeBench/345,19.0,0,2,0,7.0,6.0
BCB-Python-CodeLlama-7B-BitsAndBytes,CodeLlama-7B,BitsAndBytes,BigCodeBench/346,13.0,0,0,0,3.0,3.0
BCB-Python-CodeLlama-7B-BitsAndBytes,CodeLlama-7B,BitsAndBytes,BigCodeBench/347,11.0,0,0,0,2.0,1.0
BCB-Python-CodeLlama-7B-BitsAndBytes,CodeLlama-7B,BitsAndBytes,BigCodeBench/348,12.0,0,0,0,3.0,1.0
BCB-Python-CodeLlama-7B-BitsAndBytes,CodeLlama-7B,BitsAndBytes,BigCodeBench/349,14.0,0,1,0,2.0,1.0
BCB-Python-CodeLlama-7B-BitsAndBytes,CodeLlama-7B,BitsAndBytes,BigCodeBench/350,17.0,0,1,0,2.0,3.0
BCB-Python-CodeLlama-7B-BitsAndBytes,CodeLlama-7B,BitsAndBytes,BigCodeBench/351,16.0,0,0,0,2.0,1.0
BCB-Python-CodeLlama-7B-BitsAndBytes,CodeLlama-7B,BitsAndBytes,BigCodeBench/352,20.0,0,1,0,4.0,4.0
BCB-Python-CodeLlama-7B-BitsAndBytes,CodeLlama-7B,BitsAndBytes,BigCodeBench/353,17.0,0,1,0,2.0,1.0
BCB-Python-CodeLlama-7B-BitsAndBytes,CodeLlama-7B,BitsAndBytes,BigCodeBench/354,20.0,0,1,0,4.0,6.0
BCB-Python-CodeLlama-7B-BitsAndBytes,CodeLlama-7B,BitsAndBytes,BigCodeBench/355,18.0,0,0,0,1.0,0.0
BCB-Python-CodeLlama-7B-BitsAndBytes,CodeLlama-7B,BitsAndBytes,BigCodeBench/356,20.0,0,1,0,6.0,6.0
BCB-Python-CodeLlama-7B-BitsAndBytes,CodeLlama-7B,BitsAndBytes,BigCodeBench/357,14.0,0,0,0,2.0,1.0
BCB-Python-CodeLlama-7B-BitsAndBytes,CodeLlama-7B,BitsAndBytes,BigCodeBench/358,12.0,0,0,0,2.0,2.0
BCB-Python-CodeLlama-7B-BitsAndBytes,CodeLlama-7B,BitsAndBytes,BigCodeBench/359,13.0,0,0,0,1.0,0.0
BCB-Python-CodeLlama-7B-BitsAndBytes,CodeLlama-7B,BitsAndBytes,BigCodeBench/360,19.0,0,0,0,3.0,2.0
BCB-Python-CodeLlama-7B-BitsAndBytes,CodeLlama-7B,BitsAndBytes,BigCodeBench/361,17.0,0,0,0,2.0,3.0
BCB-Python-CodeLlama-7B-BitsAndBytes,CodeLlama-7B,BitsAndBytes,BigCodeBench/362,16.0,0,0,0,2.0,3.0
BCB-Python-CodeLlama-7B-BitsAndBytes,CodeLlama-7B,BitsAndBytes,BigCodeBench/363,10.0,0,1,0,4.0,2.0
BCB-Python-CodeLlama-7B-BitsAndBytes,CodeLlama-7B,BitsAndBytes,BigCodeBench/364,17.0,0,0,0,2.0,1.0
BCB-Python-CodeLlama-7B-BitsAndBytes,CodeLlama-7B,BitsAndBytes,BigCodeBench/365,13.0,0,0,0,1.0,0.0
BCB-Python-CodeLlama-7B-BitsAndBytes,CodeLlama-7B,BitsAndBytes,BigCodeBench/366,11.0,0,1,0,1.0,0.0
BCB-Python-CodeLlama-7B-BitsAndBytes,CodeLlama-7B,BitsAndBytes,BigCodeBench/367,16.0,0,1,0,3.0,2.0
BCB-Python-CodeLlama-7B-BitsAndBytes,CodeLlama-7B,BitsAndBytes,BigCodeBench/368,8.0,0,0,0,1.0,0.0
BCB-Python-CodeLlama-7B-BitsAndBytes,CodeLlama-7B,BitsAndBytes,BigCodeBench/369,12.0,0,3,0,1.0,0.0
BCB-Python-CodeLlama-7B-BitsAndBytes,CodeLlama-7B,BitsAndBytes,BigCodeBench/370,17.0,0,1,0,3.0,2.0
BCB-Python-CodeLlama-7B-BitsAndBytes,CodeLlama-7B,BitsAndBytes,BigCodeBench/371,7.0,0,0,0,1.0,0.0
BCB-Python-CodeLlama-7B-BitsAndBytes,CodeLlama-7B,BitsAndBytes,BigCodeBench/372,14.0,0,1,0,3.0,3.0
BCB-Python-CodeLlama-7B-BitsAndBytes,CodeLlama-7B,BitsAndBytes,BigCodeBench/373,17.0,0,2,0,3.0,1.0
BCB-Python-CodeLlama-7B-BitsAndBytes,CodeLlama-7B,BitsAndBytes,BigCodeBench/374,19.0,0,0,0,5.0,10.0
BCB-Python-CodeLlama-7B-BitsAndBytes,CodeLlama-7B,BitsAndBytes,BigCodeBench/375,11.0,0,2,0,1.0,0.0
BCB-Python-CodeLlama-7B-BitsAndBytes,CodeLlama-7B,BitsAndBytes,BigCodeBench/376,11.0,0,0,0,2.0,0.0
BCB-Python-CodeLlama-7B-BitsAndBytes,CodeLlama-7B,BitsAndBytes,BigCodeBench/377,16.0,0,0,0,1.0,0.0
BCB-Python-CodeLlama-7B-BitsAndBytes,CodeLlama-7B,BitsAndBytes,BigCodeBench/378,26.0,0,0,0,4.0,5.0
BCB-Python-CodeLlama-7B-BitsAndBytes,CodeLlama-7B,BitsAndBytes,BigCodeBench/379,8.0,0,1,0,1.0,0.0
BCB-Python-CodeLlama-7B-BitsAndBytes,CodeLlama-7B,BitsAndBytes,BigCodeBench/380,17.0,0,0,0,5.0,6.0
BCB-Python-CodeLlama-7B-BitsAndBytes,CodeLlama-7B,BitsAndBytes,BigCodeBench/381,18.0,0,3,0,1.0,0.0
BCB-Python-CodeLlama-7B-BitsAndBytes,CodeLlama-7B,BitsAndBytes,BigCodeBench/382,13.0,0,0,0,1.0,0.0
BCB-Python-CodeLlama-7B-BitsAndBytes,CodeLlama-7B,BitsAndBytes,BigCodeBench/383,13.0,0,0,0,1.0,0.0
BCB-Python-CodeLlama-7B-BitsAndBytes,CodeLlama-7B,BitsAndBytes,BigCodeBench/384,11.0,0,1,0,3.0,3.0
BCB-Python-CodeLlama-7B-BitsAndBytes,CodeLlama-7B,BitsAndBytes,BigCodeBench/385,28.0,0,2,0,4.0,4.0
BCB-Python-CodeLlama-7B-BitsAndBytes,CodeLlama-7B,BitsAndBytes,BigCodeBench/386,8.0,0,1,0,1.0,0.0
BCB-Python-CodeLlama-7B-BitsAndBytes,CodeLlama-7B,BitsAndBytes,BigCodeBench/387,19.0,0,2,0,3.0,4.0
BCB-Python-CodeLlama-7B-BitsAndBytes,CodeLlama-7B,BitsAndBytes,BigCodeBench/388,11.0,0,1,0,4.0,6.0
BCB-Python-CodeLlama-7B-BitsAndBytes,CodeLlama-7B,BitsAndBytes,BigCodeBench/389,16.0,0,0,0,6.0,8.0
BCB-Python-CodeLlama-7B-BitsAndBytes,CodeLlama-7B,BitsAndBytes,BigCodeBench/390,13.0,0,0,0,3.0,2.0
BCB-Python-CodeLlama-7B-BitsAndBytes,CodeLlama-7B,BitsAndBytes,BigCodeBench/391,13.0,0,0,0,3.0,4.0
BCB-Python-CodeLlama-7B-BitsAndBytes,CodeLlama-7B,BitsAndBytes,BigCodeBench/392,11.0,0,0,0,2.0,1.0
BCB-Python-CodeLlama-7B-BitsAndBytes,CodeLlama-7B,BitsAndBytes,BigCodeBench/393,23.0,0,1,0,1.0,0.0
BCB-Python-CodeLlama-7B-BitsAndBytes,CodeLlama-7B,BitsAndBytes,BigCodeBench/394,8.0,0,0,0,1.0,0.0
BCB-Python-CodeLlama-7B-BitsAndBytes,CodeLlama-7B,BitsAndBytes,BigCodeBench/395,19.0,0,0,0,4.0,3.0
BCB-Python-CodeLlama-7B-BitsAndBytes,CodeLlama-7B,BitsAndBytes,BigCodeBench/396,14.0,0,2,0,1.0,0.0
BCB-Python-CodeLlama-7B-BitsAndBytes,CodeLlama-7B,BitsAndBytes,BigCodeBench/397,15.0,0,3,0,2.0,3.0
BCB-Python-CodeLlama-7B-BitsAndBytes,CodeLlama-7B,BitsAndBytes,BigCodeBench/398,9.0,0,0,0,3.0,3.0
BCB-Python-CodeLlama-7B-BitsAndBytes,CodeLlama-7B,BitsAndBytes,BigCodeBench/399,21.0,0,0,0,3.0,2.0
BCB-Python-CodeLlama-7B-BitsAndBytes,CodeLlama-7B,BitsAndBytes,BigCodeBench/400,10.0,0,0,0,3.0,3.0
BCB-Python-CodeLlama-7B-BitsAndBytes,CodeLlama-7B,BitsAndBytes,BigCodeBench/401,18.0,0,0,0,1.0,0.0
BCB-Python-CodeLlama-7B-BitsAndBytes,CodeLlama-7B,BitsAndBytes,BigCodeBench/402,17.0,0,0,0,3.0,3.0
BCB-Python-CodeLlama-7B-BitsAndBytes,CodeLlama-7B,BitsAndBytes,BigCodeBench/403,16.0,0,1,0,2.0,1.0
BCB-Python-CodeLlama-7B-BitsAndBytes,CodeLlama-7B,BitsAndBytes,BigCodeBench/404,12.0,0,0,0,2.0,1.0
BCB-Python-CodeLlama-7B-BitsAndBytes,CodeLlama-7B,BitsAndBytes,BigCodeBench/405,12.0,0,1,0,1.0,0.0
BCB-Python-CodeLlama-7B-BitsAndBytes,CodeLlama-7B,BitsAndBytes,BigCodeBench/406,22.0,0,1,0,2.0,3.0
BCB-Python-CodeLlama-7B-BitsAndBytes,CodeLlama-7B,BitsAndBytes,BigCodeBench/407,12.0,0,0,0,2.0,1.0
BCB-Python-CodeLlama-7B-BitsAndBytes,CodeLlama-7B,BitsAndBytes,BigCodeBench/408,10.0,0,0,0,1.0,0.0
BCB-Python-CodeLlama-7B-BitsAndBytes,CodeLlama-7B,BitsAndBytes,BigCodeBench/409,14.0,0,0,0,3.0,2.0
BCB-Python-CodeLlama-7B-BitsAndBytes,CodeLlama-7B,BitsAndBytes,BigCodeBench/410,15.0,0,0,0,3.0,3.0
BCB-Python-CodeLlama-7B-BitsAndBytes,CodeLlama-7B,BitsAndBytes,BigCodeBench/411,9.0,0,0,0,2.0,1.0
BCB-Python-CodeLlama-7B-BitsAndBytes,CodeLlama-7B,BitsAndBytes,BigCodeBench/412,12.0,0,0,0,2.0,1.0
BCB-Python-CodeLlama-7B-BitsAndBytes,CodeLlama-7B,BitsAndBytes,BigCodeBench/413,18.0,0,0,0,1.0,0.0
BCB-Python-CodeLlama-7B-BitsAndBytes,CodeLlama-7B,BitsAndBytes,BigCodeBench/414,15.0,0,1,0,3.0,3.0
BCB-Python-CodeLlama-7B-BitsAndBytes,CodeLlama-7B,BitsAndBytes,BigCodeBench/415,10.0,0,0,0,3.0,2.0
BCB-Python-CodeLlama-7B-BitsAndBytes,CodeLlama-7B,BitsAndBytes,BigCodeBench/416,9.0,0,0,0,2.0,1.0
BCB-Python-CodeLlama-7B-BitsAndBytes,CodeLlama-7B,BitsAndBytes,BigCodeBench/417,23.0,0,2,0,1.0,0.0
BCB-Python-CodeLlama-7B-BitsAndBytes,CodeLlama-7B,BitsAndBytes,BigCodeBench/418,22.0,1,0,0,0.0,0.0
BCB-Python-CodeLlama-7B-BitsAndBytes,CodeLlama-7B,BitsAndBytes,BigCodeBench/419,18.0,0,1,0,1.0,0.0
BCB-Python-CodeLlama-7B-BitsAndBytes,CodeLlama-7B,BitsAndBytes,BigCodeBench/420,12.0,0,0,0,3.0,3.0
BCB-Python-CodeLlama-7B-BitsAndBytes,CodeLlama-7B,BitsAndBytes,BigCodeBench/421,27.0,0,0,0,4.0,3.0
BCB-Python-CodeLlama-7B-BitsAndBytes,CodeLlama-7B,BitsAndBytes,BigCodeBench/422,12.0,0,1,0,2.0,1.0
BCB-Python-CodeLlama-7B-BitsAndBytes,CodeLlama-7B,BitsAndBytes,BigCodeBench/423,12.0,0,0,0,5.0,3.0
BCB-Python-CodeLlama-7B-BitsAndBytes,CodeLlama-7B,BitsAndBytes,BigCodeBench/424,17.0,0,0,0,3.0,2.0
BCB-Python-CodeLlama-7B-BitsAndBytes,CodeLlama-7B,BitsAndBytes,BigCodeBench/425,19.0,0,0,0,1.0,0.0
BCB-Python-CodeLlama-7B-BitsAndBytes,CodeLlama-7B,BitsAndBytes,BigCodeBench/426,15.0,0,1,0,5.0,3.0
BCB-Python-CodeLlama-7B-BitsAndBytes,CodeLlama-7B,BitsAndBytes,BigCodeBench/427,16.0,0,2,0,1.0,0.0
BCB-Python-CodeLlama-7B-BitsAndBytes,CodeLlama-7B,BitsAndBytes,BigCodeBench/428,9.0,0,1,0,1.0,0.0
BCB-Python-CodeLlama-7B-BitsAndBytes,CodeLlama-7B,BitsAndBytes,BigCodeBench/429,10.0,0,0,0,0.0,0.0
BCB-Python-CodeLlama-7B-BitsAndBytes,CodeLlama-7B,BitsAndBytes,BigCodeBench/430,9.0,0,1,0,1.0,0.0
BCB-Python-CodeLlama-7B-BitsAndBytes,CodeLlama-7B,BitsAndBytes,BigCodeBench/431,14.0,0,0,0,5.0,5.0
BCB-Python-CodeLlama-7B-BitsAndBytes,CodeLlama-7B,BitsAndBytes,BigCodeBench/432,9.0,0,3,0,1.0,0.0
BCB-Python-CodeLlama-7B-BitsAndBytes,CodeLlama-7B,BitsAndBytes,BigCodeBench/433,11.0,0,0,0,2.0,2.0
BCB-Python-CodeLlama-7B-BitsAndBytes,CodeLlama-7B,BitsAndBytes,BigCodeBench/434,22.0,0,2,0,2.0,1.0
BCB-Python-CodeLlama-7B-BitsAndBytes,CodeLlama-7B,BitsAndBytes,BigCodeBench/435,15.0,0,0,0,1.0,0.0
BCB-Python-CodeLlama-7B-BitsAndBytes,CodeLlama-7B,BitsAndBytes,BigCodeBench/436,17.0,0,0,0,4.0,5.0
BCB-Python-CodeLlama-7B-BitsAndBytes,CodeLlama-7B,BitsAndBytes,BigCodeBench/437,9.0,0,0,0,1.0,0.0
BCB-Python-CodeLlama-7B-BitsAndBytes,CodeLlama-7B,BitsAndBytes,BigCodeBench/438,14.0,0,0,0,2.0,1.0
BCB-Python-CodeLlama-7B-BitsAndBytes,CodeLlama-7B,BitsAndBytes,BigCodeBench/439,12.0,0,3,0,1.0,0.0
BCB-Python-CodeLlama-7B-BitsAndBytes,CodeLlama-7B,BitsAndBytes,BigCodeBench/440,10.0,0,2,0,2.0,1.0
BCB-Python-CodeLlama-7B-BitsAndBytes,CodeLlama-7B,BitsAndBytes,BigCodeBench/441,14.0,0,2,0,1.0,0.0
BCB-Python-CodeLlama-7B-BitsAndBytes,CodeLlama-7B,BitsAndBytes,BigCodeBench/442,13.0,0,5,0,1.0,0.0
BCB-Python-CodeLlama-7B-BitsAndBytes,CodeLlama-7B,BitsAndBytes,BigCodeBench/443,12.0,0,3,0,1.0,0.0
BCB-Python-CodeLlama-7B-BitsAndBytes,CodeLlama-7B,BitsAndBytes,BigCodeBench/444,12.0,0,2,0,1.0,0.0
BCB-Python-CodeLlama-7B-BitsAndBytes,CodeLlama-7B,BitsAndBytes,BigCodeBench/445,13.0,0,1,0,3.0,2.0
BCB-Python-CodeLlama-7B-BitsAndBytes,CodeLlama-7B,BitsAndBytes,BigCodeBench/446,10.0,0,1,0,1.0,0.0
BCB-Python-CodeLlama-7B-BitsAndBytes,CodeLlama-7B,BitsAndBytes,BigCodeBench/447,12.0,0,1,0,1.0,0.0
BCB-Python-CodeLlama-7B-BitsAndBytes,CodeLlama-7B,BitsAndBytes,BigCodeBench/448,12.0,0,1,0,1.0,0.0
BCB-Python-CodeLlama-7B-BitsAndBytes,CodeLlama-7B,BitsAndBytes,BigCodeBench/449,20.0,0,0,0,3.0,2.0
BCB-Python-CodeLlama-7B-BitsAndBytes,CodeLlama-7B,BitsAndBytes,BigCodeBench/450,19.0,0,1,0,2.0,2.0
BCB-Python-CodeLlama-7B-BitsAndBytes,CodeLlama-7B,BitsAndBytes,BigCodeBench/451,12.0,0,5,0,1.0,0.0
BCB-Python-CodeLlama-7B-BitsAndBytes,CodeLlama-7B,BitsAndBytes,BigCodeBench/452,22.0,0,0,0,1.0,0.0
BCB-Python-CodeLlama-7B-BitsAndBytes,CodeLlama-7B,BitsAndBytes,BigCodeBench/453,8.0,0,0,0,3.0,3.0
BCB-Python-CodeLlama-7B-BitsAndBytes,CodeLlama-7B,BitsAndBytes,BigCodeBench/454,15.0,0,0,0,5.0,5.0
BCB-Python-CodeLlama-7B-BitsAndBytes,CodeLlama-7B,BitsAndBytes,BigCodeBench/455,11.0,0,0,0,1.0,0.0
BCB-Python-CodeLlama-7B-BitsAndBytes,CodeLlama-7B,BitsAndBytes,BigCodeBench/456,9.0,0,0,0,1.0,0.0
BCB-Python-CodeLlama-7B-BitsAndBytes,CodeLlama-7B,BitsAndBytes,BigCodeBench/457,10.0,0,1,0,3.0,2.0
BCB-Python-CodeLlama-7B-BitsAndBytes,CodeLlama-7B,BitsAndBytes,BigCodeBench/458,16.0,0,0,0,4.0,8.0
BCB-Python-CodeLlama-7B-BitsAndBytes,CodeLlama-7B,BitsAndBytes,BigCodeBench/459,16.0,0,0,0,4.0,3.0
BCB-Python-CodeLlama-7B-BitsAndBytes,CodeLlama-7B,BitsAndBytes,BigCodeBench/460,10.0,0,0,0,2.0,1.0
BCB-Python-CodeLlama-7B-BitsAndBytes,CodeLlama-7B,BitsAndBytes,BigCodeBench/461,21.0,0,0,0,4.0,4.0
BCB-Python-CodeLlama-7B-BitsAndBytes,CodeLlama-7B,BitsAndBytes,BigCodeBench/462,18.0,0,3,0,3.0,2.0
BCB-Python-CodeLlama-7B-BitsAndBytes,CodeLlama-7B,BitsAndBytes,BigCodeBench/463,18.0,0,1,0,2.0,1.0
BCB-Python-CodeLlama-7B-BitsAndBytes,CodeLlama-7B,BitsAndBytes,BigCodeBench/464,13.0,0,0,0,3.0,3.0
BCB-Python-CodeLlama-7B-BitsAndBytes,CodeLlama-7B,BitsAndBytes,BigCodeBench/465,16.0,0,0,0,3.0,4.0
BCB-Python-CodeLlama-7B-BitsAndBytes,CodeLlama-7B,BitsAndBytes,BigCodeBench/466,15.0,0,0,0,3.0,1.0
BCB-Python-CodeLlama-7B-BitsAndBytes,CodeLlama-7B,BitsAndBytes,BigCodeBench/467,13.0,0,2,0,1.0,0.0
BCB-Python-CodeLlama-7B-BitsAndBytes,CodeLlama-7B,BitsAndBytes,BigCodeBench/468,17.0,0,1,0,1.0,0.0
BCB-Python-CodeLlama-7B-BitsAndBytes,CodeLlama-7B,BitsAndBytes,BigCodeBench/469,14.0,0,1,0,2.0,0.0
BCB-Python-CodeLlama-7B-BitsAndBytes,CodeLlama-7B,BitsAndBytes,BigCodeBench/470,12.0,0,1,0,1.0,0.0
BCB-Python-CodeLlama-7B-BitsAndBytes,CodeLlama-7B,BitsAndBytes,BigCodeBench/471,7.0,0,2,0,1.0,0.0
BCB-Python-CodeLlama-7B-BitsAndBytes,CodeLlama-7B,BitsAndBytes,BigCodeBench/472,17.0,0,2,0,6.0,5.0
BCB-Python-CodeLlama-7B-BitsAndBytes,CodeLlama-7B,BitsAndBytes,BigCodeBench/473,15.0,0,3,0,4.0,3.0
BCB-Python-CodeLlama-7B-BitsAndBytes,CodeLlama-7B,BitsAndBytes,BigCodeBench/474,14.0,0,2,0,1.0,0.0
BCB-Python-CodeLlama-7B-BitsAndBytes,CodeLlama-7B,BitsAndBytes,BigCodeBench/475,19.0,0,2,0,6.0,5.0
BCB-Python-CodeLlama-7B-BitsAndBytes,CodeLlama-7B,BitsAndBytes,BigCodeBench/476,15.0,0,0,0,1.0,0.0
BCB-Python-CodeLlama-7B-BitsAndBytes,CodeLlama-7B,BitsAndBytes,BigCodeBench/477,13.0,0,6,0,1.0,0.0
BCB-Python-CodeLlama-7B-BitsAndBytes,CodeLlama-7B,BitsAndBytes,BigCodeBench/478,9.0,0,0,0,2.0,1.0
BCB-Python-CodeLlama-7B-BitsAndBytes,CodeLlama-7B,BitsAndBytes,BigCodeBench/479,19.0,0,0,0,4.0,5.0
BCB-Python-CodeLlama-7B-BitsAndBytes,CodeLlama-7B,BitsAndBytes,BigCodeBench/480,9.0,0,0,0,1.0,0.0
BCB-Python-CodeLlama-7B-BitsAndBytes,CodeLlama-7B,BitsAndBytes,BigCodeBench/481,13.0,0,0,0,2.0,1.0
BCB-Python-CodeLlama-7B-BitsAndBytes,CodeLlama-7B,BitsAndBytes,BigCodeBench/482,27.0,0,0,0,4.0,7.0
BCB-Python-CodeLlama-7B-BitsAndBytes,CodeLlama-7B,BitsAndBytes,BigCodeBench/483,13.0,0,0,0,3.0,1.0
BCB-Python-CodeLlama-7B-BitsAndBytes,CodeLlama-7B,BitsAndBytes,BigCodeBench/484,15.0,0,3,0,2.0,1.0
BCB-Python-CodeLlama-7B-BitsAndBytes,CodeLlama-7B,BitsAndBytes,BigCodeBench/485,18.0,0,1,0,3.0,2.0
BCB-Python-CodeLlama-7B-BitsAndBytes,CodeLlama-7B,BitsAndBytes,BigCodeBench/486,16.0,0,2,0,1.0,0.0
BCB-Python-CodeLlama-7B-BitsAndBytes,CodeLlama-7B,BitsAndBytes,BigCodeBench/487,16.0,0,0,0,4.0,4.0
BCB-Python-CodeLlama-7B-BitsAndBytes,CodeLlama-7B,BitsAndBytes,BigCodeBench/488,15.0,0,1,0,1.0,0.0
BCB-Python-CodeLlama-7B-BitsAndBytes,CodeLlama-7B,BitsAndBytes,BigCodeBench/489,17.0,0,0,0,2.0,1.0
BCB-Python-CodeLlama-7B-BitsAndBytes,CodeLlama-7B,BitsAndBytes,BigCodeBench/490,7.0,0,0,0,1.0,0.0
BCB-Python-CodeLlama-7B-BitsAndBytes,CodeLlama-7B,BitsAndBytes,BigCodeBench/491,23.0,0,4,0,6.0,6.0
BCB-Python-CodeLlama-7B-BitsAndBytes,CodeLlama-7B,BitsAndBytes,BigCodeBench/492,24.0,0,0,0,7.0,7.0
BCB-Python-CodeLlama-7B-BitsAndBytes,CodeLlama-7B,BitsAndBytes,BigCodeBench/493,16.0,0,2,0,4.0,4.0
BCB-Python-CodeLlama-7B-BitsAndBytes,CodeLlama-7B,BitsAndBytes,BigCodeBench/494,23.0,0,3,0,5.0,6.0
BCB-Python-CodeLlama-7B-BitsAndBytes,CodeLlama-7B,BitsAndBytes,BigCodeBench/495,11.0,0,5,0,1.0,0.0
BCB-Python-CodeLlama-7B-BitsAndBytes,CodeLlama-7B,BitsAndBytes,BigCodeBench/496,15.0,0,2,0,2.0,1.0
BCB-Python-CodeLlama-7B-BitsAndBytes,CodeLlama-7B,BitsAndBytes,BigCodeBench/497,10.0,0,0,0,2.0,1.0
BCB-Python-CodeLlama-7B-BitsAndBytes,CodeLlama-7B,BitsAndBytes,BigCodeBench/498,10.0,0,0,0,3.0,2.0
BCB-Python-CodeLlama-7B-BitsAndBytes,CodeLlama-7B,BitsAndBytes,BigCodeBench/499,12.0,0,0,0,2.0,1.0
BCB-Python-CodeLlama-7B-BitsAndBytes,CodeLlama-7B,BitsAndBytes,BigCodeBench/500,13.0,0,0,0,4.0,4.0
BCB-Python-CodeLlama-7B-BitsAndBytes,CodeLlama-7B,BitsAndBytes,BigCodeBench/501,21.0,0,0,0,4.0,5.0
BCB-Python-CodeLlama-7B-BitsAndBytes,CodeLlama-7B,BitsAndBytes,BigCodeBench/502,19.0,0,1,0,3.0,3.0
BCB-Python-CodeLlama-7B-BitsAndBytes,CodeLlama-7B,BitsAndBytes,BigCodeBench/503,9.0,0,1,0,1.0,0.0
BCB-Python-CodeLlama-7B-BitsAndBytes,CodeLlama-7B,BitsAndBytes,BigCodeBench/504,13.0,0,0,0,1.0,0.0
BCB-Python-CodeLlama-7B-BitsAndBytes,CodeLlama-7B,BitsAndBytes,BigCodeBench/505,6.0,0,0,0,1.0,0.0
BCB-Python-CodeLlama-7B-BitsAndBytes,CodeLlama-7B,BitsAndBytes,BigCodeBench/506,26.0,0,0,0,1.0,0.0
BCB-Python-CodeLlama-7B-BitsAndBytes,CodeLlama-7B,BitsAndBytes,BigCodeBench/507,13.0,0,0,0,2.0,1.0
BCB-Python-CodeLlama-7B-BitsAndBytes,CodeLlama-7B,BitsAndBytes,BigCodeBench/508,15.0,0,0,0,4.0,4.0
BCB-Python-CodeLlama-7B-BitsAndBytes,CodeLlama-7B,BitsAndBytes,BigCodeBench/509,30.0,0,1,0,5.0,7.0
BCB-Python-CodeLlama-7B-BitsAndBytes,CodeLlama-7B,BitsAndBytes,BigCodeBench/510,10.0,0,0,0,1.0,0.0
BCB-Python-CodeLlama-7B-BitsAndBytes,CodeLlama-7B,BitsAndBytes,BigCodeBench/511,17.0,0,1,0,1.0,0.0
BCB-Python-CodeLlama-7B-BitsAndBytes,CodeLlama-7B,BitsAndBytes,BigCodeBench/512,23.0,0,1,0,2.0,1.0
BCB-Python-CodeLlama-7B-BitsAndBytes,CodeLlama-7B,BitsAndBytes,BigCodeBench/513,23.0,0,2,0,4.0,3.0
BCB-Python-CodeLlama-7B-BitsAndBytes,CodeLlama-7B,BitsAndBytes,BigCodeBench/514,12.0,0,1,0,1.0,0.0
BCB-Python-CodeLlama-7B-BitsAndBytes,CodeLlama-7B,BitsAndBytes,BigCodeBench/515,9.0,0,0,0,3.0,2.0
BCB-Python-CodeLlama-7B-BitsAndBytes,CodeLlama-7B,BitsAndBytes,BigCodeBench/516,17.0,0,1,0,3.0,2.0
BCB-Python-CodeLlama-7B-BitsAndBytes,CodeLlama-7B,BitsAndBytes,BigCodeBench/517,9.0,0,2,0,1.0,0.0
BCB-Python-CodeLlama-7B-BitsAndBytes,CodeLlama-7B,BitsAndBytes,BigCodeBench/518,8.0,0,0,0,1.0,0.0
BCB-Python-CodeLlama-7B-BitsAndBytes,CodeLlama-7B,BitsAndBytes,BigCodeBench/519,16.0,0,0,0,0.0,0.0
BCB-Python-CodeLlama-7B-BitsAndBytes,CodeLlama-7B,BitsAndBytes,BigCodeBench/520,25.0,0,0,0,6.0,13.0
BCB-Python-CodeLlama-7B-BitsAndBytes,CodeLlama-7B,BitsAndBytes,BigCodeBench/521,10.0,0,0,0,1.0,0.0
BCB-Python-CodeLlama-7B-BitsAndBytes,CodeLlama-7B,BitsAndBytes,BigCodeBench/522,15.0,0,0,0,2.0,1.0
BCB-Python-CodeLlama-7B-BitsAndBytes,CodeLlama-7B,BitsAndBytes,BigCodeBench/523,18.0,0,1,0,4.0,6.0
BCB-Python-CodeLlama-7B-BitsAndBytes,CodeLlama-7B,BitsAndBytes,BigCodeBench/524,25.0,0,1,0,8.0,8.0
BCB-Python-CodeLlama-7B-BitsAndBytes,CodeLlama-7B,BitsAndBytes,BigCodeBench/525,28.0,0,1,0,5.0,5.0
BCB-Python-CodeLlama-7B-BitsAndBytes,CodeLlama-7B,BitsAndBytes,BigCodeBench/526,19.0,0,1,0,4.0,6.0
BCB-Python-CodeLlama-7B-BitsAndBytes,CodeLlama-7B,BitsAndBytes,BigCodeBench/527,16.0,0,0,0,2.0,1.0
BCB-Python-CodeLlama-7B-BitsAndBytes,CodeLlama-7B,BitsAndBytes,BigCodeBench/528,12.0,0,0,0,1.0,0.0
BCB-Python-CodeLlama-7B-BitsAndBytes,CodeLlama-7B,BitsAndBytes,BigCodeBench/529,17.0,0,0,0,3.0,2.0
BCB-Python-CodeLlama-7B-BitsAndBytes,CodeLlama-7B,BitsAndBytes,BigCodeBench/530,18.0,0,1,0,3.0,2.0
BCB-Python-CodeLlama-7B-BitsAndBytes,CodeLlama-7B,BitsAndBytes,BigCodeBench/531,20.0,0,0,0,1.0,0.0
BCB-Python-CodeLlama-7B-BitsAndBytes,CodeLlama-7B,BitsAndBytes,BigCodeBench/532,15.0,0,1,0,1.0,0.0
BCB-Python-CodeLlama-7B-BitsAndBytes,CodeLlama-7B,BitsAndBytes,BigCodeBench/533,16.0,0,0,0,4.0,3.0
BCB-Python-CodeLlama-7B-BitsAndBytes,CodeLlama-7B,BitsAndBytes,BigCodeBench/534,37.0,0,2,0,1.0,0.0
BCB-Python-CodeLlama-7B-BitsAndBytes,CodeLlama-7B,BitsAndBytes,BigCodeBench/535,18.0,0,3,0,3.0,2.0
BCB-Python-CodeLlama-7B-BitsAndBytes,CodeLlama-7B,BitsAndBytes,BigCodeBench/536,10.0,0,0,0,1.0,0.0
BCB-Python-CodeLlama-7B-BitsAndBytes,CodeLlama-7B,BitsAndBytes,BigCodeBench/537,12.0,0,0,0,2.0,1.0
BCB-Python-CodeLlama-7B-BitsAndBytes,CodeLlama-7B,BitsAndBytes,BigCodeBench/538,14.0,0,0,0,2.0,1.0
BCB-Python-CodeLlama-7B-BitsAndBytes,CodeLlama-7B,BitsAndBytes,BigCodeBench/539,26.0,0,2,0,3.0,3.0
BCB-Python-CodeLlama-7B-BitsAndBytes,CodeLlama-7B,BitsAndBytes,BigCodeBench/540,14.0,0,0,0,1.0,0.0
BCB-Python-CodeLlama-7B-BitsAndBytes,CodeLlama-7B,BitsAndBytes,BigCodeBench/541,15.0,0,0,0,3.0,3.0
BCB-Python-CodeLlama-7B-BitsAndBytes,CodeLlama-7B,BitsAndBytes,BigCodeBench/542,12.0,0,0,0,2.0,1.0
BCB-Python-CodeLlama-7B-BitsAndBytes,CodeLlama-7B,BitsAndBytes,BigCodeBench/543,8.0,0,0,0,1.0,0.0
BCB-Python-CodeLlama-7B-BitsAndBytes,CodeLlama-7B,BitsAndBytes,BigCodeBench/544,7.0,0,0,0,1.0,0.0
BCB-Python-CodeLlama-7B-BitsAndBytes,CodeLlama-7B,BitsAndBytes,BigCodeBench/545,9.0,0,0,0,1.0,0.0
BCB-Python-CodeLlama-7B-BitsAndBytes,CodeLlama-7B,BitsAndBytes,BigCodeBench/546,9.0,0,0,0,2.0,1.0
BCB-Python-CodeLlama-7B-BitsAndBytes,CodeLlama-7B,BitsAndBytes,BigCodeBench/547,8.0,0,0,0,1.0,0.0
BCB-Python-CodeLlama-7B-BitsAndBytes,CodeLlama-7B,BitsAndBytes,BigCodeBench/548,9.0,0,0,0,1.0,0.0
BCB-Python-CodeLlama-7B-BitsAndBytes,CodeLlama-7B,BitsAndBytes,BigCodeBench/549,8.0,0,0,0,1.0,0.0
BCB-Python-CodeLlama-7B-BitsAndBytes,CodeLlama-7B,BitsAndBytes,BigCodeBench/550,9.0,0,0,0,1.0,0.0
BCB-Python-CodeLlama-7B-BitsAndBytes,CodeLlama-7B,BitsAndBytes,BigCodeBench/551,11.0,0,1,0,1.0,0.0
BCB-Python-CodeLlama-7B-BitsAndBytes,CodeLlama-7B,BitsAndBytes,BigCodeBench/552,14.0,0,2,0,1.0,0.0
BCB-Python-CodeLlama-7B-BitsAndBytes,CodeLlama-7B,BitsAndBytes,BigCodeBench/553,10.0,0,1,0,1.0,0.0
BCB-Python-CodeLlama-7B-BitsAndBytes,CodeLlama-7B,BitsAndBytes,BigCodeBench/554,11.0,0,4,0,2.0,2.0
BCB-Python-CodeLlama-7B-BitsAndBytes,CodeLlama-7B,BitsAndBytes,BigCodeBench/555,14.0,0,1,0,1.0,0.0
BCB-Python-CodeLlama-7B-BitsAndBytes,CodeLlama-7B,BitsAndBytes,BigCodeBench/556,7.0,0,0,0,1.0,0.0
BCB-Python-CodeLlama-7B-BitsAndBytes,CodeLlama-7B,BitsAndBytes,BigCodeBench/557,23.0,0,0,0,7.0,9.0
BCB-Python-CodeLlama-7B-BitsAndBytes,CodeLlama-7B,BitsAndBytes,BigCodeBench/558,16.0,1,2,0,0.0,0.0
BCB-Python-CodeLlama-7B-BitsAndBytes,CodeLlama-7B,BitsAndBytes,BigCodeBench/559,13.0,0,1,0,1.0,0.0
BCB-Python-CodeLlama-7B-BitsAndBytes,CodeLlama-7B,BitsAndBytes,BigCodeBench/560,12.0,0,0,0,1.0,0.0
BCB-Python-CodeLlama-7B-BitsAndBytes,CodeLlama-7B,BitsAndBytes,BigCodeBench/561,7.0,0,1,0,1.0,0.0
BCB-Python-CodeLlama-7B-BitsAndBytes,CodeLlama-7B,BitsAndBytes,BigCodeBench/562,25.0,0,0,0,3.0,2.0
BCB-Python-CodeLlama-7B-BitsAndBytes,CodeLlama-7B,BitsAndBytes,BigCodeBench/563,10.0,0,1,0,2.0,1.0
BCB-Python-CodeLlama-7B-BitsAndBytes,CodeLlama-7B,BitsAndBytes,BigCodeBench/564,15.0,0,1,0,1.0,0.0
BCB-Python-CodeLlama-7B-BitsAndBytes,CodeLlama-7B,BitsAndBytes,BigCodeBench/565,10.0,0,0,0,1.0,0.0
BCB-Python-CodeLlama-7B-BitsAndBytes,CodeLlama-7B,BitsAndBytes,BigCodeBench/566,16.0,0,0,0,1.0,0.0
BCB-Python-CodeLlama-7B-BitsAndBytes,CodeLlama-7B,BitsAndBytes,BigCodeBench/567,11.0,0,0,0,1.0,0.0
BCB-Python-CodeLlama-7B-BitsAndBytes,CodeLlama-7B,BitsAndBytes,BigCodeBench/568,16.0,0,0,0,2.0,1.0
BCB-Python-CodeLlama-7B-BitsAndBytes,CodeLlama-7B,BitsAndBytes,BigCodeBench/569,20.0,0,0,0,3.0,3.0
BCB-Python-CodeLlama-7B-BitsAndBytes,CodeLlama-7B,BitsAndBytes,BigCodeBench/570,18.0,0,0,0,1.0,0.0
BCB-Python-CodeLlama-7B-BitsAndBytes,CodeLlama-7B,BitsAndBytes,BigCodeBench/571,0.0,0,0,0,0.0,0.0
BCB-Python-CodeLlama-7B-BitsAndBytes,CodeLlama-7B,BitsAndBytes,BigCodeBench/572,17.0,0,3,0,1.0,0.0
BCB-Python-CodeLlama-7B-BitsAndBytes,CodeLlama-7B,BitsAndBytes,BigCodeBench/573,21.0,0,4,0,1.0,0.0
BCB-Python-CodeLlama-7B-BitsAndBytes,CodeLlama-7B,BitsAndBytes,BigCodeBench/574,14.0,0,1,0,2.0,0.0
BCB-Python-CodeLlama-7B-BitsAndBytes,CodeLlama-7B,BitsAndBytes,BigCodeBench/575,9.0,0,0,0,1.0,1.0
BCB-Python-CodeLlama-7B-BitsAndBytes,CodeLlama-7B,BitsAndBytes,BigCodeBench/576,11.0,0,1,0,2.0,1.0
BCB-Python-CodeLlama-7B-BitsAndBytes,CodeLlama-7B,BitsAndBytes,BigCodeBench/577,14.0,0,0,0,3.0,3.0
BCB-Python-CodeLlama-7B-BitsAndBytes,CodeLlama-7B,BitsAndBytes,BigCodeBench/578,17.0,0,0,0,3.0,5.0
BCB-Python-CodeLlama-7B-BitsAndBytes,CodeLlama-7B,BitsAndBytes,BigCodeBench/579,27.0,0,0,0,6.0,9.0
BCB-Python-CodeLlama-7B-BitsAndBytes,CodeLlama-7B,BitsAndBytes,BigCodeBench/580,16.0,0,0,0,1.0,0.0
BCB-Python-CodeLlama-7B-BitsAndBytes,CodeLlama-7B,BitsAndBytes,BigCodeBench/581,17.0,0,0,0,1.0,0.0
BCB-Python-CodeLlama-7B-BitsAndBytes,CodeLlama-7B,BitsAndBytes,BigCodeBench/582,19.0,0,1,0,1.0,0.0
BCB-Python-CodeLlama-7B-BitsAndBytes,CodeLlama-7B,BitsAndBytes,BigCodeBench/583,16.0,0,0,0,1.0,0.0
BCB-Python-CodeLlama-7B-BitsAndBytes,CodeLlama-7B,BitsAndBytes,BigCodeBench/584,17.0,0,0,0,1.0,2.0
BCB-Python-CodeLlama-7B-BitsAndBytes,CodeLlama-7B,BitsAndBytes,BigCodeBench/585,17.0,0,0,0,3.0,2.0
BCB-Python-CodeLlama-7B-BitsAndBytes,CodeLlama-7B,BitsAndBytes,BigCodeBench/586,19.0,0,0,0,1.0,0.0
BCB-Python-CodeLlama-7B-BitsAndBytes,CodeLlama-7B,BitsAndBytes,BigCodeBench/587,28.0,0,0,0,1.0,0.0
BCB-Python-CodeLlama-7B-BitsAndBytes,CodeLlama-7B,BitsAndBytes,BigCodeBench/588,13.0,0,2,0,1.0,0.0
BCB-Python-CodeLlama-7B-BitsAndBytes,CodeLlama-7B,BitsAndBytes,BigCodeBench/589,19.0,0,2,0,1.0,0.0
BCB-Python-CodeLlama-7B-BitsAndBytes,CodeLlama-7B,BitsAndBytes,BigCodeBench/590,19.0,0,0,0,3.0,3.0
BCB-Python-CodeLlama-7B-BitsAndBytes,CodeLlama-7B,BitsAndBytes,BigCodeBench/591,25.0,0,2,0,2.0,1.0
BCB-Python-CodeLlama-7B-BitsAndBytes,CodeLlama-7B,BitsAndBytes,BigCodeBench/592,20.0,0,1,0,4.0,4.0
BCB-Python-CodeLlama-7B-BitsAndBytes,CodeLlama-7B,BitsAndBytes,BigCodeBench/593,31.0,0,1,0,4.0,4.0
BCB-Python-CodeLlama-7B-BitsAndBytes,CodeLlama-7B,BitsAndBytes,BigCodeBench/594,20.0,0,0,0,3.0,2.0
BCB-Python-CodeLlama-7B-BitsAndBytes,CodeLlama-7B,BitsAndBytes,BigCodeBench/595,8.0,0,0,0,1.0,0.0
BCB-Python-CodeLlama-7B-BitsAndBytes,CodeLlama-7B,BitsAndBytes,BigCodeBench/596,18.0,0,0,0,2.0,1.0
BCB-Python-CodeLlama-7B-BitsAndBytes,CodeLlama-7B,BitsAndBytes,BigCodeBench/597,8.0,0,0,0,1.0,0.0
BCB-Python-CodeLlama-7B-BitsAndBytes,CodeLlama-7B,BitsAndBytes,BigCodeBench/598,9.0,0,0,0,1.0,0.0
BCB-Python-CodeLlama-7B-BitsAndBytes,CodeLlama-7B,BitsAndBytes,BigCodeBench/599,10.0,0,0,0,1.0,0.0
BCB-Python-CodeLlama-7B-BitsAndBytes,CodeLlama-7B,BitsAndBytes,BigCodeBench/600,11.0,0,1,0,1.0,0.0
BCB-Python-CodeLlama-7B-BitsAndBytes,CodeLlama-7B,BitsAndBytes,BigCodeBench/601,9.0,0,0,0,3.0,2.0
BCB-Python-CodeLlama-7B-BitsAndBytes,CodeLlama-7B,BitsAndBytes,BigCodeBench/602,9.0,0,2,0,1.0,0.0
BCB-Python-CodeLlama-7B-BitsAndBytes,CodeLlama-7B,BitsAndBytes,BigCodeBench/603,8.0,0,0,0,1.0,0.0
BCB-Python-CodeLlama-7B-BitsAndBytes,CodeLlama-7B,BitsAndBytes,BigCodeBench/604,12.0,0,0,0,1.0,2.0
BCB-Python-CodeLlama-7B-BitsAndBytes,CodeLlama-7B,BitsAndBytes,BigCodeBench/605,11.0,0,0,0,0.0,0.0
BCB-Python-CodeLlama-7B-BitsAndBytes,CodeLlama-7B,BitsAndBytes,BigCodeBench/606,8.0,0,0,0,1.0,0.0
BCB-Python-CodeLlama-7B-BitsAndBytes,CodeLlama-7B,BitsAndBytes,BigCodeBench/607,17.0,0,1,0,3.0,2.0
BCB-Python-CodeLlama-7B-BitsAndBytes,CodeLlama-7B,BitsAndBytes,BigCodeBench/608,19.0,0,0,0,4.0,3.0
BCB-Python-CodeLlama-7B-BitsAndBytes,CodeLlama-7B,BitsAndBytes,BigCodeBench/609,15.0,0,1,0,2.0,1.0
BCB-Python-CodeLlama-7B-BitsAndBytes,CodeLlama-7B,BitsAndBytes,BigCodeBench/610,20.0,0,1,0,4.0,5.0
BCB-Python-CodeLlama-7B-BitsAndBytes,CodeLlama-7B,BitsAndBytes,BigCodeBench/611,16.0,0,1,0,3.0,2.0
BCB-Python-CodeLlama-7B-BitsAndBytes,CodeLlama-7B,BitsAndBytes,BigCodeBench/612,18.0,0,0,0,2.0,1.0
BCB-Python-CodeLlama-7B-BitsAndBytes,CodeLlama-7B,BitsAndBytes,BigCodeBench/613,13.0,0,0,0,1.0,0.0
BCB-Python-CodeLlama-7B-BitsAndBytes,CodeLlama-7B,BitsAndBytes,BigCodeBench/614,6.0,0,0,0,1.0,0.0
BCB-Python-CodeLlama-7B-BitsAndBytes,CodeLlama-7B,BitsAndBytes,BigCodeBench/615,15.0,0,0,0,3.0,2.0
BCB-Python-CodeLlama-7B-BitsAndBytes,CodeLlama-7B,BitsAndBytes,BigCodeBench/616,23.0,2,2,0,3.0,2.0
BCB-Python-CodeLlama-7B-BitsAndBytes,CodeLlama-7B,BitsAndBytes,BigCodeBench/617,26.0,0,3,0,4.0,4.0
BCB-Python-CodeLlama-7B-BitsAndBytes,CodeLlama-7B,BitsAndBytes,BigCodeBench/618,27.0,0,1,0,3.0,2.0
BCB-Python-CodeLlama-7B-BitsAndBytes,CodeLlama-7B,BitsAndBytes,BigCodeBench/619,18.0,0,3,0,3.0,2.0
BCB-Python-CodeLlama-7B-BitsAndBytes,CodeLlama-7B,BitsAndBytes,BigCodeBench/620,10.0,0,2,0,2.0,1.0
BCB-Python-CodeLlama-7B-BitsAndBytes,CodeLlama-7B,BitsAndBytes,BigCodeBench/621,13.0,0,1,0,1.0,0.0
BCB-Python-CodeLlama-7B-BitsAndBytes,CodeLlama-7B,BitsAndBytes,BigCodeBench/622,12.0,0,1,0,1.0,0.0
BCB-Python-CodeLlama-7B-BitsAndBytes,CodeLlama-7B,BitsAndBytes,BigCodeBench/623,15.0,0,3,0,1.0,0.0
BCB-Python-CodeLlama-7B-BitsAndBytes,CodeLlama-7B,BitsAndBytes,BigCodeBench/624,15.0,0,4,0,1.0,0.0
BCB-Python-CodeLlama-7B-BitsAndBytes,CodeLlama-7B,BitsAndBytes,BigCodeBench/625,9.0,0,0,0,2.0,1.0
BCB-Python-CodeLlama-7B-BitsAndBytes,CodeLlama-7B,BitsAndBytes,BigCodeBench/626,9.0,0,1,0,1.0,0.0
BCB-Python-CodeLlama-7B-BitsAndBytes,CodeLlama-7B,BitsAndBytes,BigCodeBench/627,12.0,0,0,0,3.0,2.0
BCB-Python-CodeLlama-7B-BitsAndBytes,CodeLlama-7B,BitsAndBytes,BigCodeBench/628,16.0,0,0,0,1.0,0.0
BCB-Python-CodeLlama-7B-BitsAndBytes,CodeLlama-7B,BitsAndBytes,BigCodeBench/629,14.0,0,0,0,2.0,1.0
BCB-Python-CodeLlama-7B-BitsAndBytes,CodeLlama-7B,BitsAndBytes,BigCodeBench/630,7.0,0,0,0,1.0,0.0
BCB-Python-CodeLlama-7B-BitsAndBytes,CodeLlama-7B,BitsAndBytes,BigCodeBench/631,9.0,0,0,0,2.0,1.0
BCB-Python-CodeLlama-7B-BitsAndBytes,CodeLlama-7B,BitsAndBytes,BigCodeBench/632,13.0,0,0,0,2.0,1.0
BCB-Python-CodeLlama-7B-BitsAndBytes,CodeLlama-7B,BitsAndBytes,BigCodeBench/633,13.0,0,0,0,4.0,4.0
BCB-Python-CodeLlama-7B-BitsAndBytes,CodeLlama-7B,BitsAndBytes,BigCodeBench/634,7.0,0,0,0,1.0,0.0
BCB-Python-CodeLlama-7B-BitsAndBytes,CodeLlama-7B,BitsAndBytes,BigCodeBench/635,26.0,0,1,0,2.0,0.0
BCB-Python-CodeLlama-7B-BitsAndBytes,CodeLlama-7B,BitsAndBytes,BigCodeBench/636,13.0,0,2,0,1.0,0.0
BCB-Python-CodeLlama-7B-BitsAndBytes,CodeLlama-7B,BitsAndBytes,BigCodeBench/637,26.0,0,7,0,1.0,0.0
BCB-Python-CodeLlama-7B-BitsAndBytes,CodeLlama-7B,BitsAndBytes,BigCodeBench/638,7.0,0,1,0,1.0,0.0
BCB-Python-CodeLlama-7B-BitsAndBytes,CodeLlama-7B,BitsAndBytes,BigCodeBench/639,9.0,0,1,0,1.0,0.0
BCB-Python-CodeLlama-7B-BitsAndBytes,CodeLlama-7B,BitsAndBytes,BigCodeBench/640,19.0,0,1,0,0.0,0.0
BCB-Python-CodeLlama-7B-BitsAndBytes,CodeLlama-7B,BitsAndBytes,BigCodeBench/641,12.0,0,0,0,4.0,6.0
BCB-Python-CodeLlama-7B-BitsAndBytes,CodeLlama-7B,BitsAndBytes,BigCodeBench/642,15.0,0,0,0,5.0,7.0
BCB-Python-CodeLlama-7B-BitsAndBytes,CodeLlama-7B,BitsAndBytes,BigCodeBench/643,15.0,0,0,0,4.0,7.0
BCB-Python-CodeLlama-7B-BitsAndBytes,CodeLlama-7B,BitsAndBytes,BigCodeBench/644,9.0,1,1,0,1.0,0.0
BCB-Python-CodeLlama-7B-BitsAndBytes,CodeLlama-7B,BitsAndBytes,BigCodeBench/645,9.0,0,0,0,2.0,1.0
BCB-Python-CodeLlama-7B-BitsAndBytes,CodeLlama-7B,BitsAndBytes,BigCodeBench/646,16.0,0,0,0,1.0,0.0
BCB-Python-CodeLlama-7B-BitsAndBytes,CodeLlama-7B,BitsAndBytes,BigCodeBench/647,7.0,0,1,0,1.0,0.0
BCB-Python-CodeLlama-7B-BitsAndBytes,CodeLlama-7B,BitsAndBytes,BigCodeBench/648,7.0,0,0,0,1.0,0.0
BCB-Python-CodeLlama-7B-BitsAndBytes,CodeLlama-7B,BitsAndBytes,BigCodeBench/649,9.0,0,0,0,2.0,1.0
BCB-Python-CodeLlama-7B-BitsAndBytes,CodeLlama-7B,BitsAndBytes,BigCodeBench/650,10.0,0,1,0,1.0,0.0
BCB-Python-CodeLlama-7B-BitsAndBytes,CodeLlama-7B,BitsAndBytes,BigCodeBench/651,12.0,0,1,0,1.0,0.0
BCB-Python-CodeLlama-7B-BitsAndBytes,CodeLlama-7B,BitsAndBytes,BigCodeBench/652,21.0,0,1,0,2.0,2.0
BCB-Python-CodeLlama-7B-BitsAndBytes,CodeLlama-7B,BitsAndBytes,BigCodeBench/653,8.0,0,0,0,1.0,0.0
BCB-Python-CodeLlama-7B-BitsAndBytes,CodeLlama-7B,BitsAndBytes,BigCodeBench/654,13.0,0,2,0,1.0,0.0
BCB-Python-CodeLlama-7B-BitsAndBytes,CodeLlama-7B,BitsAndBytes,BigCodeBench/655,20.0,0,1,0,3.0,1.0
BCB-Python-CodeLlama-7B-BitsAndBytes,CodeLlama-7B,BitsAndBytes,BigCodeBench/656,13.0,0,0,0,1.0,0.0
BCB-Python-CodeLlama-7B-BitsAndBytes,CodeLlama-7B,BitsAndBytes,BigCodeBench/657,13.0,0,1,0,2.0,0.0
BCB-Python-CodeLlama-7B-BitsAndBytes,CodeLlama-7B,BitsAndBytes,BigCodeBench/658,14.0,0,0,0,2.0,0.0
BCB-Python-CodeLlama-7B-BitsAndBytes,CodeLlama-7B,BitsAndBytes,BigCodeBench/659,9.0,0,0,0,2.0,1.0
BCB-Python-CodeLlama-7B-BitsAndBytes,CodeLlama-7B,BitsAndBytes,BigCodeBench/660,16.0,0,0,0,1.0,0.0
BCB-Python-CodeLlama-7B-BitsAndBytes,CodeLlama-7B,BitsAndBytes,BigCodeBench/661,9.0,0,1,0,1.0,1.0
BCB-Python-CodeLlama-7B-BitsAndBytes,CodeLlama-7B,BitsAndBytes,BigCodeBench/662,16.0,0,3,0,0.0,0.0
BCB-Python-CodeLlama-7B-BitsAndBytes,CodeLlama-7B,BitsAndBytes,BigCodeBench/663,18.0,0,1,0,2.0,0.0
BCB-Python-CodeLlama-7B-BitsAndBytes,CodeLlama-7B,BitsAndBytes,BigCodeBench/664,12.0,0,1,0,1.0,0.0
BCB-Python-CodeLlama-7B-BitsAndBytes,CodeLlama-7B,BitsAndBytes,BigCodeBench/665,12.0,0,0,0,4.0,2.0
BCB-Python-CodeLlama-7B-BitsAndBytes,CodeLlama-7B,BitsAndBytes,BigCodeBench/666,14.0,0,0,0,5.0,9.0
BCB-Python-CodeLlama-7B-BitsAndBytes,CodeLlama-7B,BitsAndBytes,BigCodeBench/667,11.0,0,0,0,4.0,4.0
BCB-Python-CodeLlama-7B-BitsAndBytes,CodeLlama-7B,BitsAndBytes,BigCodeBench/668,11.0,0,0,0,3.0,3.0
BCB-Python-CodeLlama-7B-BitsAndBytes,CodeLlama-7B,BitsAndBytes,BigCodeBench/669,7.0,0,0,0,1.0,0.0
BCB-Python-CodeLlama-7B-BitsAndBytes,CodeLlama-7B,BitsAndBytes,BigCodeBench/670,13.0,0,0,0,4.0,6.0
BCB-Python-CodeLlama-7B-BitsAndBytes,CodeLlama-7B,BitsAndBytes,BigCodeBench/671,15.0,0,0,0,3.0,2.0
BCB-Python-CodeLlama-7B-BitsAndBytes,CodeLlama-7B,BitsAndBytes,BigCodeBench/672,13.0,0,0,0,2.0,1.0
BCB-Python-CodeLlama-7B-BitsAndBytes,CodeLlama-7B,BitsAndBytes,BigCodeBench/673,9.0,0,0,0,2.0,1.0
BCB-Python-CodeLlama-7B-BitsAndBytes,CodeLlama-7B,BitsAndBytes,BigCodeBench/674,9.0,0,0,0,1.0,0.0
BCB-Python-CodeLlama-7B-BitsAndBytes,CodeLlama-7B,BitsAndBytes,BigCodeBench/675,14.0,0,0,0,3.0,2.0
BCB-Python-CodeLlama-7B-BitsAndBytes,CodeLlama-7B,BitsAndBytes,BigCodeBench/676,13.0,0,0,0,4.0,7.0
BCB-Python-CodeLlama-7B-BitsAndBytes,CodeLlama-7B,BitsAndBytes,BigCodeBench/677,7.0,0,3,0,1.0,0.0
BCB-Python-CodeLlama-7B-BitsAndBytes,CodeLlama-7B,BitsAndBytes,BigCodeBench/678,20.0,0,0,0,5.0,3.0
BCB-Python-CodeLlama-7B-BitsAndBytes,CodeLlama-7B,BitsAndBytes,BigCodeBench/679,7.0,0,0,0,1.0,0.0
BCB-Python-CodeLlama-7B-BitsAndBytes,CodeLlama-7B,BitsAndBytes,BigCodeBench/680,11.0,0,0,0,1.0,0.0
BCB-Python-CodeLlama-7B-BitsAndBytes,CodeLlama-7B,BitsAndBytes,BigCodeBench/681,7.0,0,0,0,1.0,0.0
BCB-Python-CodeLlama-7B-BitsAndBytes,CodeLlama-7B,BitsAndBytes,BigCodeBench/682,11.0,0,0,0,4.0,4.0
BCB-Python-CodeLlama-7B-BitsAndBytes,CodeLlama-7B,BitsAndBytes,BigCodeBench/683,9.0,0,0,0,1.0,0.0
BCB-Python-CodeLlama-7B-BitsAndBytes,CodeLlama-7B,BitsAndBytes,BigCodeBench/684,6.0,0,0,0,1.0,0.0
BCB-Python-CodeLlama-7B-BitsAndBytes,CodeLlama-7B,BitsAndBytes,BigCodeBench/685,6.0,0,0,0,1.0,0.0
BCB-Python-CodeLlama-7B-BitsAndBytes,CodeLlama-7B,BitsAndBytes,BigCodeBench/686,9.0,0,0,0,1.0,0.0
BCB-Python-CodeLlama-7B-BitsAndBytes,CodeLlama-7B,BitsAndBytes,BigCodeBench/687,6.0,0,0,0,1.0,0.0
BCB-Python-CodeLlama-7B-BitsAndBytes,CodeLlama-7B,BitsAndBytes,BigCodeBench/688,7.0,0,0,0,0.0,0.0
BCB-Python-CodeLlama-7B-BitsAndBytes,CodeLlama-7B,BitsAndBytes,BigCodeBench/689,9.0,0,0,0,2.0,1.0
BCB-Python-CodeLlama-7B-BitsAndBytes,CodeLlama-7B,BitsAndBytes,BigCodeBench/690,7.0,0,0,0,0.0,0.0
BCB-Python-CodeLlama-7B-BitsAndBytes,CodeLlama-7B,BitsAndBytes,BigCodeBench/691,9.0,0,1,0,1.0,0.0
BCB-Python-CodeLlama-7B-BitsAndBytes,CodeLlama-7B,BitsAndBytes,BigCodeBench/692,6.0,0,0,0,1.0,0.0
BCB-Python-CodeLlama-7B-BitsAndBytes,CodeLlama-7B,BitsAndBytes,BigCodeBench/693,10.0,0,0,0,2.0,1.0
BCB-Python-CodeLlama-7B-BitsAndBytes,CodeLlama-7B,BitsAndBytes,BigCodeBench/694,10.0,0,0,0,1.0,0.0
BCB-Python-CodeLlama-7B-BitsAndBytes,CodeLlama-7B,BitsAndBytes,BigCodeBench/695,7.0,0,1,0,1.0,0.0
BCB-Python-CodeLlama-7B-BitsAndBytes,CodeLlama-7B,BitsAndBytes,BigCodeBench/696,13.0,0,1,0,2.0,1.0
BCB-Python-CodeLlama-7B-BitsAndBytes,CodeLlama-7B,BitsAndBytes,BigCodeBench/697,9.0,0,0,0,1.0,0.0
BCB-Python-CodeLlama-7B-BitsAndBytes,CodeLlama-7B,BitsAndBytes,BigCodeBench/698,8.0,0,0,0,1.0,0.0
BCB-Python-CodeLlama-7B-BitsAndBytes,CodeLlama-7B,BitsAndBytes,BigCodeBench/699,10.0,0,0,0,1.0,0.0
BCB-Python-CodeLlama-7B-BitsAndBytes,CodeLlama-7B,BitsAndBytes,BigCodeBench/700,6.0,0,0,0,1.0,0.0
BCB-Python-CodeLlama-7B-BitsAndBytes,CodeLlama-7B,BitsAndBytes,BigCodeBench/701,8.0,0,0,0,1.0,0.0
BCB-Python-CodeLlama-7B-BitsAndBytes,CodeLlama-7B,BitsAndBytes,BigCodeBench/702,7.0,0,1,0,1.0,0.0
BCB-Python-CodeLlama-7B-BitsAndBytes,CodeLlama-7B,BitsAndBytes,BigCodeBench/703,7.0,0,0,0,1.0,0.0
BCB-Python-CodeLlama-7B-BitsAndBytes,CodeLlama-7B,BitsAndBytes,BigCodeBench/704,12.0,0,0,0,3.0,3.0
BCB-Python-CodeLlama-7B-BitsAndBytes,CodeLlama-7B,BitsAndBytes,BigCodeBench/705,8.0,0,1,0,2.0,2.0
BCB-Python-CodeLlama-7B-BitsAndBytes,CodeLlama-7B,BitsAndBytes,BigCodeBench/706,15.0,0,0,0,1.0,0.0
BCB-Python-CodeLlama-7B-BitsAndBytes,CodeLlama-7B,BitsAndBytes,BigCodeBench/707,8.0,0,0,0,1.0,0.0
BCB-Python-CodeLlama-7B-BitsAndBytes,CodeLlama-7B,BitsAndBytes,BigCodeBench/708,14.0,0,0,0,2.0,1.0
BCB-Python-CodeLlama-7B-BitsAndBytes,CodeLlama-7B,BitsAndBytes,BigCodeBench/709,12.0,0,0,0,1.0,0.0
BCB-Python-CodeLlama-7B-BitsAndBytes,CodeLlama-7B,BitsAndBytes,BigCodeBench/710,7.0,0,0,0,1.0,0.0
BCB-Python-CodeLlama-7B-BitsAndBytes,CodeLlama-7B,BitsAndBytes,BigCodeBench/711,11.0,0,0,0,2.0,1.0
BCB-Python-CodeLlama-7B-BitsAndBytes,CodeLlama-7B,BitsAndBytes,BigCodeBench/712,12.0,0,0,0,2.0,1.0
BCB-Python-CodeLlama-7B-BitsAndBytes,CodeLlama-7B,BitsAndBytes,BigCodeBench/713,16.0,0,0,0,4.0,4.0
BCB-Python-CodeLlama-7B-BitsAndBytes,CodeLlama-7B,BitsAndBytes,BigCodeBench/714,11.0,0,0,0,2.0,1.0
BCB-Python-CodeLlama-7B-BitsAndBytes,CodeLlama-7B,BitsAndBytes,BigCodeBench/715,10.0,0,0,0,1.0,0.0
BCB-Python-CodeLlama-7B-BitsAndBytes,CodeLlama-7B,BitsAndBytes,BigCodeBench/716,15.0,0,0,0,1.0,0.0
BCB-Python-CodeLlama-7B-BitsAndBytes,CodeLlama-7B,BitsAndBytes,BigCodeBench/717,15.0,0,0,0,1.0,0.0
BCB-Python-CodeLlama-7B-BitsAndBytes,CodeLlama-7B,BitsAndBytes,BigCodeBench/718,10.0,0,0,0,2.0,1.0
BCB-Python-CodeLlama-7B-BitsAndBytes,CodeLlama-7B,BitsAndBytes,BigCodeBench/719,11.0,0,0,0,3.0,3.0
BCB-Python-CodeLlama-7B-BitsAndBytes,CodeLlama-7B,BitsAndBytes,BigCodeBench/720,13.0,0,1,0,2.0,1.0
BCB-Python-CodeLlama-7B-BitsAndBytes,CodeLlama-7B,BitsAndBytes,BigCodeBench/721,15.0,0,0,0,3.0,3.0
BCB-Python-CodeLlama-7B-BitsAndBytes,CodeLlama-7B,BitsAndBytes,BigCodeBench/722,14.0,0,0,0,1.0,0.0
BCB-Python-CodeLlama-7B-BitsAndBytes,CodeLlama-7B,BitsAndBytes,BigCodeBench/723,17.0,0,0,0,2.0,1.0
BCB-Python-CodeLlama-7B-BitsAndBytes,CodeLlama-7B,BitsAndBytes,BigCodeBench/724,8.0,0,0,0,2.0,1.0
BCB-Python-CodeLlama-7B-BitsAndBytes,CodeLlama-7B,BitsAndBytes,BigCodeBench/725,10.0,0,0,0,2.0,1.0
BCB-Python-CodeLlama-7B-BitsAndBytes,CodeLlama-7B,BitsAndBytes,BigCodeBench/726,11.0,0,0,0,2.0,0.0
BCB-Python-CodeLlama-7B-BitsAndBytes,CodeLlama-7B,BitsAndBytes,BigCodeBench/727,10.0,0,0,0,1.0,0.0
BCB-Python-CodeLlama-7B-BitsAndBytes,CodeLlama-7B,BitsAndBytes,BigCodeBench/728,8.0,0,0,0,1.0,0.0
BCB-Python-CodeLlama-7B-BitsAndBytes,CodeLlama-7B,BitsAndBytes,BigCodeBench/729,16.0,0,1,0,2.0,1.0
BCB-Python-CodeLlama-7B-BitsAndBytes,CodeLlama-7B,BitsAndBytes,BigCodeBench/730,11.0,0,0,0,1.0,0.0
BCB-Python-CodeLlama-7B-BitsAndBytes,CodeLlama-7B,BitsAndBytes,BigCodeBench/731,12.0,0,0,0,1.0,0.0
BCB-Python-CodeLlama-7B-BitsAndBytes,CodeLlama-7B,BitsAndBytes,BigCodeBench/732,10.0,0,0,0,1.0,0.0
BCB-Python-CodeLlama-7B-BitsAndBytes,CodeLlama-7B,BitsAndBytes,BigCodeBench/733,10.0,0,0,0,3.0,3.0
BCB-Python-CodeLlama-7B-BitsAndBytes,CodeLlama-7B,BitsAndBytes,BigCodeBench/734,10.0,0,0,0,1.0,0.0
BCB-Python-CodeLlama-7B-BitsAndBytes,CodeLlama-7B,BitsAndBytes,BigCodeBench/735,8.0,0,1,0,1.0,0.0
BCB-Python-CodeLlama-7B-BitsAndBytes,CodeLlama-7B,BitsAndBytes,BigCodeBench/736,6.0,0,1,0,1.0,0.0
BCB-Python-CodeLlama-7B-BitsAndBytes,CodeLlama-7B,BitsAndBytes,BigCodeBench/737,5.0,0,1,0,1.0,0.0
BCB-Python-CodeLlama-7B-BitsAndBytes,CodeLlama-7B,BitsAndBytes,BigCodeBench/738,5.0,0,1,0,1.0,0.0
BCB-Python-CodeLlama-7B-BitsAndBytes,CodeLlama-7B,BitsAndBytes,BigCodeBench/739,9.0,0,1,0,1.0,0.0
BCB-Python-CodeLlama-7B-BitsAndBytes,CodeLlama-7B,BitsAndBytes,BigCodeBench/740,7.0,0,0,0,1.0,0.0
BCB-Python-CodeLlama-7B-BitsAndBytes,CodeLlama-7B,BitsAndBytes,BigCodeBench/741,10.0,0,0,0,2.0,1.0
BCB-Python-CodeLlama-7B-BitsAndBytes,CodeLlama-7B,BitsAndBytes,BigCodeBench/742,9.0,0,1,0,2.0,1.0
BCB-Python-CodeLlama-7B-BitsAndBytes,CodeLlama-7B,BitsAndBytes,BigCodeBench/743,16.0,0,1,0,7.0,21.0
BCB-Python-CodeLlama-7B-BitsAndBytes,CodeLlama-7B,BitsAndBytes,BigCodeBench/744,12.0,0,0,0,4.0,1.0
BCB-Python-CodeLlama-7B-BitsAndBytes,CodeLlama-7B,BitsAndBytes,BigCodeBench/745,9.0,0,0,0,1.0,0.0
BCB-Python-CodeLlama-7B-BitsAndBytes,CodeLlama-7B,BitsAndBytes,BigCodeBench/746,20.0,0,0,0,4.0,3.0
BCB-Python-CodeLlama-7B-BitsAndBytes,CodeLlama-7B,BitsAndBytes,BigCodeBench/747,19.0,0,0,0,2.0,6.0
BCB-Python-CodeLlama-7B-BitsAndBytes,CodeLlama-7B,BitsAndBytes,BigCodeBench/748,9.0,0,0,0,3.0,2.0
BCB-Python-CodeLlama-7B-BitsAndBytes,CodeLlama-7B,BitsAndBytes,BigCodeBench/749,8.0,0,1,0,1.0,0.0
BCB-Python-CodeLlama-7B-BitsAndBytes,CodeLlama-7B,BitsAndBytes,BigCodeBench/750,9.0,0,0,0,2.0,1.0
BCB-Python-CodeLlama-7B-BitsAndBytes,CodeLlama-7B,BitsAndBytes,BigCodeBench/751,10.0,0,0,0,2.0,1.0
BCB-Python-CodeLlama-7B-BitsAndBytes,CodeLlama-7B,BitsAndBytes,BigCodeBench/752,22.0,0,1,0,7.0,6.0
BCB-Python-CodeLlama-7B-BitsAndBytes,CodeLlama-7B,BitsAndBytes,BigCodeBench/753,16.0,0,1,0,2.0,1.0
BCB-Python-CodeLlama-7B-BitsAndBytes,CodeLlama-7B,BitsAndBytes,BigCodeBench/754,17.0,0,0,0,3.0,2.0
BCB-Python-CodeLlama-7B-BitsAndBytes,CodeLlama-7B,BitsAndBytes,BigCodeBench/755,11.0,0,0,0,2.0,1.0
BCB-Python-CodeLlama-7B-BitsAndBytes,CodeLlama-7B,BitsAndBytes,BigCodeBench/756,14.0,0,0,0,5.0,5.0
BCB-Python-CodeLlama-7B-BitsAndBytes,CodeLlama-7B,BitsAndBytes,BigCodeBench/757,5.0,0,0,0,1.0,0.0
BCB-Python-CodeLlama-7B-BitsAndBytes,CodeLlama-7B,BitsAndBytes,BigCodeBench/758,19.0,0,5,0,3.0,2.0
BCB-Python-CodeLlama-7B-BitsAndBytes,CodeLlama-7B,BitsAndBytes,BigCodeBench/759,10.0,0,0,0,3.0,3.0
BCB-Python-CodeLlama-7B-BitsAndBytes,CodeLlama-7B,BitsAndBytes,BigCodeBench/760,17.0,0,2,0,1.0,0.0
BCB-Python-CodeLlama-7B-BitsAndBytes,CodeLlama-7B,BitsAndBytes,BigCodeBench/761,20.0,0,0,0,7.0,8.0
BCB-Python-CodeLlama-7B-BitsAndBytes,CodeLlama-7B,BitsAndBytes,BigCodeBench/762,15.0,0,0,0,2.0,1.0
BCB-Python-CodeLlama-7B-BitsAndBytes,CodeLlama-7B,BitsAndBytes,BigCodeBench/763,30.0,0,0,0,8.0,7.0
BCB-Python-CodeLlama-7B-BitsAndBytes,CodeLlama-7B,BitsAndBytes,BigCodeBench/764,30.0,0,0,0,10.0,11.0
BCB-Python-CodeLlama-7B-BitsAndBytes,CodeLlama-7B,BitsAndBytes,BigCodeBench/765,11.0,0,0,0,4.0,4.0
BCB-Python-CodeLlama-7B-BitsAndBytes,CodeLlama-7B,BitsAndBytes,BigCodeBench/766,11.0,0,0,0,5.0,4.0
BCB-Python-CodeLlama-7B-BitsAndBytes,CodeLlama-7B,BitsAndBytes,BigCodeBench/767,8.0,0,1,0,1.0,0.0
BCB-Python-CodeLlama-7B-BitsAndBytes,CodeLlama-7B,BitsAndBytes,BigCodeBench/768,13.0,0,0,0,3.0,2.0
BCB-Python-CodeLlama-7B-BitsAndBytes,CodeLlama-7B,BitsAndBytes,BigCodeBench/769,9.0,0,0,0,1.0,0.0
BCB-Python-CodeLlama-7B-BitsAndBytes,CodeLlama-7B,BitsAndBytes,BigCodeBench/770,14.0,0,3,0,2.0,1.0
BCB-Python-CodeLlama-7B-BitsAndBytes,CodeLlama-7B,BitsAndBytes,BigCodeBench/771,14.0,0,0,0,3.0,1.0
BCB-Python-CodeLlama-7B-BitsAndBytes,CodeLlama-7B,BitsAndBytes,BigCodeBench/772,10.0,0,5,0,1.0,0.0
BCB-Python-CodeLlama-7B-BitsAndBytes,CodeLlama-7B,BitsAndBytes,BigCodeBench/773,13.0,0,0,0,3.0,3.0
BCB-Python-CodeLlama-7B-BitsAndBytes,CodeLlama-7B,BitsAndBytes,BigCodeBench/774,9.0,0,3,0,1.0,0.0
BCB-Python-CodeLlama-7B-BitsAndBytes,CodeLlama-7B,BitsAndBytes,BigCodeBench/775,13.0,0,0,0,2.0,2.0
BCB-Python-CodeLlama-7B-BitsAndBytes,CodeLlama-7B,BitsAndBytes,BigCodeBench/776,15.0,0,1,0,5.0,5.0
BCB-Python-CodeLlama-7B-BitsAndBytes,CodeLlama-7B,BitsAndBytes,BigCodeBench/777,12.0,0,0,0,3.0,3.0
BCB-Python-CodeLlama-7B-BitsAndBytes,CodeLlama-7B,BitsAndBytes,BigCodeBench/778,24.0,0,0,0,9.0,13.0
BCB-Python-CodeLlama-7B-BitsAndBytes,CodeLlama-7B,BitsAndBytes,BigCodeBench/779,10.0,0,0,0,2.0,0.0
BCB-Python-CodeLlama-7B-BitsAndBytes,CodeLlama-7B,BitsAndBytes,BigCodeBench/780,33.0,0,0,0,8.0,10.0
BCB-Python-CodeLlama-7B-BitsAndBytes,CodeLlama-7B,BitsAndBytes,BigCodeBench/781,7.0,0,0,0,1.0,0.0
BCB-Python-CodeLlama-7B-BitsAndBytes,CodeLlama-7B,BitsAndBytes,BigCodeBench/782,25.0,0,2,0,3.0,2.0
BCB-Python-CodeLlama-7B-BitsAndBytes,CodeLlama-7B,BitsAndBytes,BigCodeBench/783,11.0,0,0,0,3.0,3.0
BCB-Python-CodeLlama-7B-BitsAndBytes,CodeLlama-7B,BitsAndBytes,BigCodeBench/784,20.0,0,2,0,3.0,2.0
BCB-Python-CodeLlama-7B-BitsAndBytes,CodeLlama-7B,BitsAndBytes,BigCodeBench/785,13.0,0,0,0,3.0,2.0
BCB-Python-CodeLlama-7B-BitsAndBytes,CodeLlama-7B,BitsAndBytes,BigCodeBench/786,16.0,0,1,0,4.0,3.0
BCB-Python-CodeLlama-7B-BitsAndBytes,CodeLlama-7B,BitsAndBytes,BigCodeBench/787,11.0,0,0,0,4.0,4.0
BCB-Python-CodeLlama-7B-BitsAndBytes,CodeLlama-7B,BitsAndBytes,BigCodeBench/788,11.0,0,2,0,4.0,3.0
BCB-Python-CodeLlama-7B-BitsAndBytes,CodeLlama-7B,BitsAndBytes,BigCodeBench/789,9.0,0,1,0,1.0,0.0
BCB-Python-CodeLlama-7B-BitsAndBytes,CodeLlama-7B,BitsAndBytes,BigCodeBench/790,12.0,0,1,0,4.0,3.0
BCB-Python-CodeLlama-7B-BitsAndBytes,CodeLlama-7B,BitsAndBytes,BigCodeBench/791,9.0,0,0,0,1.0,0.0
BCB-Python-CodeLlama-7B-BitsAndBytes,CodeLlama-7B,BitsAndBytes,BigCodeBench/792,9.0,0,0,0,3.0,2.0
BCB-Python-CodeLlama-7B-BitsAndBytes,CodeLlama-7B,BitsAndBytes,BigCodeBench/793,7.0,0,0,0,1.0,0.0
BCB-Python-CodeLlama-7B-BitsAndBytes,CodeLlama-7B,BitsAndBytes,BigCodeBench/794,15.0,0,2,0,4.0,5.0
BCB-Python-CodeLlama-7B-BitsAndBytes,CodeLlama-7B,BitsAndBytes,BigCodeBench/795,11.0,0,0,0,3.0,1.0
BCB-Python-CodeLlama-7B-BitsAndBytes,CodeLlama-7B,BitsAndBytes,BigCodeBench/796,11.0,0,0,0,4.0,6.0
BCB-Python-CodeLlama-7B-BitsAndBytes,CodeLlama-7B,BitsAndBytes,BigCodeBench/797,11.0,0,0,0,4.0,4.0
BCB-Python-CodeLlama-7B-BitsAndBytes,CodeLlama-7B,BitsAndBytes,BigCodeBench/798,15.0,0,0,0,3.0,3.0
BCB-Python-CodeLlama-7B-BitsAndBytes,CodeLlama-7B,BitsAndBytes,BigCodeBench/799,12.0,0,2,0,3.0,2.0
BCB-Python-CodeLlama-7B-BitsAndBytes,CodeLlama-7B,BitsAndBytes,BigCodeBench/800,17.0,0,0,0,3.0,1.0
BCB-Python-CodeLlama-7B-BitsAndBytes,CodeLlama-7B,BitsAndBytes,BigCodeBench/801,17.0,0,0,0,5.0,7.0
BCB-Python-CodeLlama-7B-BitsAndBytes,CodeLlama-7B,BitsAndBytes,BigCodeBench/802,6.0,0,2,0,1.0,0.0
BCB-Python-CodeLlama-7B-BitsAndBytes,CodeLlama-7B,BitsAndBytes,BigCodeBench/803,9.0,0,0,0,3.0,1.0
BCB-Python-CodeLlama-7B-BitsAndBytes,CodeLlama-7B,BitsAndBytes,BigCodeBench/804,14.0,0,0,0,3.0,2.0
BCB-Python-CodeLlama-7B-BitsAndBytes,CodeLlama-7B,BitsAndBytes,BigCodeBench/805,9.0,0,1,0,1.0,0.0
BCB-Python-CodeLlama-7B-BitsAndBytes,CodeLlama-7B,BitsAndBytes,BigCodeBench/806,11.0,0,1,0,2.0,0.0
BCB-Python-CodeLlama-7B-BitsAndBytes,CodeLlama-7B,BitsAndBytes,BigCodeBench/807,10.0,0,2,0,3.0,1.0
BCB-Python-CodeLlama-7B-BitsAndBytes,CodeLlama-7B,BitsAndBytes,BigCodeBench/808,12.0,0,0,0,2.0,0.0
BCB-Python-CodeLlama-7B-BitsAndBytes,CodeLlama-7B,BitsAndBytes,BigCodeBench/809,12.0,0,1,0,3.0,3.0
BCB-Python-CodeLlama-7B-BitsAndBytes,CodeLlama-7B,BitsAndBytes,BigCodeBench/810,16.0,0,0,0,5.0,11.0
BCB-Python-CodeLlama-7B-BitsAndBytes,CodeLlama-7B,BitsAndBytes,BigCodeBench/811,17.0,0,0,0,6.0,7.0
BCB-Python-CodeLlama-7B-BitsAndBytes,CodeLlama-7B,BitsAndBytes,BigCodeBench/812,13.0,0,0,0,3.0,3.0
BCB-Python-CodeLlama-7B-BitsAndBytes,CodeLlama-7B,BitsAndBytes,BigCodeBench/813,16.0,0,0,0,6.0,11.0
BCB-Python-CodeLlama-7B-BitsAndBytes,CodeLlama-7B,BitsAndBytes,BigCodeBench/814,14.0,0,0,0,5.0,7.0
BCB-Python-CodeLlama-7B-BitsAndBytes,CodeLlama-7B,BitsAndBytes,BigCodeBench/815,9.0,0,0,0,1.0,0.0
BCB-Python-CodeLlama-7B-BitsAndBytes,CodeLlama-7B,BitsAndBytes,BigCodeBench/816,12.0,0,1,0,2.0,1.0
BCB-Python-CodeLlama-7B-BitsAndBytes,CodeLlama-7B,BitsAndBytes,BigCodeBench/817,9.0,0,0,0,1.0,0.0
BCB-Python-CodeLlama-7B-BitsAndBytes,CodeLlama-7B,BitsAndBytes,BigCodeBench/818,7.0,0,0,0,1.0,0.0
BCB-Python-CodeLlama-7B-BitsAndBytes,CodeLlama-7B,BitsAndBytes,BigCodeBench/819,17.0,0,2,0,8.0,7.0
BCB-Python-CodeLlama-7B-BitsAndBytes,CodeLlama-7B,BitsAndBytes,BigCodeBench/820,11.0,0,0,0,4.0,3.0
BCB-Python-CodeLlama-7B-BitsAndBytes,CodeLlama-7B,BitsAndBytes,BigCodeBench/821,17.0,0,0,0,5.0,3.0
BCB-Python-CodeLlama-7B-BitsAndBytes,CodeLlama-7B,BitsAndBytes,BigCodeBench/822,8.0,0,1,0,1.0,0.0
BCB-Python-CodeLlama-7B-BitsAndBytes,CodeLlama-7B,BitsAndBytes,BigCodeBench/823,12.0,0,1,0,2.0,1.0
BCB-Python-CodeLlama-7B-BitsAndBytes,CodeLlama-7B,BitsAndBytes,BigCodeBench/824,13.0,0,0,0,3.0,4.0
BCB-Python-CodeLlama-7B-BitsAndBytes,CodeLlama-7B,BitsAndBytes,BigCodeBench/825,7.0,0,1,0,1.0,0.0
BCB-Python-CodeLlama-7B-BitsAndBytes,CodeLlama-7B,BitsAndBytes,BigCodeBench/826,10.0,0,0,0,3.0,3.0
BCB-Python-CodeLlama-7B-BitsAndBytes,CodeLlama-7B,BitsAndBytes,BigCodeBench/827,6.0,0,0,0,2.0,0.0
BCB-Python-CodeLlama-7B-BitsAndBytes,CodeLlama-7B,BitsAndBytes,BigCodeBench/828,11.0,0,0,0,2.0,1.0
BCB-Python-CodeLlama-7B-BitsAndBytes,CodeLlama-7B,BitsAndBytes,BigCodeBench/829,10.0,0,0,0,3.0,2.0
BCB-Python-CodeLlama-7B-BitsAndBytes,CodeLlama-7B,BitsAndBytes,BigCodeBench/830,15.0,0,0,0,3.0,3.0
BCB-Python-CodeLlama-7B-BitsAndBytes,CodeLlama-7B,BitsAndBytes,BigCodeBench/831,11.0,0,0,0,3.0,2.0
BCB-Python-CodeLlama-7B-BitsAndBytes,CodeLlama-7B,BitsAndBytes,BigCodeBench/832,9.0,0,0,0,2.0,1.0
BCB-Python-CodeLlama-7B-BitsAndBytes,CodeLlama-7B,BitsAndBytes,BigCodeBench/833,0.0,0,0,0,0.0,0.0
BCB-Python-CodeLlama-7B-BitsAndBytes,CodeLlama-7B,BitsAndBytes,BigCodeBench/834,8.0,0,0,0,1.0,0.0
BCB-Python-CodeLlama-7B-BitsAndBytes,CodeLlama-7B,BitsAndBytes,BigCodeBench/835,9.0,0,1,0,1.0,0.0
BCB-Python-CodeLlama-7B-BitsAndBytes,CodeLlama-7B,BitsAndBytes,BigCodeBench/836,16.0,0,0,0,6.0,15.0
BCB-Python-CodeLlama-7B-BitsAndBytes,CodeLlama-7B,BitsAndBytes,BigCodeBench/837,10.0,0,2,0,1.0,0.0
BCB-Python-CodeLlama-7B-BitsAndBytes,CodeLlama-7B,BitsAndBytes,BigCodeBench/838,8.0,0,0,0,1.0,0.0
BCB-Python-CodeLlama-7B-BitsAndBytes,CodeLlama-7B,BitsAndBytes,BigCodeBench/839,16.0,0,1,0,3.0,2.0
BCB-Python-CodeLlama-7B-BitsAndBytes,CodeLlama-7B,BitsAndBytes,BigCodeBench/840,6.0,0,2,0,1.0,0.0
BCB-Python-CodeLlama-7B-BitsAndBytes,CodeLlama-7B,BitsAndBytes,BigCodeBench/841,13.0,0,0,0,2.0,1.0
BCB-Python-CodeLlama-7B-BitsAndBytes,CodeLlama-7B,BitsAndBytes,BigCodeBench/842,21.0,0,2,0,2.0,1.0
BCB-Python-CodeLlama-7B-BitsAndBytes,CodeLlama-7B,BitsAndBytes,BigCodeBench/843,13.0,0,0,0,3.0,3.0
BCB-Python-CodeLlama-7B-BitsAndBytes,CodeLlama-7B,BitsAndBytes,BigCodeBench/844,18.0,0,0,0,4.0,3.0
BCB-Python-CodeLlama-7B-BitsAndBytes,CodeLlama-7B,BitsAndBytes,BigCodeBench/845,18.0,0,0,0,1.0,0.0
BCB-Python-CodeLlama-7B-BitsAndBytes,CodeLlama-7B,BitsAndBytes,BigCodeBench/846,14.0,0,0,0,3.0,1.0
BCB-Python-CodeLlama-7B-BitsAndBytes,CodeLlama-7B,BitsAndBytes,BigCodeBench/847,17.0,0,0,0,2.0,1.0
BCB-Python-CodeLlama-7B-BitsAndBytes,CodeLlama-7B,BitsAndBytes,BigCodeBench/848,15.0,0,0,0,4.0,2.0
BCB-Python-CodeLlama-7B-BitsAndBytes,CodeLlama-7B,BitsAndBytes,BigCodeBench/849,11.0,0,0,0,1.0,0.0
BCB-Python-CodeLlama-7B-BitsAndBytes,CodeLlama-7B,BitsAndBytes,BigCodeBench/850,27.0,0,2,0,5.0,5.0
BCB-Python-CodeLlama-7B-BitsAndBytes,CodeLlama-7B,BitsAndBytes,BigCodeBench/851,7.0,0,0,0,1.0,0.0
BCB-Python-CodeLlama-7B-BitsAndBytes,CodeLlama-7B,BitsAndBytes,BigCodeBench/852,13.0,0,0,0,4.0,3.0
BCB-Python-CodeLlama-7B-BitsAndBytes,CodeLlama-7B,BitsAndBytes,BigCodeBench/853,20.0,0,0,0,5.0,10.0
BCB-Python-CodeLlama-7B-BitsAndBytes,CodeLlama-7B,BitsAndBytes,BigCodeBench/854,11.0,0,0,0,3.0,2.0
BCB-Python-CodeLlama-7B-BitsAndBytes,CodeLlama-7B,BitsAndBytes,BigCodeBench/855,8.0,0,1,0,1.0,0.0
BCB-Python-CodeLlama-7B-BitsAndBytes,CodeLlama-7B,BitsAndBytes,BigCodeBench/856,9.0,0,2,0,2.0,1.0
BCB-Python-CodeLlama-7B-BitsAndBytes,CodeLlama-7B,BitsAndBytes,BigCodeBench/857,15.0,0,3,0,3.0,6.0
BCB-Python-CodeLlama-7B-BitsAndBytes,CodeLlama-7B,BitsAndBytes,BigCodeBench/858,8.0,0,0,0,2.0,1.0
BCB-Python-CodeLlama-7B-BitsAndBytes,CodeLlama-7B,BitsAndBytes,BigCodeBench/859,24.0,0,1,0,3.0,3.0
BCB-Python-CodeLlama-7B-BitsAndBytes,CodeLlama-7B,BitsAndBytes,BigCodeBench/860,9.0,0,0,0,2.0,1.0
BCB-Python-CodeLlama-7B-BitsAndBytes,CodeLlama-7B,BitsAndBytes,BigCodeBench/861,12.0,0,1,0,3.0,3.0
BCB-Python-CodeLlama-7B-BitsAndBytes,CodeLlama-7B,BitsAndBytes,BigCodeBench/862,13.0,0,1,0,3.0,2.0
BCB-Python-CodeLlama-7B-BitsAndBytes,CodeLlama-7B,BitsAndBytes,BigCodeBench/863,11.0,0,0,0,3.0,3.0
BCB-Python-CodeLlama-7B-BitsAndBytes,CodeLlama-7B,BitsAndBytes,BigCodeBench/864,12.0,1,2,0,3.0,4.0
BCB-Python-CodeLlama-7B-BitsAndBytes,CodeLlama-7B,BitsAndBytes,BigCodeBench/865,10.0,0,0,0,1.0,0.0
BCB-Python-CodeLlama-7B-BitsAndBytes,CodeLlama-7B,BitsAndBytes,BigCodeBench/866,7.0,0,0,0,1.0,0.0
BCB-Python-CodeLlama-7B-BitsAndBytes,CodeLlama-7B,BitsAndBytes,BigCodeBench/867,6.0,0,0,0,1.0,0.0
BCB-Python-CodeLlama-7B-BitsAndBytes,CodeLlama-7B,BitsAndBytes,BigCodeBench/868,16.0,0,0,0,5.0,10.0
BCB-Python-CodeLlama-7B-BitsAndBytes,CodeLlama-7B,BitsAndBytes,BigCodeBench/869,19.0,0,1,0,4.0,3.0
BCB-Python-CodeLlama-7B-BitsAndBytes,CodeLlama-7B,BitsAndBytes,BigCodeBench/870,10.0,0,0,0,4.0,3.0
BCB-Python-CodeLlama-7B-BitsAndBytes,CodeLlama-7B,BitsAndBytes,BigCodeBench/871,15.0,0,0,0,5.0,5.0
BCB-Python-CodeLlama-7B-BitsAndBytes,CodeLlama-7B,BitsAndBytes,BigCodeBench/872,18.0,0,0,0,5.0,5.0
BCB-Python-CodeLlama-7B-BitsAndBytes,CodeLlama-7B,BitsAndBytes,BigCodeBench/873,12.0,0,0,0,3.0,2.0
BCB-Python-CodeLlama-7B-BitsAndBytes,CodeLlama-7B,BitsAndBytes,BigCodeBench/874,16.0,0,0,0,7.0,8.0
BCB-Python-CodeLlama-7B-BitsAndBytes,CodeLlama-7B,BitsAndBytes,BigCodeBench/875,13.0,0,2,0,6.0,16.0
BCB-Python-CodeLlama-7B-BitsAndBytes,CodeLlama-7B,BitsAndBytes,BigCodeBench/876,12.0,0,0,0,1.0,0.0
BCB-Python-CodeLlama-7B-BitsAndBytes,CodeLlama-7B,BitsAndBytes,BigCodeBench/877,18.0,0,1,0,5.0,4.0
BCB-Python-CodeLlama-7B-BitsAndBytes,CodeLlama-7B,BitsAndBytes,BigCodeBench/878,16.0,0,2,0,3.0,2.0
BCB-Python-CodeLlama-7B-BitsAndBytes,CodeLlama-7B,BitsAndBytes,BigCodeBench/879,17.0,0,2,0,10.0,9.0
BCB-Python-CodeLlama-7B-BitsAndBytes,CodeLlama-7B,BitsAndBytes,BigCodeBench/880,8.0,0,0,0,2.0,1.0
BCB-Python-CodeLlama-7B-BitsAndBytes,CodeLlama-7B,BitsAndBytes,BigCodeBench/881,12.0,0,1,0,2.0,2.0
BCB-Python-CodeLlama-7B-BitsAndBytes,CodeLlama-7B,BitsAndBytes,BigCodeBench/882,13.0,0,0,0,2.0,1.0
BCB-Python-CodeLlama-7B-BitsAndBytes,CodeLlama-7B,BitsAndBytes,BigCodeBench/883,13.0,0,0,0,4.0,4.0
BCB-Python-CodeLlama-7B-BitsAndBytes,CodeLlama-7B,BitsAndBytes,BigCodeBench/884,12.0,0,0,0,3.0,2.0
BCB-Python-CodeLlama-7B-BitsAndBytes,CodeLlama-7B,BitsAndBytes,BigCodeBench/885,14.0,0,1,0,3.0,2.0
BCB-Python-CodeLlama-7B-BitsAndBytes,CodeLlama-7B,BitsAndBytes,BigCodeBench/886,11.0,0,0,0,3.0,2.0
BCB-Python-CodeLlama-7B-BitsAndBytes,CodeLlama-7B,BitsAndBytes,BigCodeBench/887,7.0,0,3,0,1.0,0.0
BCB-Python-CodeLlama-7B-BitsAndBytes,CodeLlama-7B,BitsAndBytes,BigCodeBench/888,12.0,0,0,0,5.0,4.0
BCB-Python-CodeLlama-7B-BitsAndBytes,CodeLlama-7B,BitsAndBytes,BigCodeBench/889,10.0,0,0,0,3.0,2.0
BCB-Python-CodeLlama-7B-BitsAndBytes,CodeLlama-7B,BitsAndBytes,BigCodeBench/890,11.0,0,0,0,2.0,1.0
BCB-Python-CodeLlama-7B-BitsAndBytes,CodeLlama-7B,BitsAndBytes,BigCodeBench/891,12.0,0,1,0,1.0,0.0
BCB-Python-CodeLlama-7B-BitsAndBytes,CodeLlama-7B,BitsAndBytes,BigCodeBench/892,9.0,0,0,0,3.0,3.0
BCB-Python-CodeLlama-7B-BitsAndBytes,CodeLlama-7B,BitsAndBytes,BigCodeBench/893,17.0,0,1,0,3.0,3.0
BCB-Python-CodeLlama-7B-BitsAndBytes,CodeLlama-7B,BitsAndBytes,BigCodeBench/894,21.0,0,1,0,1.0,0.0
BCB-Python-CodeLlama-7B-BitsAndBytes,CodeLlama-7B,BitsAndBytes,BigCodeBench/895,20.0,0,1,0,1.0,0.0
BCB-Python-CodeLlama-7B-BitsAndBytes,CodeLlama-7B,BitsAndBytes,BigCodeBench/896,12.0,0,0,0,3.0,3.0
BCB-Python-CodeLlama-7B-BitsAndBytes,CodeLlama-7B,BitsAndBytes,BigCodeBench/897,18.0,0,1,0,3.0,2.0
BCB-Python-CodeLlama-7B-BitsAndBytes,CodeLlama-7B,BitsAndBytes,BigCodeBench/898,9.0,0,0,0,2.0,1.0
BCB-Python-CodeLlama-7B-BitsAndBytes,CodeLlama-7B,BitsAndBytes,BigCodeBench/899,11.0,0,0,0,3.0,2.0
BCB-Python-CodeLlama-7B-BitsAndBytes,CodeLlama-7B,BitsAndBytes,BigCodeBench/900,13.0,0,3,0,2.0,1.0
BCB-Python-CodeLlama-7B-BitsAndBytes,CodeLlama-7B,BitsAndBytes,BigCodeBench/901,9.0,0,0,0,2.0,1.0
BCB-Python-CodeLlama-7B-BitsAndBytes,CodeLlama-7B,BitsAndBytes,BigCodeBench/902,16.0,0,0,0,5.0,7.0
BCB-Python-CodeLlama-7B-BitsAndBytes,CodeLlama-7B,BitsAndBytes,BigCodeBench/903,6.0,0,0,0,1.0,0.0
BCB-Python-CodeLlama-7B-BitsAndBytes,CodeLlama-7B,BitsAndBytes,BigCodeBench/904,8.0,0,0,0,1.0,0.0
BCB-Python-CodeLlama-7B-BitsAndBytes,CodeLlama-7B,BitsAndBytes,BigCodeBench/905,10.0,0,1,0,2.0,1.0
BCB-Python-CodeLlama-7B-BitsAndBytes,CodeLlama-7B,BitsAndBytes,BigCodeBench/906,11.0,0,0,0,3.0,3.0
BCB-Python-CodeLlama-7B-BitsAndBytes,CodeLlama-7B,BitsAndBytes,BigCodeBench/907,12.0,0,0,0,4.0,4.0
BCB-Python-CodeLlama-7B-BitsAndBytes,CodeLlama-7B,BitsAndBytes,BigCodeBench/908,14.0,0,0,0,4.0,4.0
BCB-Python-CodeLlama-7B-BitsAndBytes,CodeLlama-7B,BitsAndBytes,BigCodeBench/909,9.0,0,0,0,1.0,0.0
BCB-Python-CodeLlama-7B-BitsAndBytes,CodeLlama-7B,BitsAndBytes,BigCodeBench/910,20.0,1,1,0,6.0,6.0
BCB-Python-CodeLlama-7B-BitsAndBytes,CodeLlama-7B,BitsAndBytes,BigCodeBench/911,7.0,0,0,0,1.0,0.0
BCB-Python-CodeLlama-7B-BitsAndBytes,CodeLlama-7B,BitsAndBytes,BigCodeBench/912,7.0,0,0,0,1.0,0.0
BCB-Python-CodeLlama-7B-BitsAndBytes,CodeLlama-7B,BitsAndBytes,BigCodeBench/913,11.0,0,0,0,3.0,2.0
BCB-Python-CodeLlama-7B-BitsAndBytes,CodeLlama-7B,BitsAndBytes,BigCodeBench/914,18.0,0,3,0,2.0,1.0
BCB-Python-CodeLlama-7B-BitsAndBytes,CodeLlama-7B,BitsAndBytes,BigCodeBench/915,14.0,0,1,0,1.0,0.0
BCB-Python-CodeLlama-7B-BitsAndBytes,CodeLlama-7B,BitsAndBytes,BigCodeBench/916,12.0,0,0,0,1.0,0.0
BCB-Python-CodeLlama-7B-BitsAndBytes,CodeLlama-7B,BitsAndBytes,BigCodeBench/917,20.0,0,1,0,1.0,0.0
BCB-Python-CodeLlama-7B-BitsAndBytes,CodeLlama-7B,BitsAndBytes,BigCodeBench/918,12.0,0,0,0,4.0,7.0
BCB-Python-CodeLlama-7B-BitsAndBytes,CodeLlama-7B,BitsAndBytes,BigCodeBench/919,10.0,0,1,0,1.0,0.0
BCB-Python-CodeLlama-7B-BitsAndBytes,CodeLlama-7B,BitsAndBytes,BigCodeBench/920,10.0,0,1,0,1.0,0.0
BCB-Python-CodeLlama-7B-BitsAndBytes,CodeLlama-7B,BitsAndBytes,BigCodeBench/921,8.0,0,0,0,1.0,0.0
BCB-Python-CodeLlama-7B-BitsAndBytes,CodeLlama-7B,BitsAndBytes,BigCodeBench/922,19.0,0,1,0,1.0,0.0
BCB-Python-CodeLlama-7B-BitsAndBytes,CodeLlama-7B,BitsAndBytes,BigCodeBench/923,15.0,0,1,0,3.0,2.0
BCB-Python-CodeLlama-7B-BitsAndBytes,CodeLlama-7B,BitsAndBytes,BigCodeBench/924,7.0,0,0,0,1.0,0.0
BCB-Python-CodeLlama-7B-BitsAndBytes,CodeLlama-7B,BitsAndBytes,BigCodeBench/925,8.0,0,1,0,1.0,0.0
BCB-Python-CodeLlama-7B-BitsAndBytes,CodeLlama-7B,BitsAndBytes,BigCodeBench/926,8.0,0,0,0,1.0,0.0
BCB-Python-CodeLlama-7B-BitsAndBytes,CodeLlama-7B,BitsAndBytes,BigCodeBench/927,8.0,0,0,0,1.0,0.0
BCB-Python-CodeLlama-7B-BitsAndBytes,CodeLlama-7B,BitsAndBytes,BigCodeBench/928,11.0,0,0,0,3.0,3.0
BCB-Python-CodeLlama-7B-BitsAndBytes,CodeLlama-7B,BitsAndBytes,BigCodeBench/929,7.0,0,0,0,1.0,0.0
BCB-Python-CodeLlama-7B-BitsAndBytes,CodeLlama-7B,BitsAndBytes,BigCodeBench/930,10.0,0,0,0,3.0,2.0
BCB-Python-CodeLlama-7B-BitsAndBytes,CodeLlama-7B,BitsAndBytes,BigCodeBench/931,8.0,0,0,0,2.0,1.0
BCB-Python-CodeLlama-7B-BitsAndBytes,CodeLlama-7B,BitsAndBytes,BigCodeBench/932,7.0,0,0,0,2.0,1.0
BCB-Python-CodeLlama-7B-BitsAndBytes,CodeLlama-7B,BitsAndBytes,BigCodeBench/933,7.0,0,0,0,1.0,0.0
BCB-Python-CodeLlama-7B-BitsAndBytes,CodeLlama-7B,BitsAndBytes,BigCodeBench/934,8.0,0,2,0,1.0,0.0
BCB-Python-CodeLlama-7B-BitsAndBytes,CodeLlama-7B,BitsAndBytes,BigCodeBench/935,10.0,0,0,0,3.0,2.0
BCB-Python-CodeLlama-7B-BitsAndBytes,CodeLlama-7B,BitsAndBytes,BigCodeBench/936,13.0,0,1,0,1.0,0.0
BCB-Python-CodeLlama-7B-BitsAndBytes,CodeLlama-7B,BitsAndBytes,BigCodeBench/937,8.0,0,1,0,1.0,0.0
BCB-Python-CodeLlama-7B-BitsAndBytes,CodeLlama-7B,BitsAndBytes,BigCodeBench/938,6.0,0,0,0,1.0,0.0
BCB-Python-CodeLlama-7B-BitsAndBytes,CodeLlama-7B,BitsAndBytes,BigCodeBench/939,10.0,0,0,0,2.0,1.0
BCB-Python-CodeLlama-7B-BitsAndBytes,CodeLlama-7B,BitsAndBytes,BigCodeBench/940,8.0,0,0,0,1.0,0.0
BCB-Python-CodeLlama-7B-BitsAndBytes,CodeLlama-7B,BitsAndBytes,BigCodeBench/941,14.0,0,2,0,1.0,0.0
BCB-Python-CodeLlama-7B-BitsAndBytes,CodeLlama-7B,BitsAndBytes,BigCodeBench/942,21.0,1,2,0,0.0,0.0
BCB-Python-CodeLlama-7B-BitsAndBytes,CodeLlama-7B,BitsAndBytes,BigCodeBench/943,13.0,0,1,0,1.0,0.0
BCB-Python-CodeLlama-7B-BitsAndBytes,CodeLlama-7B,BitsAndBytes,BigCodeBench/944,14.0,0,1,0,1.0,0.0
BCB-Python-CodeLlama-7B-BitsAndBytes,CodeLlama-7B,BitsAndBytes,BigCodeBench/945,11.0,1,2,0,1.0,0.0
BCB-Python-CodeLlama-7B-BitsAndBytes,CodeLlama-7B,BitsAndBytes,BigCodeBench/946,8.0,0,2,0,1.0,0.0
BCB-Python-CodeLlama-7B-BitsAndBytes,CodeLlama-7B,BitsAndBytes,BigCodeBench/947,14.0,0,2,0,3.0,3.0
BCB-Python-CodeLlama-7B-BitsAndBytes,CodeLlama-7B,BitsAndBytes,BigCodeBench/948,7.0,0,2,0,1.0,0.0
BCB-Python-CodeLlama-7B-BitsAndBytes,CodeLlama-7B,BitsAndBytes,BigCodeBench/949,6.0,0,1,0,1.0,0.0
BCB-Python-CodeLlama-7B-BitsAndBytes,CodeLlama-7B,BitsAndBytes,BigCodeBench/950,7.0,0,2,0,1.0,0.0
BCB-Python-CodeLlama-7B-BitsAndBytes,CodeLlama-7B,BitsAndBytes,BigCodeBench/951,17.0,0,3,0,3.0,2.0
BCB-Python-CodeLlama-7B-BitsAndBytes,CodeLlama-7B,BitsAndBytes,BigCodeBench/952,26.0,0,2,0,2.0,1.0
BCB-Python-CodeLlama-7B-BitsAndBytes,CodeLlama-7B,BitsAndBytes,BigCodeBench/953,17.0,0,2,0,4.0,3.0
BCB-Python-CodeLlama-7B-BitsAndBytes,CodeLlama-7B,BitsAndBytes,BigCodeBench/954,17.0,0,0,0,6.0,6.0
BCB-Python-CodeLlama-7B-BitsAndBytes,CodeLlama-7B,BitsAndBytes,BigCodeBench/955,14.0,0,1,0,2.0,1.0
BCB-Python-CodeLlama-7B-BitsAndBytes,CodeLlama-7B,BitsAndBytes,BigCodeBench/956,12.0,0,0,0,4.0,4.0
BCB-Python-CodeLlama-7B-BitsAndBytes,CodeLlama-7B,BitsAndBytes,BigCodeBench/957,9.0,0,0,0,1.0,0.0
BCB-Python-CodeLlama-7B-BitsAndBytes,CodeLlama-7B,BitsAndBytes,BigCodeBench/958,13.0,0,0,0,4.0,5.0
BCB-Python-CodeLlama-7B-BitsAndBytes,CodeLlama-7B,BitsAndBytes,BigCodeBench/959,10.0,0,0,0,4.0,2.0
BCB-Python-CodeLlama-7B-BitsAndBytes,CodeLlama-7B,BitsAndBytes,BigCodeBench/960,16.0,0,1,0,4.0,7.0
BCB-Python-CodeLlama-7B-BitsAndBytes,CodeLlama-7B,BitsAndBytes,BigCodeBench/961,16.0,0,0,0,7.0,12.0
BCB-Python-CodeLlama-7B-BitsAndBytes,CodeLlama-7B,BitsAndBytes,BigCodeBench/962,19.0,0,0,0,5.0,4.0
BCB-Python-CodeLlama-7B-BitsAndBytes,CodeLlama-7B,BitsAndBytes,BigCodeBench/963,20.0,0,0,0,7.0,6.0
BCB-Python-CodeLlama-7B-BitsAndBytes,CodeLlama-7B,BitsAndBytes,BigCodeBench/964,25.0,0,0,0,5.0,10.0
BCB-Python-CodeLlama-7B-BitsAndBytes,CodeLlama-7B,BitsAndBytes,BigCodeBench/965,15.0,0,0,0,5.0,5.0
BCB-Python-CodeLlama-7B-BitsAndBytes,CodeLlama-7B,BitsAndBytes,BigCodeBench/966,13.0,0,0,0,3.0,2.0
BCB-Python-CodeLlama-7B-BitsAndBytes,CodeLlama-7B,BitsAndBytes,BigCodeBench/967,15.0,0,2,0,2.0,0.0
BCB-Python-CodeLlama-7B-BitsAndBytes,CodeLlama-7B,BitsAndBytes,BigCodeBench/968,10.0,0,0,0,3.0,2.0
BCB-Python-CodeLlama-7B-BitsAndBytes,CodeLlama-7B,BitsAndBytes,BigCodeBench/969,11.0,0,0,0,4.0,3.0
BCB-Python-CodeLlama-7B-BitsAndBytes,CodeLlama-7B,BitsAndBytes,BigCodeBench/970,15.0,0,1,0,4.0,3.0
BCB-Python-CodeLlama-7B-BitsAndBytes,CodeLlama-7B,BitsAndBytes,BigCodeBench/971,14.0,0,0,0,4.0,4.0
BCB-Python-CodeLlama-7B-BitsAndBytes,CodeLlama-7B,BitsAndBytes,BigCodeBench/972,10.0,0,0,0,3.0,3.0
BCB-Python-CodeLlama-7B-BitsAndBytes,CodeLlama-7B,BitsAndBytes,BigCodeBench/973,16.0,0,0,0,5.0,6.0
BCB-Python-CodeLlama-7B-BitsAndBytes,CodeLlama-7B,BitsAndBytes,BigCodeBench/974,9.0,0,0,0,3.0,2.0
BCB-Python-CodeLlama-7B-BitsAndBytes,CodeLlama-7B,BitsAndBytes,BigCodeBench/975,8.0,0,1,0,1.0,0.0
BCB-Python-CodeLlama-7B-BitsAndBytes,CodeLlama-7B,BitsAndBytes,BigCodeBench/976,13.0,0,1,0,2.0,1.0
BCB-Python-CodeLlama-7B-BitsAndBytes,CodeLlama-7B,BitsAndBytes,BigCodeBench/977,18.0,0,2,0,7.0,6.0
BCB-Python-CodeLlama-7B-BitsAndBytes,CodeLlama-7B,BitsAndBytes,BigCodeBench/978,12.0,0,2,0,4.0,3.0
BCB-Python-CodeLlama-7B-BitsAndBytes,CodeLlama-7B,BitsAndBytes,BigCodeBench/979,18.0,0,2,0,1.0,0.0
BCB-Python-CodeLlama-7B-BitsAndBytes,CodeLlama-7B,BitsAndBytes,BigCodeBench/980,16.0,0,0,0,3.0,2.0
BCB-Python-CodeLlama-7B-BitsAndBytes,CodeLlama-7B,BitsAndBytes,BigCodeBench/981,23.0,0,2,0,5.0,5.0
BCB-Python-CodeLlama-7B-BitsAndBytes,CodeLlama-7B,BitsAndBytes,BigCodeBench/982,16.0,0,2,0,1.0,0.0
BCB-Python-CodeLlama-7B-BitsAndBytes,CodeLlama-7B,BitsAndBytes,BigCodeBench/983,11.0,0,0,0,3.0,2.0
BCB-Python-CodeLlama-7B-BitsAndBytes,CodeLlama-7B,BitsAndBytes,BigCodeBench/984,8.0,0,0,0,1.0,0.0
BCB-Python-CodeLlama-7B-BitsAndBytes,CodeLlama-7B,BitsAndBytes,BigCodeBench/985,23.0,0,0,0,8.0,10.0
BCB-Python-CodeLlama-7B-BitsAndBytes,CodeLlama-7B,BitsAndBytes,BigCodeBench/986,16.0,0,0,0,2.0,2.0
BCB-Python-CodeLlama-7B-BitsAndBytes,CodeLlama-7B,BitsAndBytes,BigCodeBench/987,23.0,0,0,0,2.0,1.0
BCB-Python-CodeLlama-7B-BitsAndBytes,CodeLlama-7B,BitsAndBytes,BigCodeBench/988,17.0,0,0,0,6.0,9.0
BCB-Python-CodeLlama-7B-BitsAndBytes,CodeLlama-7B,BitsAndBytes,BigCodeBench/989,21.0,0,0,0,8.0,9.0
BCB-Python-CodeLlama-7B-BitsAndBytes,CodeLlama-7B,BitsAndBytes,BigCodeBench/990,18.0,0,0,0,2.0,1.0
BCB-Python-CodeLlama-7B-BitsAndBytes,CodeLlama-7B,BitsAndBytes,BigCodeBench/991,10.0,0,0,0,1.0,1.0
BCB-Python-CodeLlama-7B-BitsAndBytes,CodeLlama-7B,BitsAndBytes,BigCodeBench/992,20.0,0,0,0,3.0,3.0
BCB-Python-CodeLlama-7B-BitsAndBytes,CodeLlama-7B,BitsAndBytes,BigCodeBench/993,16.0,0,1,0,1.0,0.0
BCB-Python-CodeLlama-7B-BitsAndBytes,CodeLlama-7B,BitsAndBytes,BigCodeBench/994,22.0,0,0,0,5.0,8.0
BCB-Python-CodeLlama-7B-BitsAndBytes,CodeLlama-7B,BitsAndBytes,BigCodeBench/995,17.0,0,0,0,2.0,1.0
BCB-Python-CodeLlama-7B-BitsAndBytes,CodeLlama-7B,BitsAndBytes,BigCodeBench/996,15.0,0,0,0,2.0,2.0
BCB-Python-CodeLlama-7B-BitsAndBytes,CodeLlama-7B,BitsAndBytes,BigCodeBench/997,15.0,0,0,0,2.0,1.0
BCB-Python-CodeLlama-7B-BitsAndBytes,CodeLlama-7B,BitsAndBytes,BigCodeBench/998,19.0,0,0,0,2.0,2.0
BCB-Python-CodeLlama-7B-BitsAndBytes,CodeLlama-7B,BitsAndBytes,BigCodeBench/999,23.0,0,0,0,3.0,2.0
BCB-Python-CodeLlama-7B-BitsAndBytes,CodeLlama-7B,BitsAndBytes,BigCodeBench/1000,12.0,0,0,0,1.0,0.0
BCB-Python-CodeLlama-7B-BitsAndBytes,CodeLlama-7B,BitsAndBytes,BigCodeBench/1001,15.0,0,1,0,1.0,0.0
BCB-Python-CodeLlama-7B-BitsAndBytes,CodeLlama-7B,BitsAndBytes,BigCodeBench/1002,16.0,0,1,0,2.0,1.0
BCB-Python-CodeLlama-7B-BitsAndBytes,CodeLlama-7B,BitsAndBytes,BigCodeBench/1003,15.0,0,0,0,3.0,3.0
BCB-Python-CodeLlama-7B-BitsAndBytes,CodeLlama-7B,BitsAndBytes,BigCodeBench/1004,18.0,0,1,0,1.0,0.0
BCB-Python-CodeLlama-7B-BitsAndBytes,CodeLlama-7B,BitsAndBytes,BigCodeBench/1005,19.0,0,0,0,1.0,3.0
BCB-Python-CodeLlama-7B-BitsAndBytes,CodeLlama-7B,BitsAndBytes,BigCodeBench/1006,18.0,0,4,0,2.0,3.0
BCB-Python-CodeLlama-7B-BitsAndBytes,CodeLlama-7B,BitsAndBytes,BigCodeBench/1007,13.0,0,0,0,1.0,2.0
BCB-Python-CodeLlama-7B-BitsAndBytes,CodeLlama-7B,BitsAndBytes,BigCodeBench/1008,20.0,0,0,0,5.0,5.0
BCB-Python-CodeLlama-7B-BitsAndBytes,CodeLlama-7B,BitsAndBytes,BigCodeBench/1009,13.0,0,0,0,2.0,1.0
BCB-Python-CodeLlama-7B-BitsAndBytes,CodeLlama-7B,BitsAndBytes,BigCodeBench/1010,12.0,0,0,0,3.0,2.0
BCB-Python-CodeLlama-7B-BitsAndBytes,CodeLlama-7B,BitsAndBytes,BigCodeBench/1011,10.0,0,0,0,1.0,0.0
BCB-Python-CodeLlama-7B-BitsAndBytes,CodeLlama-7B,BitsAndBytes,BigCodeBench/1012,17.0,0,1,0,1.0,2.0
BCB-Python-CodeLlama-7B-BitsAndBytes,CodeLlama-7B,BitsAndBytes,BigCodeBench/1013,20.0,0,0,0,4.0,4.0
BCB-Python-CodeLlama-7B-BitsAndBytes,CodeLlama-7B,BitsAndBytes,BigCodeBench/1014,16.0,0,1,0,4.0,3.0
BCB-Python-CodeLlama-7B-BitsAndBytes,CodeLlama-7B,BitsAndBytes,BigCodeBench/1015,20.0,0,1,0,3.0,3.0
BCB-Python-CodeLlama-7B-BitsAndBytes,CodeLlama-7B,BitsAndBytes,BigCodeBench/1016,21.0,0,1,0,1.0,2.0
BCB-Python-CodeLlama-7B-BitsAndBytes,CodeLlama-7B,BitsAndBytes,BigCodeBench/1017,14.0,0,3,0,2.0,1.0
BCB-Python-CodeLlama-7B-BitsAndBytes,CodeLlama-7B,BitsAndBytes,BigCodeBench/1018,21.0,0,1,0,3.0,5.0
BCB-Python-CodeLlama-7B-BitsAndBytes,CodeLlama-7B,BitsAndBytes,BigCodeBench/1019,19.0,0,1,0,2.0,7.0
BCB-Python-CodeLlama-7B-BitsAndBytes,CodeLlama-7B,BitsAndBytes,BigCodeBench/1020,15.0,0,1,0,2.0,1.0
BCB-Python-CodeLlama-7B-BitsAndBytes,CodeLlama-7B,BitsAndBytes,BigCodeBench/1021,17.0,0,0,0,6.0,8.0
BCB-Python-CodeLlama-7B-BitsAndBytes,CodeLlama-7B,BitsAndBytes,BigCodeBench/1022,13.0,0,0,0,2.0,1.0
BCB-Python-CodeLlama-7B-BitsAndBytes,CodeLlama-7B,BitsAndBytes,BigCodeBench/1023,17.0,0,1,0,4.0,3.0
BCB-Python-CodeLlama-7B-BitsAndBytes,CodeLlama-7B,BitsAndBytes,BigCodeBench/1024,18.0,0,1,0,1.0,0.0
BCB-Python-CodeLlama-7B-BitsAndBytes,CodeLlama-7B,BitsAndBytes,BigCodeBench/1025,18.0,0,1,0,1.0,0.0
BCB-Python-CodeLlama-7B-BitsAndBytes,CodeLlama-7B,BitsAndBytes,BigCodeBench/1026,41.0,0,2,0,8.0,8.0
BCB-Python-CodeLlama-7B-BitsAndBytes,CodeLlama-7B,BitsAndBytes,BigCodeBench/1027,14.0,0,0,0,3.0,5.0
BCB-Python-CodeLlama-7B-BitsAndBytes,CodeLlama-7B,BitsAndBytes,BigCodeBench/1028,21.0,0,1,0,5.0,5.0
BCB-Python-CodeLlama-7B-BitsAndBytes,CodeLlama-7B,BitsAndBytes,BigCodeBench/1029,6.0,0,2,0,1.0,0.0
BCB-Python-CodeLlama-7B-BitsAndBytes,CodeLlama-7B,BitsAndBytes,BigCodeBench/1030,9.0,0,0,0,1.0,0.0
BCB-Python-CodeLlama-7B-BitsAndBytes,CodeLlama-7B,BitsAndBytes,BigCodeBench/1031,12.0,0,0,0,2.0,1.0
BCB-Python-CodeLlama-7B-BitsAndBytes,CodeLlama-7B,BitsAndBytes,BigCodeBench/1032,21.0,0,1,0,3.0,3.0
BCB-Python-CodeLlama-7B-BitsAndBytes,CodeLlama-7B,BitsAndBytes,BigCodeBench/1033,15.0,0,0,0,1.0,0.0
BCB-Python-CodeLlama-7B-BitsAndBytes,CodeLlama-7B,BitsAndBytes,BigCodeBench/1034,24.0,0,2,0,2.0,2.0
BCB-Python-CodeLlama-7B-BitsAndBytes,CodeLlama-7B,BitsAndBytes,BigCodeBench/1035,18.0,0,1,0,1.0,0.0
BCB-Python-CodeLlama-7B-BitsAndBytes,CodeLlama-7B,BitsAndBytes,BigCodeBench/1036,14.0,0,0,0,1.0,0.0
BCB-Python-CodeLlama-7B-BitsAndBytes,CodeLlama-7B,BitsAndBytes,BigCodeBench/1037,17.0,0,2,0,4.0,3.0
BCB-Python-CodeLlama-7B-BitsAndBytes,CodeLlama-7B,BitsAndBytes,BigCodeBench/1038,15.0,0,0,0,1.0,0.0
BCB-Python-CodeLlama-7B-BitsAndBytes,CodeLlama-7B,BitsAndBytes,BigCodeBench/1039,20.0,0,1,0,4.0,4.0
BCB-Python-CodeLlama-7B-BitsAndBytes,CodeLlama-7B,BitsAndBytes,BigCodeBench/1040,27.0,0,2,0,4.0,6.0
BCB-Python-CodeLlama-7B-BitsAndBytes,CodeLlama-7B,BitsAndBytes,BigCodeBench/1041,10.0,0,0,0,2.0,2.0
BCB-Python-CodeLlama-7B-BitsAndBytes,CodeLlama-7B,BitsAndBytes,BigCodeBench/1042,23.0,0,1,0,1.0,0.0
BCB-Python-CodeLlama-7B-BitsAndBytes,CodeLlama-7B,BitsAndBytes,BigCodeBench/1043,16.0,0,1,0,4.0,3.0
BCB-Python-CodeLlama-7B-BitsAndBytes,CodeLlama-7B,BitsAndBytes,BigCodeBench/1044,26.0,0,2,0,2.0,2.0
BCB-Python-CodeLlama-7B-BitsAndBytes,CodeLlama-7B,BitsAndBytes,BigCodeBench/1045,40.0,0,0,0,3.0,3.0
BCB-Python-CodeLlama-7B-BitsAndBytes,CodeLlama-7B,BitsAndBytes,BigCodeBench/1046,10.0,0,0,0,1.0,0.0
BCB-Python-CodeLlama-7B-BitsAndBytes,CodeLlama-7B,BitsAndBytes,BigCodeBench/1047,10.0,0,1,0,1.0,0.0
BCB-Python-CodeLlama-7B-BitsAndBytes,CodeLlama-7B,BitsAndBytes,BigCodeBench/1048,15.0,0,1,0,1.0,0.0
BCB-Python-CodeLlama-7B-BitsAndBytes,CodeLlama-7B,BitsAndBytes,BigCodeBench/1049,8.0,0,1,0,1.0,0.0
BCB-Python-CodeLlama-7B-BitsAndBytes,CodeLlama-7B,BitsAndBytes,BigCodeBench/1050,17.0,0,0,0,4.0,4.0
BCB-Python-CodeLlama-7B-BitsAndBytes,CodeLlama-7B,BitsAndBytes,BigCodeBench/1051,22.0,0,1,0,5.0,5.0
BCB-Python-CodeLlama-7B-BitsAndBytes,CodeLlama-7B,BitsAndBytes,BigCodeBench/1052,15.0,0,0,0,2.0,1.0
BCB-Python-CodeLlama-7B-BitsAndBytes,CodeLlama-7B,BitsAndBytes,BigCodeBench/1053,15.0,0,0,0,2.0,1.0
BCB-Python-CodeLlama-7B-BitsAndBytes,CodeLlama-7B,BitsAndBytes,BigCodeBench/1054,23.0,0,2,0,1.0,0.0
BCB-Python-CodeLlama-7B-BitsAndBytes,CodeLlama-7B,BitsAndBytes,BigCodeBench/1055,12.0,0,0,0,1.0,0.0
BCB-Python-CodeLlama-7B-BitsAndBytes,CodeLlama-7B,BitsAndBytes,BigCodeBench/1056,22.0,0,0,0,4.0,3.0
BCB-Python-CodeLlama-7B-BitsAndBytes,CodeLlama-7B,BitsAndBytes,BigCodeBench/1057,13.0,0,1,0,5.0,4.0
BCB-Python-CodeLlama-7B-BitsAndBytes,CodeLlama-7B,BitsAndBytes,BigCodeBench/1058,35.0,0,1,0,1.0,0.0
BCB-Python-CodeLlama-7B-BitsAndBytes,CodeLlama-7B,BitsAndBytes,BigCodeBench/1059,35.0,0,0,0,3.0,3.0
BCB-Python-CodeLlama-7B-BitsAndBytes,CodeLlama-7B,BitsAndBytes,BigCodeBench/1060,16.0,0,1,0,4.0,4.0
BCB-Python-CodeLlama-7B-BitsAndBytes,CodeLlama-7B,BitsAndBytes,BigCodeBench/1061,17.0,0,1,0,1.0,0.0
BCB-Python-CodeLlama-7B-BitsAndBytes,CodeLlama-7B,BitsAndBytes,BigCodeBench/1062,21.0,0,1,0,2.0,1.0
BCB-Python-CodeLlama-7B-BitsAndBytes,CodeLlama-7B,BitsAndBytes,BigCodeBench/1063,11.0,0,1,0,1.0,0.0
BCB-Python-CodeLlama-7B-BitsAndBytes,CodeLlama-7B,BitsAndBytes,BigCodeBench/1064,11.0,0,0,0,1.0,0.0
BCB-Python-CodeLlama-7B-BitsAndBytes,CodeLlama-7B,BitsAndBytes,BigCodeBench/1065,11.0,0,1,0,1.0,0.0
BCB-Python-CodeLlama-7B-BitsAndBytes,CodeLlama-7B,BitsAndBytes,BigCodeBench/1066,27.0,0,3,0,4.0,4.0
BCB-Python-CodeLlama-7B-BitsAndBytes,CodeLlama-7B,BitsAndBytes,BigCodeBench/1067,24.0,0,5,0,5.0,6.0
BCB-Python-CodeLlama-7B-BitsAndBytes,CodeLlama-7B,BitsAndBytes,BigCodeBench/1068,16.0,0,1,0,3.0,3.0
BCB-Python-CodeLlama-7B-BitsAndBytes,CodeLlama-7B,BitsAndBytes,BigCodeBench/1069,18.0,0,0,0,4.0,4.0
BCB-Python-CodeLlama-7B-BitsAndBytes,CodeLlama-7B,BitsAndBytes,BigCodeBench/1070,12.0,0,0,0,3.0,3.0
BCB-Python-CodeLlama-7B-BitsAndBytes,CodeLlama-7B,BitsAndBytes,BigCodeBench/1071,13.0,0,1,0,2.0,1.0
BCB-Python-CodeLlama-7B-BitsAndBytes,CodeLlama-7B,BitsAndBytes,BigCodeBench/1072,9.0,0,1,0,2.0,1.0
BCB-Python-CodeLlama-7B-BitsAndBytes,CodeLlama-7B,BitsAndBytes,BigCodeBench/1073,8.0,0,0,0,1.0,0.0
BCB-Python-CodeLlama-7B-BitsAndBytes,CodeLlama-7B,BitsAndBytes,BigCodeBench/1074,12.0,0,0,0,1.0,0.0
BCB-Python-CodeLlama-7B-BitsAndBytes,CodeLlama-7B,BitsAndBytes,BigCodeBench/1075,14.0,0,1,0,1.0,0.0
BCB-Python-CodeLlama-7B-BitsAndBytes,CodeLlama-7B,BitsAndBytes,BigCodeBench/1076,17.0,0,0,0,1.0,1.0
BCB-Python-CodeLlama-7B-BitsAndBytes,CodeLlama-7B,BitsAndBytes,BigCodeBench/1077,8.0,0,0,0,1.0,0.0
BCB-Python-CodeLlama-7B-BitsAndBytes,CodeLlama-7B,BitsAndBytes,BigCodeBench/1078,20.0,0,0,0,4.0,4.0
BCB-Python-CodeLlama-7B-BitsAndBytes,CodeLlama-7B,BitsAndBytes,BigCodeBench/1079,17.0,0,1,0,1.0,0.0
BCB-Python-CodeLlama-7B-BitsAndBytes,CodeLlama-7B,BitsAndBytes,BigCodeBench/1080,17.0,0,2,0,1.0,0.0
BCB-Python-CodeLlama-7B-BitsAndBytes,CodeLlama-7B,BitsAndBytes,BigCodeBench/1081,10.0,0,0,0,2.0,1.0
BCB-Python-CodeLlama-7B-BitsAndBytes,CodeLlama-7B,BitsAndBytes,BigCodeBench/1082,7.0,0,0,0,1.0,0.0
BCB-Python-CodeLlama-7B-BitsAndBytes,CodeLlama-7B,BitsAndBytes,BigCodeBench/1083,21.0,0,1,0,4.0,4.0
BCB-Python-CodeLlama-7B-BitsAndBytes,CodeLlama-7B,BitsAndBytes,BigCodeBench/1084,17.0,0,0,0,4.0,4.0
BCB-Python-CodeLlama-7B-BitsAndBytes,CodeLlama-7B,BitsAndBytes,BigCodeBench/1085,16.0,0,1,0,1.0,0.0
BCB-Python-CodeLlama-7B-BitsAndBytes,CodeLlama-7B,BitsAndBytes,BigCodeBench/1086,13.0,0,1,0,1.0,0.0
BCB-Python-CodeLlama-7B-BitsAndBytes,CodeLlama-7B,BitsAndBytes,BigCodeBench/1087,23.0,0,1,0,2.0,2.0
BCB-Python-CodeLlama-7B-BitsAndBytes,CodeLlama-7B,BitsAndBytes,BigCodeBench/1088,9.0,0,0,0,1.0,0.0
BCB-Python-CodeLlama-7B-BitsAndBytes,CodeLlama-7B,BitsAndBytes,BigCodeBench/1089,20.0,0,0,0,4.0,7.0
BCB-Python-CodeLlama-7B-BitsAndBytes,CodeLlama-7B,BitsAndBytes,BigCodeBench/1090,14.0,0,0,0,5.0,11.0
BCB-Python-CodeLlama-7B-BitsAndBytes,CodeLlama-7B,BitsAndBytes,BigCodeBench/1091,17.0,0,0,0,2.0,3.0
BCB-Python-CodeLlama-7B-BitsAndBytes,CodeLlama-7B,BitsAndBytes,BigCodeBench/1092,18.0,0,0,0,3.0,4.0
BCB-Python-CodeLlama-7B-BitsAndBytes,CodeLlama-7B,BitsAndBytes,BigCodeBench/1093,8.0,0,1,0,1.0,0.0
BCB-Python-CodeLlama-7B-BitsAndBytes,CodeLlama-7B,BitsAndBytes,BigCodeBench/1094,9.0,0,0,0,3.0,1.0
BCB-Python-CodeLlama-7B-BitsAndBytes,CodeLlama-7B,BitsAndBytes,BigCodeBench/1095,12.0,0,0,0,4.0,3.0
BCB-Python-CodeLlama-7B-BitsAndBytes,CodeLlama-7B,BitsAndBytes,BigCodeBench/1096,15.0,0,0,0,3.0,1.0
BCB-Python-CodeLlama-7B-BitsAndBytes,CodeLlama-7B,BitsAndBytes,BigCodeBench/1097,18.0,0,0,0,2.0,0.0
BCB-Python-CodeLlama-7B-BitsAndBytes,CodeLlama-7B,BitsAndBytes,BigCodeBench/1098,8.0,1,4,0,1.0,0.0
BCB-Python-CodeLlama-7B-BitsAndBytes,CodeLlama-7B,BitsAndBytes,BigCodeBench/1099,19.0,0,0,0,2.0,0.0
BCB-Python-CodeLlama-7B-BitsAndBytes,CodeLlama-7B,BitsAndBytes,BigCodeBench/1100,9.0,0,0,0,1.0,0.0
BCB-Python-CodeLlama-7B-BitsAndBytes,CodeLlama-7B,BitsAndBytes,BigCodeBench/1101,13.0,0,0,0,2.0,1.0
BCB-Python-CodeLlama-7B-BitsAndBytes,CodeLlama-7B,BitsAndBytes,BigCodeBench/1102,16.0,0,0,0,1.0,0.0
BCB-Python-CodeLlama-7B-BitsAndBytes,CodeLlama-7B,BitsAndBytes,BigCodeBench/1103,14.0,1,0,0,1.0,1.0
BCB-Python-CodeLlama-7B-BitsAndBytes,CodeLlama-7B,BitsAndBytes,BigCodeBench/1104,16.0,0,1,0,3.0,3.0
BCB-Python-CodeLlama-7B-BitsAndBytes,CodeLlama-7B,BitsAndBytes,BigCodeBench/1105,15.0,0,0,0,4.0,5.0
BCB-Python-CodeLlama-7B-BitsAndBytes,CodeLlama-7B,BitsAndBytes,BigCodeBench/1106,8.0,0,0,0,1.0,0.0
BCB-Python-CodeLlama-7B-BitsAndBytes,CodeLlama-7B,BitsAndBytes,BigCodeBench/1107,9.0,0,0,0,1.0,0.0
BCB-Python-CodeLlama-7B-BitsAndBytes,CodeLlama-7B,BitsAndBytes,BigCodeBench/1108,8.0,0,2,0,1.0,0.0
BCB-Python-CodeLlama-7B-BitsAndBytes,CodeLlama-7B,BitsAndBytes,BigCodeBench/1109,9.0,0,0,0,2.0,1.0
BCB-Python-CodeLlama-7B-BitsAndBytes,CodeLlama-7B,BitsAndBytes,BigCodeBench/1110,9.0,0,0,0,3.0,3.0
BCB-Python-CodeLlama-7B-BitsAndBytes,CodeLlama-7B,BitsAndBytes,BigCodeBench/1111,11.0,0,1,0,3.0,1.0
BCB-Python-CodeLlama-7B-BitsAndBytes,CodeLlama-7B,BitsAndBytes,BigCodeBench/1112,17.0,0,1,0,2.0,1.0
BCB-Python-CodeLlama-7B-BitsAndBytes,CodeLlama-7B,BitsAndBytes,BigCodeBench/1113,10.0,0,0,0,3.0,3.0
BCB-Python-CodeLlama-7B-BitsAndBytes,CodeLlama-7B,BitsAndBytes,BigCodeBench/1114,10.0,0,2,0,2.0,1.0
BCB-Python-CodeLlama-7B-BitsAndBytes,CodeLlama-7B,BitsAndBytes,BigCodeBench/1115,10.0,0,0,0,3.0,3.0
BCB-Python-CodeLlama-7B-BitsAndBytes,CodeLlama-7B,BitsAndBytes,BigCodeBench/1116,9.0,0,0,0,1.0,0.0
BCB-Python-CodeLlama-7B-BitsAndBytes,CodeLlama-7B,BitsAndBytes,BigCodeBench/1117,11.0,0,0,0,2.0,1.0
BCB-Python-CodeLlama-7B-BitsAndBytes,CodeLlama-7B,BitsAndBytes,BigCodeBench/1118,15.0,0,0,0,1.0,0.0
BCB-Python-CodeLlama-7B-BitsAndBytes,CodeLlama-7B,BitsAndBytes,BigCodeBench/1119,8.0,0,0,0,1.0,0.0
BCB-Python-CodeLlama-7B-BitsAndBytes,CodeLlama-7B,BitsAndBytes,BigCodeBench/1120,23.0,0,2,0,3.0,4.0
BCB-Python-CodeLlama-7B-BitsAndBytes,CodeLlama-7B,BitsAndBytes,BigCodeBench/1121,23.0,0,2,0,3.0,4.0
BCB-Python-CodeLlama-7B-BitsAndBytes,CodeLlama-7B,BitsAndBytes,BigCodeBench/1122,14.0,0,1,0,2.0,3.0
BCB-Python-CodeLlama-7B-BitsAndBytes,CodeLlama-7B,BitsAndBytes,BigCodeBench/1123,23.0,0,1,0,2.0,5.0
BCB-Python-CodeLlama-7B-BitsAndBytes,CodeLlama-7B,BitsAndBytes,BigCodeBench/1124,17.0,0,1,0,3.0,3.0
BCB-Python-CodeLlama-7B-BitsAndBytes,CodeLlama-7B,BitsAndBytes,BigCodeBench/1125,9.0,0,1,0,1.0,0.0
BCB-Python-CodeLlama-7B-BitsAndBytes,CodeLlama-7B,BitsAndBytes,BigCodeBench/1126,6.0,0,0,0,1.0,0.0
BCB-Python-CodeLlama-7B-BitsAndBytes,CodeLlama-7B,BitsAndBytes,BigCodeBench/1127,13.0,0,0,0,3.0,4.0
BCB-Python-CodeLlama-7B-BitsAndBytes,CodeLlama-7B,BitsAndBytes,BigCodeBench/1128,16.0,0,0,0,1.0,0.0
BCB-Python-CodeLlama-7B-BitsAndBytes,CodeLlama-7B,BitsAndBytes,BigCodeBench/1129,19.0,0,0,0,2.0,2.0
BCB-Python-CodeLlama-7B-BitsAndBytes,CodeLlama-7B,BitsAndBytes,BigCodeBench/1130,17.0,0,1,0,3.0,3.0
BCB-Python-CodeLlama-7B-BitsAndBytes,CodeLlama-7B,BitsAndBytes,BigCodeBench/1131,8.0,0,0,0,2.0,1.0
BCB-Python-CodeLlama-7B-BitsAndBytes,CodeLlama-7B,BitsAndBytes,BigCodeBench/1132,9.0,0,2,0,2.0,1.0
BCB-Python-CodeLlama-7B-BitsAndBytes,CodeLlama-7B,BitsAndBytes,BigCodeBench/1133,12.0,0,2,0,1.0,1.0
BCB-Python-CodeLlama-7B-BitsAndBytes,CodeLlama-7B,BitsAndBytes,BigCodeBench/1134,19.0,0,0,0,4.0,3.0
BCB-Python-CodeLlama-7B-BitsAndBytes,CodeLlama-7B,BitsAndBytes,BigCodeBench/1135,10.0,0,1,0,1.0,0.0
BCB-Python-CodeLlama-7B-BitsAndBytes,CodeLlama-7B,BitsAndBytes,BigCodeBench/1136,18.0,0,0,0,2.0,1.0
BCB-Python-CodeLlama-7B-BitsAndBytes,CodeLlama-7B,BitsAndBytes,BigCodeBench/1137,13.0,0,0,0,1.0,0.0
BCB-Python-CodeLlama-7B-BitsAndBytes,CodeLlama-7B,BitsAndBytes,BigCodeBench/1138,10.0,0,0,0,4.0,6.0
BCB-Python-CodeLlama-7B-BitsAndBytes,CodeLlama-7B,BitsAndBytes,BigCodeBench/1139,11.0,0,0,0,0.0,0.0
BCB-Python-Qwen2.5-Coder-7B-BitsAndBytes,Qwen2.5-Coder-7B,BitsAndBytes,BigCodeBench/0,22.0,0,0,0,8.0,6.0
BCB-Python-Qwen2.5-Coder-7B-BitsAndBytes,Qwen2.5-Coder-7B,BitsAndBytes,BigCodeBench/1,9.0,0,0,0,2.0,1.0
BCB-Python-Qwen2.5-Coder-7B-BitsAndBytes,Qwen2.5-Coder-7B,BitsAndBytes,BigCodeBench/2,6.0,0,1,0,1.0,0.0
BCB-Python-Qwen2.5-Coder-7B-BitsAndBytes,Qwen2.5-Coder-7B,BitsAndBytes,BigCodeBench/3,9.0,0,1,0,2.0,1.0
BCB-Python-Qwen2.5-Coder-7B-BitsAndBytes,Qwen2.5-Coder-7B,BitsAndBytes,BigCodeBench/4,6.0,0,0,0,1.0,0.0
BCB-Python-Qwen2.5-Coder-7B-BitsAndBytes,Qwen2.5-Coder-7B,BitsAndBytes,BigCodeBench/5,11.0,0,1,0,2.0,1.0
BCB-Python-Qwen2.5-Coder-7B-BitsAndBytes,Qwen2.5-Coder-7B,BitsAndBytes,BigCodeBench/6,14.0,0,0,0,5.0,7.0
BCB-Python-Qwen2.5-Coder-7B-BitsAndBytes,Qwen2.5-Coder-7B,BitsAndBytes,BigCodeBench/7,12.0,0,0,0,2.0,1.0
BCB-Python-Qwen2.5-Coder-7B-BitsAndBytes,Qwen2.5-Coder-7B,BitsAndBytes,BigCodeBench/8,9.0,0,3,0,1.0,0.0
BCB-Python-Qwen2.5-Coder-7B-BitsAndBytes,Qwen2.5-Coder-7B,BitsAndBytes,BigCodeBench/9,8.0,0,0,0,1.0,0.0
BCB-Python-Qwen2.5-Coder-7B-BitsAndBytes,Qwen2.5-Coder-7B,BitsAndBytes,BigCodeBench/10,16.0,0,4,0,3.0,2.0
BCB-Python-Qwen2.5-Coder-7B-BitsAndBytes,Qwen2.5-Coder-7B,BitsAndBytes,BigCodeBench/11,11.0,0,1,0,1.0,0.0
BCB-Python-Qwen2.5-Coder-7B-BitsAndBytes,Qwen2.5-Coder-7B,BitsAndBytes,BigCodeBench/12,21.0,0,0,0,2.0,2.0
BCB-Python-Qwen2.5-Coder-7B-BitsAndBytes,Qwen2.5-Coder-7B,BitsAndBytes,BigCodeBench/13,34.0,0,5,0,5.0,12.0
BCB-Python-Qwen2.5-Coder-7B-BitsAndBytes,Qwen2.5-Coder-7B,BitsAndBytes,BigCodeBench/14,23.0,0,1,0,4.0,5.0
BCB-Python-Qwen2.5-Coder-7B-BitsAndBytes,Qwen2.5-Coder-7B,BitsAndBytes,BigCodeBench/15,24.0,0,1,0,4.0,5.0
BCB-Python-Qwen2.5-Coder-7B-BitsAndBytes,Qwen2.5-Coder-7B,BitsAndBytes,BigCodeBench/16,16.0,0,0,0,5.0,4.0
BCB-Python-Qwen2.5-Coder-7B-BitsAndBytes,Qwen2.5-Coder-7B,BitsAndBytes,BigCodeBench/17,12.0,0,0,0,3.0,3.0
BCB-Python-Qwen2.5-Coder-7B-BitsAndBytes,Qwen2.5-Coder-7B,BitsAndBytes,BigCodeBench/18,25.0,0,0,0,4.0,4.0
BCB-Python-Qwen2.5-Coder-7B-BitsAndBytes,Qwen2.5-Coder-7B,BitsAndBytes,BigCodeBench/19,15.0,0,0,0,5.0,3.0
BCB-Python-Qwen2.5-Coder-7B-BitsAndBytes,Qwen2.5-Coder-7B,BitsAndBytes,BigCodeBench/20,8.0,0,0,0,1.0,0.0
BCB-Python-Qwen2.5-Coder-7B-BitsAndBytes,Qwen2.5-Coder-7B,BitsAndBytes,BigCodeBench/21,14.0,0,0,0,1.0,0.0
BCB-Python-Qwen2.5-Coder-7B-BitsAndBytes,Qwen2.5-Coder-7B,BitsAndBytes,BigCodeBench/22,8.0,0,1,0,2.0,0.0
BCB-Python-Qwen2.5-Coder-7B-BitsAndBytes,Qwen2.5-Coder-7B,BitsAndBytes,BigCodeBench/23,17.0,0,1,0,6.0,10.0
BCB-Python-Qwen2.5-Coder-7B-BitsAndBytes,Qwen2.5-Coder-7B,BitsAndBytes,BigCodeBench/24,16.0,0,1,0,2.0,1.0
BCB-Python-Qwen2.5-Coder-7B-BitsAndBytes,Qwen2.5-Coder-7B,BitsAndBytes,BigCodeBench/25,8.0,0,0,0,1.0,0.0
BCB-Python-Qwen2.5-Coder-7B-BitsAndBytes,Qwen2.5-Coder-7B,BitsAndBytes,BigCodeBench/26,15.0,1,0,0,3.0,1.0
BCB-Python-Qwen2.5-Coder-7B-BitsAndBytes,Qwen2.5-Coder-7B,BitsAndBytes,BigCodeBench/27,9.0,0,1,0,1.0,0.0
BCB-Python-Qwen2.5-Coder-7B-BitsAndBytes,Qwen2.5-Coder-7B,BitsAndBytes,BigCodeBench/28,11.0,0,0,0,1.0,0.0
BCB-Python-Qwen2.5-Coder-7B-BitsAndBytes,Qwen2.5-Coder-7B,BitsAndBytes,BigCodeBench/29,9.0,0,0,0,1.0,0.0
BCB-Python-Qwen2.5-Coder-7B-BitsAndBytes,Qwen2.5-Coder-7B,BitsAndBytes,BigCodeBench/30,33.0,0,2,0,8.0,10.0
BCB-Python-Qwen2.5-Coder-7B-BitsAndBytes,Qwen2.5-Coder-7B,BitsAndBytes,BigCodeBench/31,19.0,0,0,0,4.0,2.0
BCB-Python-Qwen2.5-Coder-7B-BitsAndBytes,Qwen2.5-Coder-7B,BitsAndBytes,BigCodeBench/32,15.0,0,0,0,2.0,3.0
BCB-Python-Qwen2.5-Coder-7B-BitsAndBytes,Qwen2.5-Coder-7B,BitsAndBytes,BigCodeBench/33,6.0,0,0,0,1.0,0.0
BCB-Python-Qwen2.5-Coder-7B-BitsAndBytes,Qwen2.5-Coder-7B,BitsAndBytes,BigCodeBench/34,15.0,1,5,0,2.0,1.0
BCB-Python-Qwen2.5-Coder-7B-BitsAndBytes,Qwen2.5-Coder-7B,BitsAndBytes,BigCodeBench/35,13.0,0,0,0,4.0,4.0
BCB-Python-Qwen2.5-Coder-7B-BitsAndBytes,Qwen2.5-Coder-7B,BitsAndBytes,BigCodeBench/36,19.0,0,0,0,4.0,5.0
BCB-Python-Qwen2.5-Coder-7B-BitsAndBytes,Qwen2.5-Coder-7B,BitsAndBytes,BigCodeBench/37,21.0,0,1,0,1.0,0.0
BCB-Python-Qwen2.5-Coder-7B-BitsAndBytes,Qwen2.5-Coder-7B,BitsAndBytes,BigCodeBench/38,15.0,0,1,0,1.0,0.0
BCB-Python-Qwen2.5-Coder-7B-BitsAndBytes,Qwen2.5-Coder-7B,BitsAndBytes,BigCodeBench/39,17.0,0,3,0,1.0,0.0
BCB-Python-Qwen2.5-Coder-7B-BitsAndBytes,Qwen2.5-Coder-7B,BitsAndBytes,BigCodeBench/40,15.0,1,2,0,1.0,0.0
BCB-Python-Qwen2.5-Coder-7B-BitsAndBytes,Qwen2.5-Coder-7B,BitsAndBytes,BigCodeBench/41,12.0,0,1,0,1.0,0.0
BCB-Python-Qwen2.5-Coder-7B-BitsAndBytes,Qwen2.5-Coder-7B,BitsAndBytes,BigCodeBench/42,18.0,1,2,0,1.0,0.0
BCB-Python-Qwen2.5-Coder-7B-BitsAndBytes,Qwen2.5-Coder-7B,BitsAndBytes,BigCodeBench/43,21.0,0,1,0,3.0,4.0
BCB-Python-Qwen2.5-Coder-7B-BitsAndBytes,Qwen2.5-Coder-7B,BitsAndBytes,BigCodeBench/44,14.0,0,1,0,2.0,1.0
BCB-Python-Qwen2.5-Coder-7B-BitsAndBytes,Qwen2.5-Coder-7B,BitsAndBytes,BigCodeBench/45,18.0,0,3,0,1.0,0.0
BCB-Python-Qwen2.5-Coder-7B-BitsAndBytes,Qwen2.5-Coder-7B,BitsAndBytes,BigCodeBench/46,18.0,0,1,0,3.0,2.0
BCB-Python-Qwen2.5-Coder-7B-BitsAndBytes,Qwen2.5-Coder-7B,BitsAndBytes,BigCodeBench/47,13.0,0,0,0,1.0,0.0
BCB-Python-Qwen2.5-Coder-7B-BitsAndBytes,Qwen2.5-Coder-7B,BitsAndBytes,BigCodeBench/48,17.0,0,1,0,2.0,2.0
BCB-Python-Qwen2.5-Coder-7B-BitsAndBytes,Qwen2.5-Coder-7B,BitsAndBytes,BigCodeBench/49,15.0,0,1,0,2.0,1.0
BCB-Python-Qwen2.5-Coder-7B-BitsAndBytes,Qwen2.5-Coder-7B,BitsAndBytes,BigCodeBench/50,27.0,0,3,0,2.0,1.0
BCB-Python-Qwen2.5-Coder-7B-BitsAndBytes,Qwen2.5-Coder-7B,BitsAndBytes,BigCodeBench/51,15.0,0,3,0,2.0,1.0
BCB-Python-Qwen2.5-Coder-7B-BitsAndBytes,Qwen2.5-Coder-7B,BitsAndBytes,BigCodeBench/52,9.0,0,0,0,2.0,0.0
BCB-Python-Qwen2.5-Coder-7B-BitsAndBytes,Qwen2.5-Coder-7B,BitsAndBytes,BigCodeBench/53,25.0,0,0,0,2.0,1.0
BCB-Python-Qwen2.5-Coder-7B-BitsAndBytes,Qwen2.5-Coder-7B,BitsAndBytes,BigCodeBench/54,10.0,0,0,0,2.0,0.0
BCB-Python-Qwen2.5-Coder-7B-BitsAndBytes,Qwen2.5-Coder-7B,BitsAndBytes,BigCodeBench/55,13.0,0,0,0,3.0,1.0
BCB-Python-Qwen2.5-Coder-7B-BitsAndBytes,Qwen2.5-Coder-7B,BitsAndBytes,BigCodeBench/56,8.0,0,0,0,1.0,0.0
BCB-Python-Qwen2.5-Coder-7B-BitsAndBytes,Qwen2.5-Coder-7B,BitsAndBytes,BigCodeBench/57,10.0,0,1,0,1.0,0.0
BCB-Python-Qwen2.5-Coder-7B-BitsAndBytes,Qwen2.5-Coder-7B,BitsAndBytes,BigCodeBench/58,15.0,0,1,0,1.0,0.0
BCB-Python-Qwen2.5-Coder-7B-BitsAndBytes,Qwen2.5-Coder-7B,BitsAndBytes,BigCodeBench/59,15.0,0,1,0,1.0,1.0
BCB-Python-Qwen2.5-Coder-7B-BitsAndBytes,Qwen2.5-Coder-7B,BitsAndBytes,BigCodeBench/60,8.0,0,0,0,1.0,0.0
BCB-Python-Qwen2.5-Coder-7B-BitsAndBytes,Qwen2.5-Coder-7B,BitsAndBytes,BigCodeBench/61,21.0,0,2,0,1.0,0.0
BCB-Python-Qwen2.5-Coder-7B-BitsAndBytes,Qwen2.5-Coder-7B,BitsAndBytes,BigCodeBench/62,8.0,0,0,0,1.0,0.0
BCB-Python-Qwen2.5-Coder-7B-BitsAndBytes,Qwen2.5-Coder-7B,BitsAndBytes,BigCodeBench/63,7.0,0,0,0,1.0,0.0
BCB-Python-Qwen2.5-Coder-7B-BitsAndBytes,Qwen2.5-Coder-7B,BitsAndBytes,BigCodeBench/64,13.0,0,0,0,1.0,0.0
BCB-Python-Qwen2.5-Coder-7B-BitsAndBytes,Qwen2.5-Coder-7B,BitsAndBytes,BigCodeBench/65,15.0,0,1,0,2.0,1.0
BCB-Python-Qwen2.5-Coder-7B-BitsAndBytes,Qwen2.5-Coder-7B,BitsAndBytes,BigCodeBench/66,10.0,0,0,0,1.0,0.0
BCB-Python-Qwen2.5-Coder-7B-BitsAndBytes,Qwen2.5-Coder-7B,BitsAndBytes,BigCodeBench/67,14.0,0,0,0,4.0,6.0
BCB-Python-Qwen2.5-Coder-7B-BitsAndBytes,Qwen2.5-Coder-7B,BitsAndBytes,BigCodeBench/68,7.0,0,0,0,1.0,0.0
BCB-Python-Qwen2.5-Coder-7B-BitsAndBytes,Qwen2.5-Coder-7B,BitsAndBytes,BigCodeBench/69,12.0,0,1,0,1.0,0.0
BCB-Python-Qwen2.5-Coder-7B-BitsAndBytes,Qwen2.5-Coder-7B,BitsAndBytes,BigCodeBench/70,26.0,0,1,0,2.0,3.0
BCB-Python-Qwen2.5-Coder-7B-BitsAndBytes,Qwen2.5-Coder-7B,BitsAndBytes,BigCodeBench/71,16.0,0,0,0,1.0,0.0
BCB-Python-Qwen2.5-Coder-7B-BitsAndBytes,Qwen2.5-Coder-7B,BitsAndBytes,BigCodeBench/72,30.0,0,2,0,6.0,9.0
BCB-Python-Qwen2.5-Coder-7B-BitsAndBytes,Qwen2.5-Coder-7B,BitsAndBytes,BigCodeBench/73,20.0,0,1,0,1.0,0.0
BCB-Python-Qwen2.5-Coder-7B-BitsAndBytes,Qwen2.5-Coder-7B,BitsAndBytes,BigCodeBench/74,18.0,0,0,0,2.0,3.0
BCB-Python-Qwen2.5-Coder-7B-BitsAndBytes,Qwen2.5-Coder-7B,BitsAndBytes,BigCodeBench/75,28.0,0,1,0,9.0,9.0
BCB-Python-Qwen2.5-Coder-7B-BitsAndBytes,Qwen2.5-Coder-7B,BitsAndBytes,BigCodeBench/76,18.0,0,1,0,5.0,7.0
BCB-Python-Qwen2.5-Coder-7B-BitsAndBytes,Qwen2.5-Coder-7B,BitsAndBytes,BigCodeBench/77,24.0,0,0,0,5.0,9.0
BCB-Python-Qwen2.5-Coder-7B-BitsAndBytes,Qwen2.5-Coder-7B,BitsAndBytes,BigCodeBench/78,13.0,0,2,0,2.0,1.0
BCB-Python-Qwen2.5-Coder-7B-BitsAndBytes,Qwen2.5-Coder-7B,BitsAndBytes,BigCodeBench/79,13.0,0,1,0,4.0,4.0
BCB-Python-Qwen2.5-Coder-7B-BitsAndBytes,Qwen2.5-Coder-7B,BitsAndBytes,BigCodeBench/80,12.0,0,0,0,2.0,0.0
BCB-Python-Qwen2.5-Coder-7B-BitsAndBytes,Qwen2.5-Coder-7B,BitsAndBytes,BigCodeBench/81,16.0,0,0,0,2.0,1.0
BCB-Python-Qwen2.5-Coder-7B-BitsAndBytes,Qwen2.5-Coder-7B,BitsAndBytes,BigCodeBench/82,50.0,0,4,0,11.0,5.0
BCB-Python-Qwen2.5-Coder-7B-BitsAndBytes,Qwen2.5-Coder-7B,BitsAndBytes,BigCodeBench/83,17.0,0,1,0,2.0,0.0
BCB-Python-Qwen2.5-Coder-7B-BitsAndBytes,Qwen2.5-Coder-7B,BitsAndBytes,BigCodeBench/84,24.0,0,3,0,10.0,9.0
BCB-Python-Qwen2.5-Coder-7B-BitsAndBytes,Qwen2.5-Coder-7B,BitsAndBytes,BigCodeBench/85,31.0,0,4,0,2.0,1.0
BCB-Python-Qwen2.5-Coder-7B-BitsAndBytes,Qwen2.5-Coder-7B,BitsAndBytes,BigCodeBench/86,14.0,0,2,0,1.0,0.0
BCB-Python-Qwen2.5-Coder-7B-BitsAndBytes,Qwen2.5-Coder-7B,BitsAndBytes,BigCodeBench/87,8.0,0,0,0,1.0,0.0
BCB-Python-Qwen2.5-Coder-7B-BitsAndBytes,Qwen2.5-Coder-7B,BitsAndBytes,BigCodeBench/88,20.0,0,2,0,1.0,0.0
BCB-Python-Qwen2.5-Coder-7B-BitsAndBytes,Qwen2.5-Coder-7B,BitsAndBytes,BigCodeBench/89,22.0,0,1,0,1.0,0.0
BCB-Python-Qwen2.5-Coder-7B-BitsAndBytes,Qwen2.5-Coder-7B,BitsAndBytes,BigCodeBench/90,30.0,0,0,0,7.0,6.0
BCB-Python-Qwen2.5-Coder-7B-BitsAndBytes,Qwen2.5-Coder-7B,BitsAndBytes,BigCodeBench/91,15.0,0,1,0,3.0,2.0
BCB-Python-Qwen2.5-Coder-7B-BitsAndBytes,Qwen2.5-Coder-7B,BitsAndBytes,BigCodeBench/92,16.0,0,4,0,4.0,3.0
BCB-Python-Qwen2.5-Coder-7B-BitsAndBytes,Qwen2.5-Coder-7B,BitsAndBytes,BigCodeBench/93,19.0,0,2,0,3.0,2.0
BCB-Python-Qwen2.5-Coder-7B-BitsAndBytes,Qwen2.5-Coder-7B,BitsAndBytes,BigCodeBench/94,14.0,0,4,0,1.0,0.0
BCB-Python-Qwen2.5-Coder-7B-BitsAndBytes,Qwen2.5-Coder-7B,BitsAndBytes,BigCodeBench/95,15.0,0,0,0,7.0,7.0
BCB-Python-Qwen2.5-Coder-7B-BitsAndBytes,Qwen2.5-Coder-7B,BitsAndBytes,BigCodeBench/96,12.0,0,0,0,2.0,1.0
BCB-Python-Qwen2.5-Coder-7B-BitsAndBytes,Qwen2.5-Coder-7B,BitsAndBytes,BigCodeBench/97,11.0,0,0,0,3.0,3.0
BCB-Python-Qwen2.5-Coder-7B-BitsAndBytes,Qwen2.5-Coder-7B,BitsAndBytes,BigCodeBench/98,9.0,0,0,0,1.0,0.0
BCB-Python-Qwen2.5-Coder-7B-BitsAndBytes,Qwen2.5-Coder-7B,BitsAndBytes,BigCodeBench/99,14.0,0,0,0,2.0,0.0
BCB-Python-Qwen2.5-Coder-7B-BitsAndBytes,Qwen2.5-Coder-7B,BitsAndBytes,BigCodeBench/100,21.0,0,1,0,2.0,2.0
BCB-Python-Qwen2.5-Coder-7B-BitsAndBytes,Qwen2.5-Coder-7B,BitsAndBytes,BigCodeBench/101,15.0,0,2,0,1.0,1.0
BCB-Python-Qwen2.5-Coder-7B-BitsAndBytes,Qwen2.5-Coder-7B,BitsAndBytes,BigCodeBench/102,11.0,0,0,0,1.0,0.0
BCB-Python-Qwen2.5-Coder-7B-BitsAndBytes,Qwen2.5-Coder-7B,BitsAndBytes,BigCodeBench/103,19.0,0,1,0,4.0,3.0
BCB-Python-Qwen2.5-Coder-7B-BitsAndBytes,Qwen2.5-Coder-7B,BitsAndBytes,BigCodeBench/104,21.0,0,1,0,5.0,5.0
BCB-Python-Qwen2.5-Coder-7B-BitsAndBytes,Qwen2.5-Coder-7B,BitsAndBytes,BigCodeBench/105,18.0,0,0,0,3.0,3.0
BCB-Python-Qwen2.5-Coder-7B-BitsAndBytes,Qwen2.5-Coder-7B,BitsAndBytes,BigCodeBench/106,25.0,0,1,0,4.0,3.0
BCB-Python-Qwen2.5-Coder-7B-BitsAndBytes,Qwen2.5-Coder-7B,BitsAndBytes,BigCodeBench/107,19.0,0,1,0,3.0,2.0
BCB-Python-Qwen2.5-Coder-7B-BitsAndBytes,Qwen2.5-Coder-7B,BitsAndBytes,BigCodeBench/108,20.0,0,1,0,6.0,5.0
BCB-Python-Qwen2.5-Coder-7B-BitsAndBytes,Qwen2.5-Coder-7B,BitsAndBytes,BigCodeBench/109,23.0,0,0,0,5.0,4.0
BCB-Python-Qwen2.5-Coder-7B-BitsAndBytes,Qwen2.5-Coder-7B,BitsAndBytes,BigCodeBench/110,15.0,0,0,0,5.0,3.0
BCB-Python-Qwen2.5-Coder-7B-BitsAndBytes,Qwen2.5-Coder-7B,BitsAndBytes,BigCodeBench/111,15.0,0,0,0,4.0,2.0
BCB-Python-Qwen2.5-Coder-7B-BitsAndBytes,Qwen2.5-Coder-7B,BitsAndBytes,BigCodeBench/112,10.0,0,1,0,3.0,2.0
BCB-Python-Qwen2.5-Coder-7B-BitsAndBytes,Qwen2.5-Coder-7B,BitsAndBytes,BigCodeBench/113,17.0,0,0,0,5.0,4.0
BCB-Python-Qwen2.5-Coder-7B-BitsAndBytes,Qwen2.5-Coder-7B,BitsAndBytes,BigCodeBench/114,9.0,0,0,0,3.0,2.0
BCB-Python-Qwen2.5-Coder-7B-BitsAndBytes,Qwen2.5-Coder-7B,BitsAndBytes,BigCodeBench/115,14.0,0,0,0,2.0,1.0
BCB-Python-Qwen2.5-Coder-7B-BitsAndBytes,Qwen2.5-Coder-7B,BitsAndBytes,BigCodeBench/116,11.0,0,1,0,1.0,0.0
BCB-Python-Qwen2.5-Coder-7B-BitsAndBytes,Qwen2.5-Coder-7B,BitsAndBytes,BigCodeBench/117,22.0,0,2,0,4.0,3.0
BCB-Python-Qwen2.5-Coder-7B-BitsAndBytes,Qwen2.5-Coder-7B,BitsAndBytes,BigCodeBench/118,13.0,0,0,0,4.0,4.0
BCB-Python-Qwen2.5-Coder-7B-BitsAndBytes,Qwen2.5-Coder-7B,BitsAndBytes,BigCodeBench/119,12.0,0,0,0,1.0,0.0
BCB-Python-Qwen2.5-Coder-7B-BitsAndBytes,Qwen2.5-Coder-7B,BitsAndBytes,BigCodeBench/120,13.0,0,0,0,4.0,3.0
BCB-Python-Qwen2.5-Coder-7B-BitsAndBytes,Qwen2.5-Coder-7B,BitsAndBytes,BigCodeBench/121,17.0,0,2,0,2.0,1.0
BCB-Python-Qwen2.5-Coder-7B-BitsAndBytes,Qwen2.5-Coder-7B,BitsAndBytes,BigCodeBench/122,7.0,0,1,0,1.0,0.0
BCB-Python-Qwen2.5-Coder-7B-BitsAndBytes,Qwen2.5-Coder-7B,BitsAndBytes,BigCodeBench/123,14.0,0,0,0,4.0,2.0
BCB-Python-Qwen2.5-Coder-7B-BitsAndBytes,Qwen2.5-Coder-7B,BitsAndBytes,BigCodeBench/124,22.0,0,1,0,4.0,3.0
BCB-Python-Qwen2.5-Coder-7B-BitsAndBytes,Qwen2.5-Coder-7B,BitsAndBytes,BigCodeBench/125,14.0,0,1,0,3.0,3.0
BCB-Python-Qwen2.5-Coder-7B-BitsAndBytes,Qwen2.5-Coder-7B,BitsAndBytes,BigCodeBench/126,22.0,0,0,0,3.0,2.0
BCB-Python-Qwen2.5-Coder-7B-BitsAndBytes,Qwen2.5-Coder-7B,BitsAndBytes,BigCodeBench/127,16.0,0,3,0,5.0,7.0
BCB-Python-Qwen2.5-Coder-7B-BitsAndBytes,Qwen2.5-Coder-7B,BitsAndBytes,BigCodeBench/128,27.0,0,1,0,3.0,6.0
BCB-Python-Qwen2.5-Coder-7B-BitsAndBytes,Qwen2.5-Coder-7B,BitsAndBytes,BigCodeBench/129,24.0,0,0,0,4.0,6.0
BCB-Python-Qwen2.5-Coder-7B-BitsAndBytes,Qwen2.5-Coder-7B,BitsAndBytes,BigCodeBench/130,15.0,0,0,0,1.0,1.0
BCB-Python-Qwen2.5-Coder-7B-BitsAndBytes,Qwen2.5-Coder-7B,BitsAndBytes,BigCodeBench/131,12.0,0,0,0,1.0,0.0
BCB-Python-Qwen2.5-Coder-7B-BitsAndBytes,Qwen2.5-Coder-7B,BitsAndBytes,BigCodeBench/132,22.0,0,2,0,2.0,2.0
BCB-Python-Qwen2.5-Coder-7B-BitsAndBytes,Qwen2.5-Coder-7B,BitsAndBytes,BigCodeBench/133,15.0,0,0,0,3.0,2.0
BCB-Python-Qwen2.5-Coder-7B-BitsAndBytes,Qwen2.5-Coder-7B,BitsAndBytes,BigCodeBench/134,13.0,0,0,0,3.0,2.0
BCB-Python-Qwen2.5-Coder-7B-BitsAndBytes,Qwen2.5-Coder-7B,BitsAndBytes,BigCodeBench/135,15.0,0,0,0,4.0,3.0
BCB-Python-Qwen2.5-Coder-7B-BitsAndBytes,Qwen2.5-Coder-7B,BitsAndBytes,BigCodeBench/136,17.0,0,4,0,3.0,2.0
BCB-Python-Qwen2.5-Coder-7B-BitsAndBytes,Qwen2.5-Coder-7B,BitsAndBytes,BigCodeBench/137,8.0,0,0,0,4.0,3.0
BCB-Python-Qwen2.5-Coder-7B-BitsAndBytes,Qwen2.5-Coder-7B,BitsAndBytes,BigCodeBench/138,15.0,0,2,0,3.0,2.0
BCB-Python-Qwen2.5-Coder-7B-BitsAndBytes,Qwen2.5-Coder-7B,BitsAndBytes,BigCodeBench/139,17.0,0,0,0,5.0,4.0
BCB-Python-Qwen2.5-Coder-7B-BitsAndBytes,Qwen2.5-Coder-7B,BitsAndBytes,BigCodeBench/140,12.0,0,0,0,4.0,3.0
BCB-Python-Qwen2.5-Coder-7B-BitsAndBytes,Qwen2.5-Coder-7B,BitsAndBytes,BigCodeBench/141,14.0,0,1,0,4.0,3.0
BCB-Python-Qwen2.5-Coder-7B-BitsAndBytes,Qwen2.5-Coder-7B,BitsAndBytes,BigCodeBench/142,16.0,0,0,0,1.0,0.0
BCB-Python-Qwen2.5-Coder-7B-BitsAndBytes,Qwen2.5-Coder-7B,BitsAndBytes,BigCodeBench/143,14.0,0,1,0,1.0,0.0
BCB-Python-Qwen2.5-Coder-7B-BitsAndBytes,Qwen2.5-Coder-7B,BitsAndBytes,BigCodeBench/144,16.0,0,0,0,3.0,6.0
BCB-Python-Qwen2.5-Coder-7B-BitsAndBytes,Qwen2.5-Coder-7B,BitsAndBytes,BigCodeBench/145,9.0,0,0,0,2.0,1.0
BCB-Python-Qwen2.5-Coder-7B-BitsAndBytes,Qwen2.5-Coder-7B,BitsAndBytes,BigCodeBench/146,16.0,0,0,0,3.0,6.0
BCB-Python-Qwen2.5-Coder-7B-BitsAndBytes,Qwen2.5-Coder-7B,BitsAndBytes,BigCodeBench/147,22.0,0,0,0,5.0,2.0
BCB-Python-Qwen2.5-Coder-7B-BitsAndBytes,Qwen2.5-Coder-7B,BitsAndBytes,BigCodeBench/148,6.0,0,0,0,1.0,0.0
BCB-Python-Qwen2.5-Coder-7B-BitsAndBytes,Qwen2.5-Coder-7B,BitsAndBytes,BigCodeBench/149,14.0,0,0,0,3.0,2.0
BCB-Python-Qwen2.5-Coder-7B-BitsAndBytes,Qwen2.5-Coder-7B,BitsAndBytes,BigCodeBench/150,24.0,0,2,0,2.0,2.0
BCB-Python-Qwen2.5-Coder-7B-BitsAndBytes,Qwen2.5-Coder-7B,BitsAndBytes,BigCodeBench/151,22.0,1,1,0,2.0,2.0
BCB-Python-Qwen2.5-Coder-7B-BitsAndBytes,Qwen2.5-Coder-7B,BitsAndBytes,BigCodeBench/152,17.0,0,0,0,4.0,4.0
BCB-Python-Qwen2.5-Coder-7B-BitsAndBytes,Qwen2.5-Coder-7B,BitsAndBytes,BigCodeBench/153,10.0,0,0,0,1.0,0.0
BCB-Python-Qwen2.5-Coder-7B-BitsAndBytes,Qwen2.5-Coder-7B,BitsAndBytes,BigCodeBench/154,12.0,0,0,0,3.0,3.0
BCB-Python-Qwen2.5-Coder-7B-BitsAndBytes,Qwen2.5-Coder-7B,BitsAndBytes,BigCodeBench/155,12.0,0,1,0,1.0,0.0
BCB-Python-Qwen2.5-Coder-7B-BitsAndBytes,Qwen2.5-Coder-7B,BitsAndBytes,BigCodeBench/156,14.0,0,1,0,1.0,0.0
BCB-Python-Qwen2.5-Coder-7B-BitsAndBytes,Qwen2.5-Coder-7B,BitsAndBytes,BigCodeBench/157,15.0,0,2,0,4.0,3.0
BCB-Python-Qwen2.5-Coder-7B-BitsAndBytes,Qwen2.5-Coder-7B,BitsAndBytes,BigCodeBench/158,12.0,0,0,0,1.0,0.0
BCB-Python-Qwen2.5-Coder-7B-BitsAndBytes,Qwen2.5-Coder-7B,BitsAndBytes,BigCodeBench/159,10.0,0,1,0,1.0,0.0
BCB-Python-Qwen2.5-Coder-7B-BitsAndBytes,Qwen2.5-Coder-7B,BitsAndBytes,BigCodeBench/160,13.0,0,0,0,3.0,2.0
BCB-Python-Qwen2.5-Coder-7B-BitsAndBytes,Qwen2.5-Coder-7B,BitsAndBytes,BigCodeBench/161,22.0,0,0,0,4.0,7.0
BCB-Python-Qwen2.5-Coder-7B-BitsAndBytes,Qwen2.5-Coder-7B,BitsAndBytes,BigCodeBench/162,14.0,0,4,0,2.0,1.0
BCB-Python-Qwen2.5-Coder-7B-BitsAndBytes,Qwen2.5-Coder-7B,BitsAndBytes,BigCodeBench/163,15.0,0,1,0,2.0,1.0
BCB-Python-Qwen2.5-Coder-7B-BitsAndBytes,Qwen2.5-Coder-7B,BitsAndBytes,BigCodeBench/164,13.0,0,1,0,1.0,0.0
BCB-Python-Qwen2.5-Coder-7B-BitsAndBytes,Qwen2.5-Coder-7B,BitsAndBytes,BigCodeBench/165,17.0,0,0,0,1.0,0.0
BCB-Python-Qwen2.5-Coder-7B-BitsAndBytes,Qwen2.5-Coder-7B,BitsAndBytes,BigCodeBench/166,12.0,0,0,0,6.0,4.0
BCB-Python-Qwen2.5-Coder-7B-BitsAndBytes,Qwen2.5-Coder-7B,BitsAndBytes,BigCodeBench/167,13.0,0,0,0,1.0,0.0
BCB-Python-Qwen2.5-Coder-7B-BitsAndBytes,Qwen2.5-Coder-7B,BitsAndBytes,BigCodeBench/168,16.0,0,1,0,2.0,1.0
BCB-Python-Qwen2.5-Coder-7B-BitsAndBytes,Qwen2.5-Coder-7B,BitsAndBytes,BigCodeBench/169,16.0,0,1,0,3.0,2.0
BCB-Python-Qwen2.5-Coder-7B-BitsAndBytes,Qwen2.5-Coder-7B,BitsAndBytes,BigCodeBench/170,14.0,0,1,0,2.0,2.0
BCB-Python-Qwen2.5-Coder-7B-BitsAndBytes,Qwen2.5-Coder-7B,BitsAndBytes,BigCodeBench/171,24.0,0,0,0,4.0,6.0
BCB-Python-Qwen2.5-Coder-7B-BitsAndBytes,Qwen2.5-Coder-7B,BitsAndBytes,BigCodeBench/172,10.0,0,0,0,3.0,3.0
BCB-Python-Qwen2.5-Coder-7B-BitsAndBytes,Qwen2.5-Coder-7B,BitsAndBytes,BigCodeBench/173,8.0,0,1,0,1.0,0.0
BCB-Python-Qwen2.5-Coder-7B-BitsAndBytes,Qwen2.5-Coder-7B,BitsAndBytes,BigCodeBench/174,7.0,0,1,0,2.0,1.0
BCB-Python-Qwen2.5-Coder-7B-BitsAndBytes,Qwen2.5-Coder-7B,BitsAndBytes,BigCodeBench/175,13.0,0,2,0,5.0,2.0
BCB-Python-Qwen2.5-Coder-7B-BitsAndBytes,Qwen2.5-Coder-7B,BitsAndBytes,BigCodeBench/176,11.0,0,0,0,2.0,3.0
BCB-Python-Qwen2.5-Coder-7B-BitsAndBytes,Qwen2.5-Coder-7B,BitsAndBytes,BigCodeBench/177,25.0,0,0,0,8.0,10.0
BCB-Python-Qwen2.5-Coder-7B-BitsAndBytes,Qwen2.5-Coder-7B,BitsAndBytes,BigCodeBench/178,9.0,0,2,0,2.0,2.0
BCB-Python-Qwen2.5-Coder-7B-BitsAndBytes,Qwen2.5-Coder-7B,BitsAndBytes,BigCodeBench/179,19.0,0,1,0,4.0,3.0
BCB-Python-Qwen2.5-Coder-7B-BitsAndBytes,Qwen2.5-Coder-7B,BitsAndBytes,BigCodeBench/180,18.0,0,1,0,2.0,2.0
BCB-Python-Qwen2.5-Coder-7B-BitsAndBytes,Qwen2.5-Coder-7B,BitsAndBytes,BigCodeBench/181,14.0,0,0,0,1.0,0.0
BCB-Python-Qwen2.5-Coder-7B-BitsAndBytes,Qwen2.5-Coder-7B,BitsAndBytes,BigCodeBench/182,10.0,0,1,0,1.0,0.0
BCB-Python-Qwen2.5-Coder-7B-BitsAndBytes,Qwen2.5-Coder-7B,BitsAndBytes,BigCodeBench/183,8.0,0,0,0,1.0,0.0
BCB-Python-Qwen2.5-Coder-7B-BitsAndBytes,Qwen2.5-Coder-7B,BitsAndBytes,BigCodeBench/184,24.0,0,0,0,3.0,0.0
BCB-Python-Qwen2.5-Coder-7B-BitsAndBytes,Qwen2.5-Coder-7B,BitsAndBytes,BigCodeBench/185,22.0,0,2,0,8.0,7.0
BCB-Python-Qwen2.5-Coder-7B-BitsAndBytes,Qwen2.5-Coder-7B,BitsAndBytes,BigCodeBench/186,16.0,0,0,0,5.0,7.0
BCB-Python-Qwen2.5-Coder-7B-BitsAndBytes,Qwen2.5-Coder-7B,BitsAndBytes,BigCodeBench/187,16.0,0,2,0,5.0,4.0
BCB-Python-Qwen2.5-Coder-7B-BitsAndBytes,Qwen2.5-Coder-7B,BitsAndBytes,BigCodeBench/188,26.0,0,0,0,8.0,14.0
BCB-Python-Qwen2.5-Coder-7B-BitsAndBytes,Qwen2.5-Coder-7B,BitsAndBytes,BigCodeBench/189,15.0,0,1,0,1.0,1.0
BCB-Python-Qwen2.5-Coder-7B-BitsAndBytes,Qwen2.5-Coder-7B,BitsAndBytes,BigCodeBench/190,36.0,0,0,0,2.0,3.0
BCB-Python-Qwen2.5-Coder-7B-BitsAndBytes,Qwen2.5-Coder-7B,BitsAndBytes,BigCodeBench/191,12.0,0,1,0,3.0,2.0
BCB-Python-Qwen2.5-Coder-7B-BitsAndBytes,Qwen2.5-Coder-7B,BitsAndBytes,BigCodeBench/192,20.0,0,0,0,2.0,1.0
BCB-Python-Qwen2.5-Coder-7B-BitsAndBytes,Qwen2.5-Coder-7B,BitsAndBytes,BigCodeBench/193,25.0,0,1,0,4.0,8.0
BCB-Python-Qwen2.5-Coder-7B-BitsAndBytes,Qwen2.5-Coder-7B,BitsAndBytes,BigCodeBench/194,12.0,0,2,0,1.0,0.0
BCB-Python-Qwen2.5-Coder-7B-BitsAndBytes,Qwen2.5-Coder-7B,BitsAndBytes,BigCodeBench/195,15.0,0,0,0,2.0,4.0
BCB-Python-Qwen2.5-Coder-7B-BitsAndBytes,Qwen2.5-Coder-7B,BitsAndBytes,BigCodeBench/196,13.0,0,0,0,2.0,1.0
BCB-Python-Qwen2.5-Coder-7B-BitsAndBytes,Qwen2.5-Coder-7B,BitsAndBytes,BigCodeBench/197,16.0,0,2,0,2.0,1.0
BCB-Python-Qwen2.5-Coder-7B-BitsAndBytes,Qwen2.5-Coder-7B,BitsAndBytes,BigCodeBench/198,17.0,0,0,0,4.0,1.0
BCB-Python-Qwen2.5-Coder-7B-BitsAndBytes,Qwen2.5-Coder-7B,BitsAndBytes,BigCodeBench/199,38.0,0,0,0,6.0,5.0
BCB-Python-Qwen2.5-Coder-7B-BitsAndBytes,Qwen2.5-Coder-7B,BitsAndBytes,BigCodeBench/200,16.0,0,0,0,3.0,0.0
BCB-Python-Qwen2.5-Coder-7B-BitsAndBytes,Qwen2.5-Coder-7B,BitsAndBytes,BigCodeBench/201,14.0,0,1,0,4.0,2.0
BCB-Python-Qwen2.5-Coder-7B-BitsAndBytes,Qwen2.5-Coder-7B,BitsAndBytes,BigCodeBench/202,21.0,0,0,0,5.0,10.0
BCB-Python-Qwen2.5-Coder-7B-BitsAndBytes,Qwen2.5-Coder-7B,BitsAndBytes,BigCodeBench/203,24.0,0,0,0,2.0,1.0
BCB-Python-Qwen2.5-Coder-7B-BitsAndBytes,Qwen2.5-Coder-7B,BitsAndBytes,BigCodeBench/204,27.0,0,2,0,2.0,0.0
BCB-Python-Qwen2.5-Coder-7B-BitsAndBytes,Qwen2.5-Coder-7B,BitsAndBytes,BigCodeBench/205,14.0,0,0,0,3.0,1.0
BCB-Python-Qwen2.5-Coder-7B-BitsAndBytes,Qwen2.5-Coder-7B,BitsAndBytes,BigCodeBench/206,13.0,0,0,0,2.0,1.0
BCB-Python-Qwen2.5-Coder-7B-BitsAndBytes,Qwen2.5-Coder-7B,BitsAndBytes,BigCodeBench/207,16.0,0,2,0,3.0,7.0
BCB-Python-Qwen2.5-Coder-7B-BitsAndBytes,Qwen2.5-Coder-7B,BitsAndBytes,BigCodeBench/208,27.0,0,2,0,3.0,2.0
BCB-Python-Qwen2.5-Coder-7B-BitsAndBytes,Qwen2.5-Coder-7B,BitsAndBytes,BigCodeBench/209,18.0,0,1,0,3.0,2.0
BCB-Python-Qwen2.5-Coder-7B-BitsAndBytes,Qwen2.5-Coder-7B,BitsAndBytes,BigCodeBench/210,17.0,0,2,0,1.0,0.0
BCB-Python-Qwen2.5-Coder-7B-BitsAndBytes,Qwen2.5-Coder-7B,BitsAndBytes,BigCodeBench/211,18.0,0,1,0,3.0,2.0
BCB-Python-Qwen2.5-Coder-7B-BitsAndBytes,Qwen2.5-Coder-7B,BitsAndBytes,BigCodeBench/212,15.0,0,1,0,1.0,0.0
BCB-Python-Qwen2.5-Coder-7B-BitsAndBytes,Qwen2.5-Coder-7B,BitsAndBytes,BigCodeBench/213,18.0,0,2,0,2.0,1.0
BCB-Python-Qwen2.5-Coder-7B-BitsAndBytes,Qwen2.5-Coder-7B,BitsAndBytes,BigCodeBench/214,13.0,0,2,0,2.0,1.0
BCB-Python-Qwen2.5-Coder-7B-BitsAndBytes,Qwen2.5-Coder-7B,BitsAndBytes,BigCodeBench/215,25.0,0,4,0,4.0,4.0
BCB-Python-Qwen2.5-Coder-7B-BitsAndBytes,Qwen2.5-Coder-7B,BitsAndBytes,BigCodeBench/216,17.0,0,0,0,4.0,6.0
BCB-Python-Qwen2.5-Coder-7B-BitsAndBytes,Qwen2.5-Coder-7B,BitsAndBytes,BigCodeBench/217,15.0,0,5,0,1.0,0.0
BCB-Python-Qwen2.5-Coder-7B-BitsAndBytes,Qwen2.5-Coder-7B,BitsAndBytes,BigCodeBench/218,17.0,0,0,0,4.0,4.0
BCB-Python-Qwen2.5-Coder-7B-BitsAndBytes,Qwen2.5-Coder-7B,BitsAndBytes,BigCodeBench/219,17.0,0,0,0,1.0,1.0
BCB-Python-Qwen2.5-Coder-7B-BitsAndBytes,Qwen2.5-Coder-7B,BitsAndBytes,BigCodeBench/220,19.0,0,0,0,3.0,3.0
BCB-Python-Qwen2.5-Coder-7B-BitsAndBytes,Qwen2.5-Coder-7B,BitsAndBytes,BigCodeBench/221,27.0,0,0,0,4.0,7.0
BCB-Python-Qwen2.5-Coder-7B-BitsAndBytes,Qwen2.5-Coder-7B,BitsAndBytes,BigCodeBench/222,13.0,0,1,0,1.0,0.0
BCB-Python-Qwen2.5-Coder-7B-BitsAndBytes,Qwen2.5-Coder-7B,BitsAndBytes,BigCodeBench/223,20.0,0,0,0,9.0,11.0
BCB-Python-Qwen2.5-Coder-7B-BitsAndBytes,Qwen2.5-Coder-7B,BitsAndBytes,BigCodeBench/224,25.0,0,1,0,3.0,2.0
BCB-Python-Qwen2.5-Coder-7B-BitsAndBytes,Qwen2.5-Coder-7B,BitsAndBytes,BigCodeBench/225,17.0,0,0,0,6.0,9.0
BCB-Python-Qwen2.5-Coder-7B-BitsAndBytes,Qwen2.5-Coder-7B,BitsAndBytes,BigCodeBench/226,19.0,0,1,0,3.0,2.0
BCB-Python-Qwen2.5-Coder-7B-BitsAndBytes,Qwen2.5-Coder-7B,BitsAndBytes,BigCodeBench/227,18.0,0,3,0,2.0,1.0
BCB-Python-Qwen2.5-Coder-7B-BitsAndBytes,Qwen2.5-Coder-7B,BitsAndBytes,BigCodeBench/228,13.0,1,0,0,3.0,2.0
BCB-Python-Qwen2.5-Coder-7B-BitsAndBytes,Qwen2.5-Coder-7B,BitsAndBytes,BigCodeBench/229,21.0,0,0,0,3.0,2.0
BCB-Python-Qwen2.5-Coder-7B-BitsAndBytes,Qwen2.5-Coder-7B,BitsAndBytes,BigCodeBench/230,15.0,0,0,0,3.0,2.0
BCB-Python-Qwen2.5-Coder-7B-BitsAndBytes,Qwen2.5-Coder-7B,BitsAndBytes,BigCodeBench/231,24.0,0,1,0,3.0,2.0
BCB-Python-Qwen2.5-Coder-7B-BitsAndBytes,Qwen2.5-Coder-7B,BitsAndBytes,BigCodeBench/232,17.0,0,0,0,3.0,2.0
BCB-Python-Qwen2.5-Coder-7B-BitsAndBytes,Qwen2.5-Coder-7B,BitsAndBytes,BigCodeBench/233,18.0,0,1,0,3.0,2.0
BCB-Python-Qwen2.5-Coder-7B-BitsAndBytes,Qwen2.5-Coder-7B,BitsAndBytes,BigCodeBench/234,18.0,0,3,0,2.0,1.0
BCB-Python-Qwen2.5-Coder-7B-BitsAndBytes,Qwen2.5-Coder-7B,BitsAndBytes,BigCodeBench/235,19.0,0,3,0,1.0,0.0
BCB-Python-Qwen2.5-Coder-7B-BitsAndBytes,Qwen2.5-Coder-7B,BitsAndBytes,BigCodeBench/236,16.0,0,1,0,2.0,1.0
BCB-Python-Qwen2.5-Coder-7B-BitsAndBytes,Qwen2.5-Coder-7B,BitsAndBytes,BigCodeBench/237,19.0,0,1,0,4.0,5.0
BCB-Python-Qwen2.5-Coder-7B-BitsAndBytes,Qwen2.5-Coder-7B,BitsAndBytes,BigCodeBench/238,13.0,0,1,0,1.0,0.0
BCB-Python-Qwen2.5-Coder-7B-BitsAndBytes,Qwen2.5-Coder-7B,BitsAndBytes,BigCodeBench/239,21.0,0,3,0,1.0,0.0
BCB-Python-Qwen2.5-Coder-7B-BitsAndBytes,Qwen2.5-Coder-7B,BitsAndBytes,BigCodeBench/240,7.0,0,0,0,1.0,0.0
BCB-Python-Qwen2.5-Coder-7B-BitsAndBytes,Qwen2.5-Coder-7B,BitsAndBytes,BigCodeBench/241,13.0,0,1,0,1.0,0.0
BCB-Python-Qwen2.5-Coder-7B-BitsAndBytes,Qwen2.5-Coder-7B,BitsAndBytes,BigCodeBench/242,18.0,0,1,0,3.0,3.0
BCB-Python-Qwen2.5-Coder-7B-BitsAndBytes,Qwen2.5-Coder-7B,BitsAndBytes,BigCodeBench/243,12.0,0,0,0,2.0,1.0
BCB-Python-Qwen2.5-Coder-7B-BitsAndBytes,Qwen2.5-Coder-7B,BitsAndBytes,BigCodeBench/244,17.0,0,1,0,2.0,1.0
BCB-Python-Qwen2.5-Coder-7B-BitsAndBytes,Qwen2.5-Coder-7B,BitsAndBytes,BigCodeBench/245,14.0,0,0,0,1.0,0.0
BCB-Python-Qwen2.5-Coder-7B-BitsAndBytes,Qwen2.5-Coder-7B,BitsAndBytes,BigCodeBench/246,22.0,0,3,0,3.0,2.0
BCB-Python-Qwen2.5-Coder-7B-BitsAndBytes,Qwen2.5-Coder-7B,BitsAndBytes,BigCodeBench/247,16.0,0,0,0,2.0,1.0
BCB-Python-Qwen2.5-Coder-7B-BitsAndBytes,Qwen2.5-Coder-7B,BitsAndBytes,BigCodeBench/248,17.0,0,1,0,3.0,2.0
BCB-Python-Qwen2.5-Coder-7B-BitsAndBytes,Qwen2.5-Coder-7B,BitsAndBytes,BigCodeBench/249,8.0,0,0,0,1.0,0.0
BCB-Python-Qwen2.5-Coder-7B-BitsAndBytes,Qwen2.5-Coder-7B,BitsAndBytes,BigCodeBench/250,11.0,0,0,0,2.0,1.0
BCB-Python-Qwen2.5-Coder-7B-BitsAndBytes,Qwen2.5-Coder-7B,BitsAndBytes,BigCodeBench/251,10.0,0,0,0,2.0,1.0
BCB-Python-Qwen2.5-Coder-7B-BitsAndBytes,Qwen2.5-Coder-7B,BitsAndBytes,BigCodeBench/252,15.0,0,1,0,3.0,3.0
BCB-Python-Qwen2.5-Coder-7B-BitsAndBytes,Qwen2.5-Coder-7B,BitsAndBytes,BigCodeBench/253,15.0,0,4,0,1.0,0.0
BCB-Python-Qwen2.5-Coder-7B-BitsAndBytes,Qwen2.5-Coder-7B,BitsAndBytes,BigCodeBench/254,6.0,0,0,0,1.0,0.0
BCB-Python-Qwen2.5-Coder-7B-BitsAndBytes,Qwen2.5-Coder-7B,BitsAndBytes,BigCodeBench/255,12.0,0,0,0,2.0,1.0
BCB-Python-Qwen2.5-Coder-7B-BitsAndBytes,Qwen2.5-Coder-7B,BitsAndBytes,BigCodeBench/256,21.0,0,1,0,3.0,2.0
BCB-Python-Qwen2.5-Coder-7B-BitsAndBytes,Qwen2.5-Coder-7B,BitsAndBytes,BigCodeBench/257,10.0,0,0,0,1.0,0.0
BCB-Python-Qwen2.5-Coder-7B-BitsAndBytes,Qwen2.5-Coder-7B,BitsAndBytes,BigCodeBench/258,21.0,0,0,0,1.0,0.0
BCB-Python-Qwen2.5-Coder-7B-BitsAndBytes,Qwen2.5-Coder-7B,BitsAndBytes,BigCodeBench/259,13.0,0,2,0,3.0,2.0
BCB-Python-Qwen2.5-Coder-7B-BitsAndBytes,Qwen2.5-Coder-7B,BitsAndBytes,BigCodeBench/260,20.0,0,0,0,3.0,5.0
BCB-Python-Qwen2.5-Coder-7B-BitsAndBytes,Qwen2.5-Coder-7B,BitsAndBytes,BigCodeBench/261,13.0,0,0,0,3.0,2.0
BCB-Python-Qwen2.5-Coder-7B-BitsAndBytes,Qwen2.5-Coder-7B,BitsAndBytes,BigCodeBench/262,15.0,0,1,0,1.0,0.0
BCB-Python-Qwen2.5-Coder-7B-BitsAndBytes,Qwen2.5-Coder-7B,BitsAndBytes,BigCodeBench/263,18.0,0,0,0,5.0,5.0
BCB-Python-Qwen2.5-Coder-7B-BitsAndBytes,Qwen2.5-Coder-7B,BitsAndBytes,BigCodeBench/264,17.0,0,1,0,2.0,1.0
BCB-Python-Qwen2.5-Coder-7B-BitsAndBytes,Qwen2.5-Coder-7B,BitsAndBytes,BigCodeBench/265,10.0,0,0,0,1.0,0.0
BCB-Python-Qwen2.5-Coder-7B-BitsAndBytes,Qwen2.5-Coder-7B,BitsAndBytes,BigCodeBench/266,21.0,0,0,0,4.0,7.0
BCB-Python-Qwen2.5-Coder-7B-BitsAndBytes,Qwen2.5-Coder-7B,BitsAndBytes,BigCodeBench/267,14.0,0,2,0,1.0,0.0
BCB-Python-Qwen2.5-Coder-7B-BitsAndBytes,Qwen2.5-Coder-7B,BitsAndBytes,BigCodeBench/268,10.0,0,0,0,3.0,3.0
BCB-Python-Qwen2.5-Coder-7B-BitsAndBytes,Qwen2.5-Coder-7B,BitsAndBytes,BigCodeBench/269,23.0,0,1,0,1.0,0.0
BCB-Python-Qwen2.5-Coder-7B-BitsAndBytes,Qwen2.5-Coder-7B,BitsAndBytes,BigCodeBench/270,6.0,0,0,0,1.0,0.0
BCB-Python-Qwen2.5-Coder-7B-BitsAndBytes,Qwen2.5-Coder-7B,BitsAndBytes,BigCodeBench/271,16.0,0,0,0,4.0,4.0
BCB-Python-Qwen2.5-Coder-7B-BitsAndBytes,Qwen2.5-Coder-7B,BitsAndBytes,BigCodeBench/272,37.0,0,1,0,4.0,3.0
BCB-Python-Qwen2.5-Coder-7B-BitsAndBytes,Qwen2.5-Coder-7B,BitsAndBytes,BigCodeBench/273,35.0,0,0,0,4.0,3.0
BCB-Python-Qwen2.5-Coder-7B-BitsAndBytes,Qwen2.5-Coder-7B,BitsAndBytes,BigCodeBench/274,39.0,0,4,0,5.0,4.0
BCB-Python-Qwen2.5-Coder-7B-BitsAndBytes,Qwen2.5-Coder-7B,BitsAndBytes,BigCodeBench/275,7.0,0,0,0,2.0,1.0
BCB-Python-Qwen2.5-Coder-7B-BitsAndBytes,Qwen2.5-Coder-7B,BitsAndBytes,BigCodeBench/276,14.0,1,5,0,1.0,0.0
BCB-Python-Qwen2.5-Coder-7B-BitsAndBytes,Qwen2.5-Coder-7B,BitsAndBytes,BigCodeBench/277,15.0,0,0,0,4.0,4.0
BCB-Python-Qwen2.5-Coder-7B-BitsAndBytes,Qwen2.5-Coder-7B,BitsAndBytes,BigCodeBench/278,12.0,0,3,0,1.0,0.0
BCB-Python-Qwen2.5-Coder-7B-BitsAndBytes,Qwen2.5-Coder-7B,BitsAndBytes,BigCodeBench/279,10.0,0,0,0,1.0,0.0
BCB-Python-Qwen2.5-Coder-7B-BitsAndBytes,Qwen2.5-Coder-7B,BitsAndBytes,BigCodeBench/280,17.0,0,1,0,1.0,0.0
BCB-Python-Qwen2.5-Coder-7B-BitsAndBytes,Qwen2.5-Coder-7B,BitsAndBytes,BigCodeBench/281,15.0,0,0,0,4.0,6.0
BCB-Python-Qwen2.5-Coder-7B-BitsAndBytes,Qwen2.5-Coder-7B,BitsAndBytes,BigCodeBench/282,18.0,0,0,0,3.0,2.0
BCB-Python-Qwen2.5-Coder-7B-BitsAndBytes,Qwen2.5-Coder-7B,BitsAndBytes,BigCodeBench/283,14.0,0,0,0,4.0,6.0
BCB-Python-Qwen2.5-Coder-7B-BitsAndBytes,Qwen2.5-Coder-7B,BitsAndBytes,BigCodeBench/284,11.0,0,0,0,1.0,0.0
BCB-Python-Qwen2.5-Coder-7B-BitsAndBytes,Qwen2.5-Coder-7B,BitsAndBytes,BigCodeBench/285,12.0,0,0,0,3.0,2.0
BCB-Python-Qwen2.5-Coder-7B-BitsAndBytes,Qwen2.5-Coder-7B,BitsAndBytes,BigCodeBench/286,26.0,0,0,0,5.0,8.0
BCB-Python-Qwen2.5-Coder-7B-BitsAndBytes,Qwen2.5-Coder-7B,BitsAndBytes,BigCodeBench/287,17.0,0,0,0,4.0,6.0
BCB-Python-Qwen2.5-Coder-7B-BitsAndBytes,Qwen2.5-Coder-7B,BitsAndBytes,BigCodeBench/288,20.0,0,0,0,7.0,10.0
BCB-Python-Qwen2.5-Coder-7B-BitsAndBytes,Qwen2.5-Coder-7B,BitsAndBytes,BigCodeBench/289,19.0,0,2,0,2.0,1.0
BCB-Python-Qwen2.5-Coder-7B-BitsAndBytes,Qwen2.5-Coder-7B,BitsAndBytes,BigCodeBench/290,18.0,0,0,0,6.0,7.0
BCB-Python-Qwen2.5-Coder-7B-BitsAndBytes,Qwen2.5-Coder-7B,BitsAndBytes,BigCodeBench/291,14.0,0,2,0,1.0,0.0
BCB-Python-Qwen2.5-Coder-7B-BitsAndBytes,Qwen2.5-Coder-7B,BitsAndBytes,BigCodeBench/292,10.0,0,0,0,1.0,0.0
BCB-Python-Qwen2.5-Coder-7B-BitsAndBytes,Qwen2.5-Coder-7B,BitsAndBytes,BigCodeBench/293,15.0,0,1,0,1.0,0.0
BCB-Python-Qwen2.5-Coder-7B-BitsAndBytes,Qwen2.5-Coder-7B,BitsAndBytes,BigCodeBench/294,11.0,0,0,0,2.0,1.0
BCB-Python-Qwen2.5-Coder-7B-BitsAndBytes,Qwen2.5-Coder-7B,BitsAndBytes,BigCodeBench/295,13.0,0,0,0,1.0,0.0
BCB-Python-Qwen2.5-Coder-7B-BitsAndBytes,Qwen2.5-Coder-7B,BitsAndBytes,BigCodeBench/296,17.0,0,0,0,3.0,2.0
BCB-Python-Qwen2.5-Coder-7B-BitsAndBytes,Qwen2.5-Coder-7B,BitsAndBytes,BigCodeBench/297,6.0,0,0,0,1.0,0.0
BCB-Python-Qwen2.5-Coder-7B-BitsAndBytes,Qwen2.5-Coder-7B,BitsAndBytes,BigCodeBench/298,27.0,0,1,0,5.0,5.0
BCB-Python-Qwen2.5-Coder-7B-BitsAndBytes,Qwen2.5-Coder-7B,BitsAndBytes,BigCodeBench/299,13.0,0,0,0,3.0,2.0
BCB-Python-Qwen2.5-Coder-7B-BitsAndBytes,Qwen2.5-Coder-7B,BitsAndBytes,BigCodeBench/300,17.0,0,0,0,3.0,2.0
BCB-Python-Qwen2.5-Coder-7B-BitsAndBytes,Qwen2.5-Coder-7B,BitsAndBytes,BigCodeBench/301,16.0,0,1,0,1.0,0.0
BCB-Python-Qwen2.5-Coder-7B-BitsAndBytes,Qwen2.5-Coder-7B,BitsAndBytes,BigCodeBench/302,17.0,0,0,0,4.0,3.0
BCB-Python-Qwen2.5-Coder-7B-BitsAndBytes,Qwen2.5-Coder-7B,BitsAndBytes,BigCodeBench/303,13.0,0,0,0,1.0,0.0
BCB-Python-Qwen2.5-Coder-7B-BitsAndBytes,Qwen2.5-Coder-7B,BitsAndBytes,BigCodeBench/304,16.0,0,2,0,2.0,1.0
BCB-Python-Qwen2.5-Coder-7B-BitsAndBytes,Qwen2.5-Coder-7B,BitsAndBytes,BigCodeBench/305,13.0,0,0,0,3.0,3.0
BCB-Python-Qwen2.5-Coder-7B-BitsAndBytes,Qwen2.5-Coder-7B,BitsAndBytes,BigCodeBench/306,20.0,0,0,0,6.0,12.0
BCB-Python-Qwen2.5-Coder-7B-BitsAndBytes,Qwen2.5-Coder-7B,BitsAndBytes,BigCodeBench/307,12.0,0,0,0,3.0,3.0
BCB-Python-Qwen2.5-Coder-7B-BitsAndBytes,Qwen2.5-Coder-7B,BitsAndBytes,BigCodeBench/308,19.0,0,1,0,4.0,4.0
BCB-Python-Qwen2.5-Coder-7B-BitsAndBytes,Qwen2.5-Coder-7B,BitsAndBytes,BigCodeBench/309,12.0,0,0,0,3.0,4.0
BCB-Python-Qwen2.5-Coder-7B-BitsAndBytes,Qwen2.5-Coder-7B,BitsAndBytes,BigCodeBench/310,22.0,0,0,0,1.0,0.0
BCB-Python-Qwen2.5-Coder-7B-BitsAndBytes,Qwen2.5-Coder-7B,BitsAndBytes,BigCodeBench/311,19.0,0,0,0,6.0,7.0
BCB-Python-Qwen2.5-Coder-7B-BitsAndBytes,Qwen2.5-Coder-7B,BitsAndBytes,BigCodeBench/312,8.0,0,2,0,1.0,0.0
BCB-Python-Qwen2.5-Coder-7B-BitsAndBytes,Qwen2.5-Coder-7B,BitsAndBytes,BigCodeBench/313,29.0,0,1,0,7.0,17.0
BCB-Python-Qwen2.5-Coder-7B-BitsAndBytes,Qwen2.5-Coder-7B,BitsAndBytes,BigCodeBench/314,17.0,0,3,0,1.0,1.0
BCB-Python-Qwen2.5-Coder-7B-BitsAndBytes,Qwen2.5-Coder-7B,BitsAndBytes,BigCodeBench/315,27.0,0,1,0,5.0,7.0
BCB-Python-Qwen2.5-Coder-7B-BitsAndBytes,Qwen2.5-Coder-7B,BitsAndBytes,BigCodeBench/316,14.0,0,0,0,3.0,4.0
BCB-Python-Qwen2.5-Coder-7B-BitsAndBytes,Qwen2.5-Coder-7B,BitsAndBytes,BigCodeBench/317,12.0,0,0,0,1.0,0.0
BCB-Python-Qwen2.5-Coder-7B-BitsAndBytes,Qwen2.5-Coder-7B,BitsAndBytes,BigCodeBench/318,16.0,0,1,0,2.0,1.0
BCB-Python-Qwen2.5-Coder-7B-BitsAndBytes,Qwen2.5-Coder-7B,BitsAndBytes,BigCodeBench/319,18.0,0,1,0,1.0,0.0
BCB-Python-Qwen2.5-Coder-7B-BitsAndBytes,Qwen2.5-Coder-7B,BitsAndBytes,BigCodeBench/320,16.0,0,0,0,3.0,3.0
BCB-Python-Qwen2.5-Coder-7B-BitsAndBytes,Qwen2.5-Coder-7B,BitsAndBytes,BigCodeBench/321,14.0,0,0,0,6.0,5.0
BCB-Python-Qwen2.5-Coder-7B-BitsAndBytes,Qwen2.5-Coder-7B,BitsAndBytes,BigCodeBench/322,35.0,0,0,0,3.0,7.0
BCB-Python-Qwen2.5-Coder-7B-BitsAndBytes,Qwen2.5-Coder-7B,BitsAndBytes,BigCodeBench/323,20.0,0,1,0,3.0,2.0
BCB-Python-Qwen2.5-Coder-7B-BitsAndBytes,Qwen2.5-Coder-7B,BitsAndBytes,BigCodeBench/324,22.0,0,0,0,4.0,4.0
BCB-Python-Qwen2.5-Coder-7B-BitsAndBytes,Qwen2.5-Coder-7B,BitsAndBytes,BigCodeBench/325,14.0,0,0,0,2.0,1.0
BCB-Python-Qwen2.5-Coder-7B-BitsAndBytes,Qwen2.5-Coder-7B,BitsAndBytes,BigCodeBench/326,18.0,1,1,0,3.0,4.0
BCB-Python-Qwen2.5-Coder-7B-BitsAndBytes,Qwen2.5-Coder-7B,BitsAndBytes,BigCodeBench/327,12.0,0,0,0,2.0,1.0
BCB-Python-Qwen2.5-Coder-7B-BitsAndBytes,Qwen2.5-Coder-7B,BitsAndBytes,BigCodeBench/328,7.0,0,0,0,1.0,0.0
BCB-Python-Qwen2.5-Coder-7B-BitsAndBytes,Qwen2.5-Coder-7B,BitsAndBytes,BigCodeBench/329,13.0,0,0,0,2.0,1.0
BCB-Python-Qwen2.5-Coder-7B-BitsAndBytes,Qwen2.5-Coder-7B,BitsAndBytes,BigCodeBench/330,6.0,0,0,0,1.0,0.0
BCB-Python-Qwen2.5-Coder-7B-BitsAndBytes,Qwen2.5-Coder-7B,BitsAndBytes,BigCodeBench/331,9.0,0,0,0,2.0,1.0
BCB-Python-Qwen2.5-Coder-7B-BitsAndBytes,Qwen2.5-Coder-7B,BitsAndBytes,BigCodeBench/332,11.0,0,0,0,2.0,0.0
BCB-Python-Qwen2.5-Coder-7B-BitsAndBytes,Qwen2.5-Coder-7B,BitsAndBytes,BigCodeBench/333,6.0,0,0,0,1.0,0.0
BCB-Python-Qwen2.5-Coder-7B-BitsAndBytes,Qwen2.5-Coder-7B,BitsAndBytes,BigCodeBench/334,8.0,0,0,0,1.0,0.0
BCB-Python-Qwen2.5-Coder-7B-BitsAndBytes,Qwen2.5-Coder-7B,BitsAndBytes,BigCodeBench/335,15.0,0,0,0,3.0,2.0
BCB-Python-Qwen2.5-Coder-7B-BitsAndBytes,Qwen2.5-Coder-7B,BitsAndBytes,BigCodeBench/336,19.0,0,0,0,4.0,9.0
BCB-Python-Qwen2.5-Coder-7B-BitsAndBytes,Qwen2.5-Coder-7B,BitsAndBytes,BigCodeBench/337,24.0,0,1,0,3.0,2.0
BCB-Python-Qwen2.5-Coder-7B-BitsAndBytes,Qwen2.5-Coder-7B,BitsAndBytes,BigCodeBench/338,19.0,0,1,0,3.0,4.0
BCB-Python-Qwen2.5-Coder-7B-BitsAndBytes,Qwen2.5-Coder-7B,BitsAndBytes,BigCodeBench/339,14.0,0,0,0,2.0,1.0
BCB-Python-Qwen2.5-Coder-7B-BitsAndBytes,Qwen2.5-Coder-7B,BitsAndBytes,BigCodeBench/340,9.0,0,0,0,2.0,1.0
BCB-Python-Qwen2.5-Coder-7B-BitsAndBytes,Qwen2.5-Coder-7B,BitsAndBytes,BigCodeBench/341,20.0,0,0,0,5.0,5.0
BCB-Python-Qwen2.5-Coder-7B-BitsAndBytes,Qwen2.5-Coder-7B,BitsAndBytes,BigCodeBench/342,12.0,0,0,0,2.0,0.0
BCB-Python-Qwen2.5-Coder-7B-BitsAndBytes,Qwen2.5-Coder-7B,BitsAndBytes,BigCodeBench/343,16.0,0,1,0,5.0,4.0
BCB-Python-Qwen2.5-Coder-7B-BitsAndBytes,Qwen2.5-Coder-7B,BitsAndBytes,BigCodeBench/344,12.0,0,0,0,2.0,2.0
BCB-Python-Qwen2.5-Coder-7B-BitsAndBytes,Qwen2.5-Coder-7B,BitsAndBytes,BigCodeBench/345,14.0,0,0,0,7.0,6.0
BCB-Python-Qwen2.5-Coder-7B-BitsAndBytes,Qwen2.5-Coder-7B,BitsAndBytes,BigCodeBench/346,17.0,0,0,0,4.0,5.0
BCB-Python-Qwen2.5-Coder-7B-BitsAndBytes,Qwen2.5-Coder-7B,BitsAndBytes,BigCodeBench/347,10.0,0,0,0,2.0,1.0
BCB-Python-Qwen2.5-Coder-7B-BitsAndBytes,Qwen2.5-Coder-7B,BitsAndBytes,BigCodeBench/348,17.0,0,0,0,4.0,3.0
BCB-Python-Qwen2.5-Coder-7B-BitsAndBytes,Qwen2.5-Coder-7B,BitsAndBytes,BigCodeBench/349,17.0,0,0,0,3.0,3.0
BCB-Python-Qwen2.5-Coder-7B-BitsAndBytes,Qwen2.5-Coder-7B,BitsAndBytes,BigCodeBench/350,22.0,0,1,0,4.0,5.0
BCB-Python-Qwen2.5-Coder-7B-BitsAndBytes,Qwen2.5-Coder-7B,BitsAndBytes,BigCodeBench/351,16.0,0,0,0,3.0,3.0
BCB-Python-Qwen2.5-Coder-7B-BitsAndBytes,Qwen2.5-Coder-7B,BitsAndBytes,BigCodeBench/352,15.0,0,0,0,2.0,1.0
BCB-Python-Qwen2.5-Coder-7B-BitsAndBytes,Qwen2.5-Coder-7B,BitsAndBytes,BigCodeBench/353,18.0,0,0,0,3.0,3.0
BCB-Python-Qwen2.5-Coder-7B-BitsAndBytes,Qwen2.5-Coder-7B,BitsAndBytes,BigCodeBench/354,19.0,0,1,0,6.0,15.0
BCB-Python-Qwen2.5-Coder-7B-BitsAndBytes,Qwen2.5-Coder-7B,BitsAndBytes,BigCodeBench/355,19.0,0,0,0,1.0,0.0
BCB-Python-Qwen2.5-Coder-7B-BitsAndBytes,Qwen2.5-Coder-7B,BitsAndBytes,BigCodeBench/356,15.0,0,0,0,4.0,3.0
BCB-Python-Qwen2.5-Coder-7B-BitsAndBytes,Qwen2.5-Coder-7B,BitsAndBytes,BigCodeBench/357,19.0,0,0,0,2.0,1.0
BCB-Python-Qwen2.5-Coder-7B-BitsAndBytes,Qwen2.5-Coder-7B,BitsAndBytes,BigCodeBench/358,12.0,0,0,0,3.0,3.0
BCB-Python-Qwen2.5-Coder-7B-BitsAndBytes,Qwen2.5-Coder-7B,BitsAndBytes,BigCodeBench/359,15.0,1,1,0,1.0,0.0
BCB-Python-Qwen2.5-Coder-7B-BitsAndBytes,Qwen2.5-Coder-7B,BitsAndBytes,BigCodeBench/360,21.0,0,0,0,2.0,2.0
BCB-Python-Qwen2.5-Coder-7B-BitsAndBytes,Qwen2.5-Coder-7B,BitsAndBytes,BigCodeBench/361,15.0,0,0,0,1.0,2.0
BCB-Python-Qwen2.5-Coder-7B-BitsAndBytes,Qwen2.5-Coder-7B,BitsAndBytes,BigCodeBench/362,11.0,0,0,0,2.0,2.0
BCB-Python-Qwen2.5-Coder-7B-BitsAndBytes,Qwen2.5-Coder-7B,BitsAndBytes,BigCodeBench/363,12.0,0,0,0,5.0,3.0
BCB-Python-Qwen2.5-Coder-7B-BitsAndBytes,Qwen2.5-Coder-7B,BitsAndBytes,BigCodeBench/364,14.0,0,2,0,2.0,1.0
BCB-Python-Qwen2.5-Coder-7B-BitsAndBytes,Qwen2.5-Coder-7B,BitsAndBytes,BigCodeBench/365,11.0,0,0,0,1.0,0.0
BCB-Python-Qwen2.5-Coder-7B-BitsAndBytes,Qwen2.5-Coder-7B,BitsAndBytes,BigCodeBench/366,11.0,0,3,0,1.0,0.0
BCB-Python-Qwen2.5-Coder-7B-BitsAndBytes,Qwen2.5-Coder-7B,BitsAndBytes,BigCodeBench/367,18.0,0,1,0,3.0,2.0
BCB-Python-Qwen2.5-Coder-7B-BitsAndBytes,Qwen2.5-Coder-7B,BitsAndBytes,BigCodeBench/368,13.0,0,0,0,3.0,1.0
BCB-Python-Qwen2.5-Coder-7B-BitsAndBytes,Qwen2.5-Coder-7B,BitsAndBytes,BigCodeBench/369,14.0,0,4,0,1.0,0.0
BCB-Python-Qwen2.5-Coder-7B-BitsAndBytes,Qwen2.5-Coder-7B,BitsAndBytes,BigCodeBench/370,20.0,0,1,0,3.0,4.0
BCB-Python-Qwen2.5-Coder-7B-BitsAndBytes,Qwen2.5-Coder-7B,BitsAndBytes,BigCodeBench/371,8.0,0,0,0,1.0,0.0
BCB-Python-Qwen2.5-Coder-7B-BitsAndBytes,Qwen2.5-Coder-7B,BitsAndBytes,BigCodeBench/372,13.0,0,1,0,3.0,3.0
BCB-Python-Qwen2.5-Coder-7B-BitsAndBytes,Qwen2.5-Coder-7B,BitsAndBytes,BigCodeBench/373,22.0,1,2,0,3.0,2.0
BCB-Python-Qwen2.5-Coder-7B-BitsAndBytes,Qwen2.5-Coder-7B,BitsAndBytes,BigCodeBench/374,21.0,0,2,0,6.0,17.0
BCB-Python-Qwen2.5-Coder-7B-BitsAndBytes,Qwen2.5-Coder-7B,BitsAndBytes,BigCodeBench/375,13.0,0,5,0,1.0,0.0
BCB-Python-Qwen2.5-Coder-7B-BitsAndBytes,Qwen2.5-Coder-7B,BitsAndBytes,BigCodeBench/376,12.0,0,0,0,2.0,0.0
BCB-Python-Qwen2.5-Coder-7B-BitsAndBytes,Qwen2.5-Coder-7B,BitsAndBytes,BigCodeBench/377,16.0,0,0,0,1.0,0.0
BCB-Python-Qwen2.5-Coder-7B-BitsAndBytes,Qwen2.5-Coder-7B,BitsAndBytes,BigCodeBench/378,26.0,0,0,0,5.0,9.0
BCB-Python-Qwen2.5-Coder-7B-BitsAndBytes,Qwen2.5-Coder-7B,BitsAndBytes,BigCodeBench/379,7.0,0,1,0,1.0,0.0
BCB-Python-Qwen2.5-Coder-7B-BitsAndBytes,Qwen2.5-Coder-7B,BitsAndBytes,BigCodeBench/380,14.0,0,0,0,5.0,9.0
BCB-Python-Qwen2.5-Coder-7B-BitsAndBytes,Qwen2.5-Coder-7B,BitsAndBytes,BigCodeBench/381,25.0,0,2,0,3.0,2.0
BCB-Python-Qwen2.5-Coder-7B-BitsAndBytes,Qwen2.5-Coder-7B,BitsAndBytes,BigCodeBench/382,17.0,0,2,0,1.0,0.0
BCB-Python-Qwen2.5-Coder-7B-BitsAndBytes,Qwen2.5-Coder-7B,BitsAndBytes,BigCodeBench/383,19.0,0,0,0,2.0,1.0
BCB-Python-Qwen2.5-Coder-7B-BitsAndBytes,Qwen2.5-Coder-7B,BitsAndBytes,BigCodeBench/384,16.0,0,0,0,5.0,6.0
BCB-Python-Qwen2.5-Coder-7B-BitsAndBytes,Qwen2.5-Coder-7B,BitsAndBytes,BigCodeBench/385,14.0,0,1,0,3.0,3.0
BCB-Python-Qwen2.5-Coder-7B-BitsAndBytes,Qwen2.5-Coder-7B,BitsAndBytes,BigCodeBench/386,8.0,0,1,0,1.0,0.0
BCB-Python-Qwen2.5-Coder-7B-BitsAndBytes,Qwen2.5-Coder-7B,BitsAndBytes,BigCodeBench/387,21.0,0,2,0,3.0,4.0
BCB-Python-Qwen2.5-Coder-7B-BitsAndBytes,Qwen2.5-Coder-7B,BitsAndBytes,BigCodeBench/388,15.0,0,0,0,5.0,10.0
BCB-Python-Qwen2.5-Coder-7B-BitsAndBytes,Qwen2.5-Coder-7B,BitsAndBytes,BigCodeBench/389,19.0,0,0,0,6.0,8.0
BCB-Python-Qwen2.5-Coder-7B-BitsAndBytes,Qwen2.5-Coder-7B,BitsAndBytes,BigCodeBench/390,13.0,0,0,0,3.0,2.0
BCB-Python-Qwen2.5-Coder-7B-BitsAndBytes,Qwen2.5-Coder-7B,BitsAndBytes,BigCodeBench/391,16.0,0,0,0,3.0,4.0
BCB-Python-Qwen2.5-Coder-7B-BitsAndBytes,Qwen2.5-Coder-7B,BitsAndBytes,BigCodeBench/392,20.0,0,1,0,3.0,2.0
BCB-Python-Qwen2.5-Coder-7B-BitsAndBytes,Qwen2.5-Coder-7B,BitsAndBytes,BigCodeBench/393,16.0,0,1,0,1.0,0.0
BCB-Python-Qwen2.5-Coder-7B-BitsAndBytes,Qwen2.5-Coder-7B,BitsAndBytes,BigCodeBench/394,8.0,0,0,0,1.0,0.0
BCB-Python-Qwen2.5-Coder-7B-BitsAndBytes,Qwen2.5-Coder-7B,BitsAndBytes,BigCodeBench/395,21.0,0,0,0,5.0,5.0
BCB-Python-Qwen2.5-Coder-7B-BitsAndBytes,Qwen2.5-Coder-7B,BitsAndBytes,BigCodeBench/396,15.0,0,2,0,1.0,0.0
BCB-Python-Qwen2.5-Coder-7B-BitsAndBytes,Qwen2.5-Coder-7B,BitsAndBytes,BigCodeBench/397,20.0,0,4,0,2.0,5.0
BCB-Python-Qwen2.5-Coder-7B-BitsAndBytes,Qwen2.5-Coder-7B,BitsAndBytes,BigCodeBench/398,14.0,0,0,0,4.0,5.0
BCB-Python-Qwen2.5-Coder-7B-BitsAndBytes,Qwen2.5-Coder-7B,BitsAndBytes,BigCodeBench/399,18.0,0,0,0,3.0,2.0
BCB-Python-Qwen2.5-Coder-7B-BitsAndBytes,Qwen2.5-Coder-7B,BitsAndBytes,BigCodeBench/400,26.0,0,0,0,9.0,18.0
BCB-Python-Qwen2.5-Coder-7B-BitsAndBytes,Qwen2.5-Coder-7B,BitsAndBytes,BigCodeBench/401,20.0,0,0,0,1.0,0.0
BCB-Python-Qwen2.5-Coder-7B-BitsAndBytes,Qwen2.5-Coder-7B,BitsAndBytes,BigCodeBench/402,27.0,0,0,0,6.0,12.0
BCB-Python-Qwen2.5-Coder-7B-BitsAndBytes,Qwen2.5-Coder-7B,BitsAndBytes,BigCodeBench/403,17.0,0,0,0,2.0,1.0
BCB-Python-Qwen2.5-Coder-7B-BitsAndBytes,Qwen2.5-Coder-7B,BitsAndBytes,BigCodeBench/404,10.0,0,0,0,2.0,1.0
BCB-Python-Qwen2.5-Coder-7B-BitsAndBytes,Qwen2.5-Coder-7B,BitsAndBytes,BigCodeBench/405,7.0,0,1,0,1.0,0.0
BCB-Python-Qwen2.5-Coder-7B-BitsAndBytes,Qwen2.5-Coder-7B,BitsAndBytes,BigCodeBench/406,18.0,0,1,0,2.0,1.0
BCB-Python-Qwen2.5-Coder-7B-BitsAndBytes,Qwen2.5-Coder-7B,BitsAndBytes,BigCodeBench/407,12.0,0,0,0,2.0,1.0
BCB-Python-Qwen2.5-Coder-7B-BitsAndBytes,Qwen2.5-Coder-7B,BitsAndBytes,BigCodeBench/408,7.0,0,0,0,1.0,0.0
BCB-Python-Qwen2.5-Coder-7B-BitsAndBytes,Qwen2.5-Coder-7B,BitsAndBytes,BigCodeBench/409,19.0,0,0,0,2.0,2.0
BCB-Python-Qwen2.5-Coder-7B-BitsAndBytes,Qwen2.5-Coder-7B,BitsAndBytes,BigCodeBench/410,17.0,0,0,0,3.0,3.0
BCB-Python-Qwen2.5-Coder-7B-BitsAndBytes,Qwen2.5-Coder-7B,BitsAndBytes,BigCodeBench/411,10.0,0,1,0,2.0,1.0
BCB-Python-Qwen2.5-Coder-7B-BitsAndBytes,Qwen2.5-Coder-7B,BitsAndBytes,BigCodeBench/412,13.0,0,0,0,2.0,1.0
BCB-Python-Qwen2.5-Coder-7B-BitsAndBytes,Qwen2.5-Coder-7B,BitsAndBytes,BigCodeBench/413,13.0,0,0,0,1.0,0.0
BCB-Python-Qwen2.5-Coder-7B-BitsAndBytes,Qwen2.5-Coder-7B,BitsAndBytes,BigCodeBench/414,12.0,0,1,0,3.0,3.0
BCB-Python-Qwen2.5-Coder-7B-BitsAndBytes,Qwen2.5-Coder-7B,BitsAndBytes,BigCodeBench/415,9.0,0,0,0,3.0,2.0
BCB-Python-Qwen2.5-Coder-7B-BitsAndBytes,Qwen2.5-Coder-7B,BitsAndBytes,BigCodeBench/416,13.0,0,2,0,2.0,1.0
BCB-Python-Qwen2.5-Coder-7B-BitsAndBytes,Qwen2.5-Coder-7B,BitsAndBytes,BigCodeBench/417,21.0,0,1,0,1.0,0.0
BCB-Python-Qwen2.5-Coder-7B-BitsAndBytes,Qwen2.5-Coder-7B,BitsAndBytes,BigCodeBench/418,27.0,0,2,0,1.0,0.0
BCB-Python-Qwen2.5-Coder-7B-BitsAndBytes,Qwen2.5-Coder-7B,BitsAndBytes,BigCodeBench/419,21.0,0,2,0,1.0,0.0
BCB-Python-Qwen2.5-Coder-7B-BitsAndBytes,Qwen2.5-Coder-7B,BitsAndBytes,BigCodeBench/420,12.0,0,0,0,2.0,3.0
BCB-Python-Qwen2.5-Coder-7B-BitsAndBytes,Qwen2.5-Coder-7B,BitsAndBytes,BigCodeBench/421,31.0,0,0,0,4.0,5.0
BCB-Python-Qwen2.5-Coder-7B-BitsAndBytes,Qwen2.5-Coder-7B,BitsAndBytes,BigCodeBench/422,9.0,0,0,0,2.0,1.0
BCB-Python-Qwen2.5-Coder-7B-BitsAndBytes,Qwen2.5-Coder-7B,BitsAndBytes,BigCodeBench/423,12.0,0,0,0,5.0,3.0
BCB-Python-Qwen2.5-Coder-7B-BitsAndBytes,Qwen2.5-Coder-7B,BitsAndBytes,BigCodeBench/424,19.0,0,0,0,5.0,4.0
BCB-Python-Qwen2.5-Coder-7B-BitsAndBytes,Qwen2.5-Coder-7B,BitsAndBytes,BigCodeBench/425,22.0,0,0,0,2.0,1.0
BCB-Python-Qwen2.5-Coder-7B-BitsAndBytes,Qwen2.5-Coder-7B,BitsAndBytes,BigCodeBench/426,12.0,0,0,0,5.0,3.0
BCB-Python-Qwen2.5-Coder-7B-BitsAndBytes,Qwen2.5-Coder-7B,BitsAndBytes,BigCodeBench/427,23.0,0,2,0,1.0,0.0
BCB-Python-Qwen2.5-Coder-7B-BitsAndBytes,Qwen2.5-Coder-7B,BitsAndBytes,BigCodeBench/428,10.0,0,1,0,1.0,0.0
BCB-Python-Qwen2.5-Coder-7B-BitsAndBytes,Qwen2.5-Coder-7B,BitsAndBytes,BigCodeBench/429,18.0,0,1,0,1.0,0.0
BCB-Python-Qwen2.5-Coder-7B-BitsAndBytes,Qwen2.5-Coder-7B,BitsAndBytes,BigCodeBench/430,14.0,0,2,0,1.0,0.0
BCB-Python-Qwen2.5-Coder-7B-BitsAndBytes,Qwen2.5-Coder-7B,BitsAndBytes,BigCodeBench/431,15.0,0,0,0,3.0,3.0
BCB-Python-Qwen2.5-Coder-7B-BitsAndBytes,Qwen2.5-Coder-7B,BitsAndBytes,BigCodeBench/432,15.0,0,4,0,1.0,0.0
BCB-Python-Qwen2.5-Coder-7B-BitsAndBytes,Qwen2.5-Coder-7B,BitsAndBytes,BigCodeBench/433,9.0,0,0,0,1.0,0.0
BCB-Python-Qwen2.5-Coder-7B-BitsAndBytes,Qwen2.5-Coder-7B,BitsAndBytes,BigCodeBench/434,21.0,0,0,0,3.0,3.0
BCB-Python-Qwen2.5-Coder-7B-BitsAndBytes,Qwen2.5-Coder-7B,BitsAndBytes,BigCodeBench/435,15.0,0,0,0,1.0,0.0
BCB-Python-Qwen2.5-Coder-7B-BitsAndBytes,Qwen2.5-Coder-7B,BitsAndBytes,BigCodeBench/436,17.0,0,2,0,5.0,4.0
BCB-Python-Qwen2.5-Coder-7B-BitsAndBytes,Qwen2.5-Coder-7B,BitsAndBytes,BigCodeBench/437,7.0,0,0,0,1.0,0.0
BCB-Python-Qwen2.5-Coder-7B-BitsAndBytes,Qwen2.5-Coder-7B,BitsAndBytes,BigCodeBench/438,14.0,0,0,0,2.0,1.0
BCB-Python-Qwen2.5-Coder-7B-BitsAndBytes,Qwen2.5-Coder-7B,BitsAndBytes,BigCodeBench/439,11.0,0,3,0,3.0,2.0
BCB-Python-Qwen2.5-Coder-7B-BitsAndBytes,Qwen2.5-Coder-7B,BitsAndBytes,BigCodeBench/440,12.0,0,2,0,2.0,1.0
BCB-Python-Qwen2.5-Coder-7B-BitsAndBytes,Qwen2.5-Coder-7B,BitsAndBytes,BigCodeBench/441,16.0,0,2,0,4.0,3.0
BCB-Python-Qwen2.5-Coder-7B-BitsAndBytes,Qwen2.5-Coder-7B,BitsAndBytes,BigCodeBench/442,14.0,0,6,0,1.0,0.0
BCB-Python-Qwen2.5-Coder-7B-BitsAndBytes,Qwen2.5-Coder-7B,BitsAndBytes,BigCodeBench/443,19.0,0,3,0,1.0,0.0
BCB-Python-Qwen2.5-Coder-7B-BitsAndBytes,Qwen2.5-Coder-7B,BitsAndBytes,BigCodeBench/444,11.0,0,1,0,2.0,1.0
BCB-Python-Qwen2.5-Coder-7B-BitsAndBytes,Qwen2.5-Coder-7B,BitsAndBytes,BigCodeBench/445,13.0,0,2,0,4.0,2.0
BCB-Python-Qwen2.5-Coder-7B-BitsAndBytes,Qwen2.5-Coder-7B,BitsAndBytes,BigCodeBench/446,11.0,0,1,0,1.0,0.0
BCB-Python-Qwen2.5-Coder-7B-BitsAndBytes,Qwen2.5-Coder-7B,BitsAndBytes,BigCodeBench/447,20.0,0,1,0,2.0,2.0
BCB-Python-Qwen2.5-Coder-7B-BitsAndBytes,Qwen2.5-Coder-7B,BitsAndBytes,BigCodeBench/448,13.0,0,1,0,1.0,0.0
BCB-Python-Qwen2.5-Coder-7B-BitsAndBytes,Qwen2.5-Coder-7B,BitsAndBytes,BigCodeBench/449,14.0,0,1,0,2.0,1.0
BCB-Python-Qwen2.5-Coder-7B-BitsAndBytes,Qwen2.5-Coder-7B,BitsAndBytes,BigCodeBench/450,20.0,0,1,0,3.0,3.0
BCB-Python-Qwen2.5-Coder-7B-BitsAndBytes,Qwen2.5-Coder-7B,BitsAndBytes,BigCodeBench/451,18.0,0,5,0,3.0,3.0
BCB-Python-Qwen2.5-Coder-7B-BitsAndBytes,Qwen2.5-Coder-7B,BitsAndBytes,BigCodeBench/452,16.0,0,0,0,2.0,1.0
BCB-Python-Qwen2.5-Coder-7B-BitsAndBytes,Qwen2.5-Coder-7B,BitsAndBytes,BigCodeBench/453,8.0,0,0,0,3.0,3.0
BCB-Python-Qwen2.5-Coder-7B-BitsAndBytes,Qwen2.5-Coder-7B,BitsAndBytes,BigCodeBench/454,17.0,0,0,0,5.0,5.0
BCB-Python-Qwen2.5-Coder-7B-BitsAndBytes,Qwen2.5-Coder-7B,BitsAndBytes,BigCodeBench/455,14.0,0,1,0,1.0,0.0
BCB-Python-Qwen2.5-Coder-7B-BitsAndBytes,Qwen2.5-Coder-7B,BitsAndBytes,BigCodeBench/456,11.0,0,0,0,1.0,0.0
BCB-Python-Qwen2.5-Coder-7B-BitsAndBytes,Qwen2.5-Coder-7B,BitsAndBytes,BigCodeBench/457,9.0,0,1,0,5.0,2.0
BCB-Python-Qwen2.5-Coder-7B-BitsAndBytes,Qwen2.5-Coder-7B,BitsAndBytes,BigCodeBench/458,25.0,0,0,0,5.0,10.0
BCB-Python-Qwen2.5-Coder-7B-BitsAndBytes,Qwen2.5-Coder-7B,BitsAndBytes,BigCodeBench/459,26.0,0,0,0,7.0,9.0
BCB-Python-Qwen2.5-Coder-7B-BitsAndBytes,Qwen2.5-Coder-7B,BitsAndBytes,BigCodeBench/460,23.0,0,1,0,2.0,5.0
BCB-Python-Qwen2.5-Coder-7B-BitsAndBytes,Qwen2.5-Coder-7B,BitsAndBytes,BigCodeBench/461,31.0,0,1,0,7.0,10.0
BCB-Python-Qwen2.5-Coder-7B-BitsAndBytes,Qwen2.5-Coder-7B,BitsAndBytes,BigCodeBench/462,16.0,0,0,0,3.0,2.0
BCB-Python-Qwen2.5-Coder-7B-BitsAndBytes,Qwen2.5-Coder-7B,BitsAndBytes,BigCodeBench/463,15.0,0,1,0,2.0,2.0
BCB-Python-Qwen2.5-Coder-7B-BitsAndBytes,Qwen2.5-Coder-7B,BitsAndBytes,BigCodeBench/464,12.0,0,0,0,3.0,2.0
BCB-Python-Qwen2.5-Coder-7B-BitsAndBytes,Qwen2.5-Coder-7B,BitsAndBytes,BigCodeBench/465,19.0,0,0,0,3.0,5.0
BCB-Python-Qwen2.5-Coder-7B-BitsAndBytes,Qwen2.5-Coder-7B,BitsAndBytes,BigCodeBench/466,13.0,0,0,0,3.0,1.0
BCB-Python-Qwen2.5-Coder-7B-BitsAndBytes,Qwen2.5-Coder-7B,BitsAndBytes,BigCodeBench/467,11.0,0,1,0,1.0,0.0
BCB-Python-Qwen2.5-Coder-7B-BitsAndBytes,Qwen2.5-Coder-7B,BitsAndBytes,BigCodeBench/468,13.0,0,1,0,3.0,3.0
BCB-Python-Qwen2.5-Coder-7B-BitsAndBytes,Qwen2.5-Coder-7B,BitsAndBytes,BigCodeBench/469,15.0,0,1,0,2.0,0.0
BCB-Python-Qwen2.5-Coder-7B-BitsAndBytes,Qwen2.5-Coder-7B,BitsAndBytes,BigCodeBench/470,9.0,0,1,0,1.0,0.0
BCB-Python-Qwen2.5-Coder-7B-BitsAndBytes,Qwen2.5-Coder-7B,BitsAndBytes,BigCodeBench/471,6.0,0,1,0,1.0,0.0
BCB-Python-Qwen2.5-Coder-7B-BitsAndBytes,Qwen2.5-Coder-7B,BitsAndBytes,BigCodeBench/472,14.0,0,2,0,4.0,3.0
BCB-Python-Qwen2.5-Coder-7B-BitsAndBytes,Qwen2.5-Coder-7B,BitsAndBytes,BigCodeBench/473,15.0,0,2,0,6.0,5.0
BCB-Python-Qwen2.5-Coder-7B-BitsAndBytes,Qwen2.5-Coder-7B,BitsAndBytes,BigCodeBench/474,15.0,0,3,0,1.0,0.0
BCB-Python-Qwen2.5-Coder-7B-BitsAndBytes,Qwen2.5-Coder-7B,BitsAndBytes,BigCodeBench/475,18.0,0,0,0,6.0,5.0
BCB-Python-Qwen2.5-Coder-7B-BitsAndBytes,Qwen2.5-Coder-7B,BitsAndBytes,BigCodeBench/476,17.0,0,2,0,2.0,0.0
BCB-Python-Qwen2.5-Coder-7B-BitsAndBytes,Qwen2.5-Coder-7B,BitsAndBytes,BigCodeBench/477,21.0,0,7,0,3.0,3.0
BCB-Python-Qwen2.5-Coder-7B-BitsAndBytes,Qwen2.5-Coder-7B,BitsAndBytes,BigCodeBench/478,17.0,0,0,0,5.0,5.0
BCB-Python-Qwen2.5-Coder-7B-BitsAndBytes,Qwen2.5-Coder-7B,BitsAndBytes,BigCodeBench/479,23.0,0,0,0,3.0,3.0
BCB-Python-Qwen2.5-Coder-7B-BitsAndBytes,Qwen2.5-Coder-7B,BitsAndBytes,BigCodeBench/480,14.0,0,0,0,3.0,2.0
BCB-Python-Qwen2.5-Coder-7B-BitsAndBytes,Qwen2.5-Coder-7B,BitsAndBytes,BigCodeBench/481,14.0,0,0,0,2.0,1.0
BCB-Python-Qwen2.5-Coder-7B-BitsAndBytes,Qwen2.5-Coder-7B,BitsAndBytes,BigCodeBench/482,31.0,0,0,0,6.0,9.0
BCB-Python-Qwen2.5-Coder-7B-BitsAndBytes,Qwen2.5-Coder-7B,BitsAndBytes,BigCodeBench/483,9.0,0,0,0,4.0,2.0
BCB-Python-Qwen2.5-Coder-7B-BitsAndBytes,Qwen2.5-Coder-7B,BitsAndBytes,BigCodeBench/484,28.0,0,4,0,2.0,1.0
BCB-Python-Qwen2.5-Coder-7B-BitsAndBytes,Qwen2.5-Coder-7B,BitsAndBytes,BigCodeBench/485,23.0,0,1,0,3.0,3.0
BCB-Python-Qwen2.5-Coder-7B-BitsAndBytes,Qwen2.5-Coder-7B,BitsAndBytes,BigCodeBench/486,17.0,0,2,0,1.0,0.0
BCB-Python-Qwen2.5-Coder-7B-BitsAndBytes,Qwen2.5-Coder-7B,BitsAndBytes,BigCodeBench/487,16.0,0,0,0,4.0,4.0
BCB-Python-Qwen2.5-Coder-7B-BitsAndBytes,Qwen2.5-Coder-7B,BitsAndBytes,BigCodeBench/488,23.0,0,1,0,1.0,0.0
BCB-Python-Qwen2.5-Coder-7B-BitsAndBytes,Qwen2.5-Coder-7B,BitsAndBytes,BigCodeBench/489,21.0,0,0,0,3.0,2.0
BCB-Python-Qwen2.5-Coder-7B-BitsAndBytes,Qwen2.5-Coder-7B,BitsAndBytes,BigCodeBench/490,9.0,0,0,0,1.0,0.0
BCB-Python-Qwen2.5-Coder-7B-BitsAndBytes,Qwen2.5-Coder-7B,BitsAndBytes,BigCodeBench/491,21.0,0,2,0,5.0,4.0
BCB-Python-Qwen2.5-Coder-7B-BitsAndBytes,Qwen2.5-Coder-7B,BitsAndBytes,BigCodeBench/492,28.0,0,0,0,3.0,4.0
BCB-Python-Qwen2.5-Coder-7B-BitsAndBytes,Qwen2.5-Coder-7B,BitsAndBytes,BigCodeBench/493,25.0,0,0,0,4.0,4.0
BCB-Python-Qwen2.5-Coder-7B-BitsAndBytes,Qwen2.5-Coder-7B,BitsAndBytes,BigCodeBench/494,24.0,0,0,0,4.0,3.0
BCB-Python-Qwen2.5-Coder-7B-BitsAndBytes,Qwen2.5-Coder-7B,BitsAndBytes,BigCodeBench/495,9.0,0,1,0,1.0,0.0
BCB-Python-Qwen2.5-Coder-7B-BitsAndBytes,Qwen2.5-Coder-7B,BitsAndBytes,BigCodeBench/496,15.0,0,2,0,2.0,1.0
BCB-Python-Qwen2.5-Coder-7B-BitsAndBytes,Qwen2.5-Coder-7B,BitsAndBytes,BigCodeBench/497,11.0,0,0,0,2.0,1.0
BCB-Python-Qwen2.5-Coder-7B-BitsAndBytes,Qwen2.5-Coder-7B,BitsAndBytes,BigCodeBench/498,10.0,0,0,0,3.0,2.0
BCB-Python-Qwen2.5-Coder-7B-BitsAndBytes,Qwen2.5-Coder-7B,BitsAndBytes,BigCodeBench/499,16.0,0,0,0,1.0,0.0
BCB-Python-Qwen2.5-Coder-7B-BitsAndBytes,Qwen2.5-Coder-7B,BitsAndBytes,BigCodeBench/500,10.0,0,1,0,2.0,1.0
BCB-Python-Qwen2.5-Coder-7B-BitsAndBytes,Qwen2.5-Coder-7B,BitsAndBytes,BigCodeBench/501,16.0,0,1,0,2.0,3.0
BCB-Python-Qwen2.5-Coder-7B-BitsAndBytes,Qwen2.5-Coder-7B,BitsAndBytes,BigCodeBench/502,17.0,0,1,0,3.0,3.0
BCB-Python-Qwen2.5-Coder-7B-BitsAndBytes,Qwen2.5-Coder-7B,BitsAndBytes,BigCodeBench/503,15.0,0,1,0,2.0,1.0
BCB-Python-Qwen2.5-Coder-7B-BitsAndBytes,Qwen2.5-Coder-7B,BitsAndBytes,BigCodeBench/504,12.0,0,0,0,1.0,0.0
BCB-Python-Qwen2.5-Coder-7B-BitsAndBytes,Qwen2.5-Coder-7B,BitsAndBytes,BigCodeBench/505,5.0,0,0,0,1.0,0.0
BCB-Python-Qwen2.5-Coder-7B-BitsAndBytes,Qwen2.5-Coder-7B,BitsAndBytes,BigCodeBench/506,28.0,0,0,0,2.0,1.0
BCB-Python-Qwen2.5-Coder-7B-BitsAndBytes,Qwen2.5-Coder-7B,BitsAndBytes,BigCodeBench/507,19.0,0,0,0,3.0,2.0
BCB-Python-Qwen2.5-Coder-7B-BitsAndBytes,Qwen2.5-Coder-7B,BitsAndBytes,BigCodeBench/508,17.0,0,0,0,5.0,4.0
BCB-Python-Qwen2.5-Coder-7B-BitsAndBytes,Qwen2.5-Coder-7B,BitsAndBytes,BigCodeBench/509,32.0,0,3,0,10.0,21.0
BCB-Python-Qwen2.5-Coder-7B-BitsAndBytes,Qwen2.5-Coder-7B,BitsAndBytes,BigCodeBench/510,9.0,0,0,0,2.0,1.0
BCB-Python-Qwen2.5-Coder-7B-BitsAndBytes,Qwen2.5-Coder-7B,BitsAndBytes,BigCodeBench/511,17.0,0,1,0,2.0,1.0
BCB-Python-Qwen2.5-Coder-7B-BitsAndBytes,Qwen2.5-Coder-7B,BitsAndBytes,BigCodeBench/512,22.0,0,1,0,4.0,3.0
BCB-Python-Qwen2.5-Coder-7B-BitsAndBytes,Qwen2.5-Coder-7B,BitsAndBytes,BigCodeBench/513,24.0,0,1,0,5.0,5.0
BCB-Python-Qwen2.5-Coder-7B-BitsAndBytes,Qwen2.5-Coder-7B,BitsAndBytes,BigCodeBench/514,12.0,0,1,0,1.0,0.0
BCB-Python-Qwen2.5-Coder-7B-BitsAndBytes,Qwen2.5-Coder-7B,BitsAndBytes,BigCodeBench/515,11.0,0,0,0,3.0,2.0
BCB-Python-Qwen2.5-Coder-7B-BitsAndBytes,Qwen2.5-Coder-7B,BitsAndBytes,BigCodeBench/516,17.0,0,0,0,3.0,2.0
BCB-Python-Qwen2.5-Coder-7B-BitsAndBytes,Qwen2.5-Coder-7B,BitsAndBytes,BigCodeBench/517,8.0,0,0,0,1.0,0.0
BCB-Python-Qwen2.5-Coder-7B-BitsAndBytes,Qwen2.5-Coder-7B,BitsAndBytes,BigCodeBench/518,9.0,0,0,0,1.0,0.0
BCB-Python-Qwen2.5-Coder-7B-BitsAndBytes,Qwen2.5-Coder-7B,BitsAndBytes,BigCodeBench/519,10.0,0,0,0,1.0,0.0
BCB-Python-Qwen2.5-Coder-7B-BitsAndBytes,Qwen2.5-Coder-7B,BitsAndBytes,BigCodeBench/520,19.0,0,1,0,4.0,4.0
BCB-Python-Qwen2.5-Coder-7B-BitsAndBytes,Qwen2.5-Coder-7B,BitsAndBytes,BigCodeBench/521,11.0,0,0,0,1.0,0.0
BCB-Python-Qwen2.5-Coder-7B-BitsAndBytes,Qwen2.5-Coder-7B,BitsAndBytes,BigCodeBench/522,20.0,0,1,0,6.0,8.0
BCB-Python-Qwen2.5-Coder-7B-BitsAndBytes,Qwen2.5-Coder-7B,BitsAndBytes,BigCodeBench/523,16.0,0,0,0,5.0,7.0
BCB-Python-Qwen2.5-Coder-7B-BitsAndBytes,Qwen2.5-Coder-7B,BitsAndBytes,BigCodeBench/524,27.0,0,1,0,7.0,9.0
BCB-Python-Qwen2.5-Coder-7B-BitsAndBytes,Qwen2.5-Coder-7B,BitsAndBytes,BigCodeBench/525,31.0,0,1,0,6.0,8.0
BCB-Python-Qwen2.5-Coder-7B-BitsAndBytes,Qwen2.5-Coder-7B,BitsAndBytes,BigCodeBench/526,22.0,0,1,0,4.0,6.0
BCB-Python-Qwen2.5-Coder-7B-BitsAndBytes,Qwen2.5-Coder-7B,BitsAndBytes,BigCodeBench/527,23.0,0,0,0,5.0,7.0
BCB-Python-Qwen2.5-Coder-7B-BitsAndBytes,Qwen2.5-Coder-7B,BitsAndBytes,BigCodeBench/528,23.0,0,1,0,2.0,1.0
BCB-Python-Qwen2.5-Coder-7B-BitsAndBytes,Qwen2.5-Coder-7B,BitsAndBytes,BigCodeBench/529,19.0,0,1,0,3.0,2.0
BCB-Python-Qwen2.5-Coder-7B-BitsAndBytes,Qwen2.5-Coder-7B,BitsAndBytes,BigCodeBench/530,25.0,1,0,0,4.0,4.0
BCB-Python-Qwen2.5-Coder-7B-BitsAndBytes,Qwen2.5-Coder-7B,BitsAndBytes,BigCodeBench/531,19.0,0,1,0,2.0,1.0
BCB-Python-Qwen2.5-Coder-7B-BitsAndBytes,Qwen2.5-Coder-7B,BitsAndBytes,BigCodeBench/532,19.0,0,3,0,1.0,0.0
BCB-Python-Qwen2.5-Coder-7B-BitsAndBytes,Qwen2.5-Coder-7B,BitsAndBytes,BigCodeBench/533,18.0,0,0,0,3.0,3.0
BCB-Python-Qwen2.5-Coder-7B-BitsAndBytes,Qwen2.5-Coder-7B,BitsAndBytes,BigCodeBench/534,18.0,0,1,0,2.0,1.0
BCB-Python-Qwen2.5-Coder-7B-BitsAndBytes,Qwen2.5-Coder-7B,BitsAndBytes,BigCodeBench/535,32.0,0,2,0,4.0,3.0
BCB-Python-Qwen2.5-Coder-7B-BitsAndBytes,Qwen2.5-Coder-7B,BitsAndBytes,BigCodeBench/536,12.0,0,0,0,2.0,1.0
BCB-Python-Qwen2.5-Coder-7B-BitsAndBytes,Qwen2.5-Coder-7B,BitsAndBytes,BigCodeBench/537,13.0,0,0,0,2.0,1.0
BCB-Python-Qwen2.5-Coder-7B-BitsAndBytes,Qwen2.5-Coder-7B,BitsAndBytes,BigCodeBench/538,16.0,0,1,0,4.0,2.0
BCB-Python-Qwen2.5-Coder-7B-BitsAndBytes,Qwen2.5-Coder-7B,BitsAndBytes,BigCodeBench/539,25.0,0,0,0,5.0,4.0
BCB-Python-Qwen2.5-Coder-7B-BitsAndBytes,Qwen2.5-Coder-7B,BitsAndBytes,BigCodeBench/540,16.0,0,1,0,1.0,0.0
BCB-Python-Qwen2.5-Coder-7B-BitsAndBytes,Qwen2.5-Coder-7B,BitsAndBytes,BigCodeBench/541,16.0,0,0,0,2.0,2.0
BCB-Python-Qwen2.5-Coder-7B-BitsAndBytes,Qwen2.5-Coder-7B,BitsAndBytes,BigCodeBench/542,15.0,0,0,0,2.0,2.0
BCB-Python-Qwen2.5-Coder-7B-BitsAndBytes,Qwen2.5-Coder-7B,BitsAndBytes,BigCodeBench/543,8.0,0,0,0,1.0,0.0
BCB-Python-Qwen2.5-Coder-7B-BitsAndBytes,Qwen2.5-Coder-7B,BitsAndBytes,BigCodeBench/544,7.0,0,0,0,1.0,0.0
BCB-Python-Qwen2.5-Coder-7B-BitsAndBytes,Qwen2.5-Coder-7B,BitsAndBytes,BigCodeBench/545,10.0,0,0,0,1.0,0.0
BCB-Python-Qwen2.5-Coder-7B-BitsAndBytes,Qwen2.5-Coder-7B,BitsAndBytes,BigCodeBench/546,9.0,0,0,0,2.0,1.0
BCB-Python-Qwen2.5-Coder-7B-BitsAndBytes,Qwen2.5-Coder-7B,BitsAndBytes,BigCodeBench/547,10.0,0,0,0,1.0,0.0
BCB-Python-Qwen2.5-Coder-7B-BitsAndBytes,Qwen2.5-Coder-7B,BitsAndBytes,BigCodeBench/548,9.0,0,0,0,1.0,0.0
BCB-Python-Qwen2.5-Coder-7B-BitsAndBytes,Qwen2.5-Coder-7B,BitsAndBytes,BigCodeBench/549,7.0,0,0,0,1.0,0.0
BCB-Python-Qwen2.5-Coder-7B-BitsAndBytes,Qwen2.5-Coder-7B,BitsAndBytes,BigCodeBench/550,9.0,0,0,0,1.0,0.0
BCB-Python-Qwen2.5-Coder-7B-BitsAndBytes,Qwen2.5-Coder-7B,BitsAndBytes,BigCodeBench/551,22.0,0,0,0,3.0,3.0
BCB-Python-Qwen2.5-Coder-7B-BitsAndBytes,Qwen2.5-Coder-7B,BitsAndBytes,BigCodeBench/552,18.0,0,1,0,2.0,0.0
BCB-Python-Qwen2.5-Coder-7B-BitsAndBytes,Qwen2.5-Coder-7B,BitsAndBytes,BigCodeBench/553,8.0,0,1,0,1.0,0.0
BCB-Python-Qwen2.5-Coder-7B-BitsAndBytes,Qwen2.5-Coder-7B,BitsAndBytes,BigCodeBench/554,13.0,0,3,0,4.0,3.0
BCB-Python-Qwen2.5-Coder-7B-BitsAndBytes,Qwen2.5-Coder-7B,BitsAndBytes,BigCodeBench/555,13.0,0,4,0,1.0,0.0
BCB-Python-Qwen2.5-Coder-7B-BitsAndBytes,Qwen2.5-Coder-7B,BitsAndBytes,BigCodeBench/556,9.0,0,0,0,1.0,0.0
BCB-Python-Qwen2.5-Coder-7B-BitsAndBytes,Qwen2.5-Coder-7B,BitsAndBytes,BigCodeBench/557,27.0,0,0,0,8.0,10.0
BCB-Python-Qwen2.5-Coder-7B-BitsAndBytes,Qwen2.5-Coder-7B,BitsAndBytes,BigCodeBench/558,15.0,0,1,0,1.0,0.0
BCB-Python-Qwen2.5-Coder-7B-BitsAndBytes,Qwen2.5-Coder-7B,BitsAndBytes,BigCodeBench/559,12.0,0,1,0,1.0,0.0
BCB-Python-Qwen2.5-Coder-7B-BitsAndBytes,Qwen2.5-Coder-7B,BitsAndBytes,BigCodeBench/560,23.0,1,2,0,2.0,1.0
BCB-Python-Qwen2.5-Coder-7B-BitsAndBytes,Qwen2.5-Coder-7B,BitsAndBytes,BigCodeBench/561,10.0,0,0,0,1.0,0.0
BCB-Python-Qwen2.5-Coder-7B-BitsAndBytes,Qwen2.5-Coder-7B,BitsAndBytes,BigCodeBench/562,17.0,0,0,0,3.0,2.0
BCB-Python-Qwen2.5-Coder-7B-BitsAndBytes,Qwen2.5-Coder-7B,BitsAndBytes,BigCodeBench/563,18.0,0,0,0,3.0,4.0
BCB-Python-Qwen2.5-Coder-7B-BitsAndBytes,Qwen2.5-Coder-7B,BitsAndBytes,BigCodeBench/564,15.0,0,1,0,1.0,0.0
BCB-Python-Qwen2.5-Coder-7B-BitsAndBytes,Qwen2.5-Coder-7B,BitsAndBytes,BigCodeBench/565,16.0,0,0,0,2.0,1.0
BCB-Python-Qwen2.5-Coder-7B-BitsAndBytes,Qwen2.5-Coder-7B,BitsAndBytes,BigCodeBench/566,17.0,0,0,0,4.0,1.0
BCB-Python-Qwen2.5-Coder-7B-BitsAndBytes,Qwen2.5-Coder-7B,BitsAndBytes,BigCodeBench/567,13.0,0,1,0,1.0,0.0
BCB-Python-Qwen2.5-Coder-7B-BitsAndBytes,Qwen2.5-Coder-7B,BitsAndBytes,BigCodeBench/568,19.0,0,2,0,3.0,2.0
BCB-Python-Qwen2.5-Coder-7B-BitsAndBytes,Qwen2.5-Coder-7B,BitsAndBytes,BigCodeBench/569,18.0,0,0,0,4.0,4.0
BCB-Python-Qwen2.5-Coder-7B-BitsAndBytes,Qwen2.5-Coder-7B,BitsAndBytes,BigCodeBench/570,25.0,0,0,0,4.0,5.0
BCB-Python-Qwen2.5-Coder-7B-BitsAndBytes,Qwen2.5-Coder-7B,BitsAndBytes,BigCodeBench/571,28.0,0,0,0,7.0,7.0
BCB-Python-Qwen2.5-Coder-7B-BitsAndBytes,Qwen2.5-Coder-7B,BitsAndBytes,BigCodeBench/572,13.0,0,1,0,1.0,0.0
BCB-Python-Qwen2.5-Coder-7B-BitsAndBytes,Qwen2.5-Coder-7B,BitsAndBytes,BigCodeBench/573,25.0,0,3,0,1.0,0.0
BCB-Python-Qwen2.5-Coder-7B-BitsAndBytes,Qwen2.5-Coder-7B,BitsAndBytes,BigCodeBench/574,22.0,0,3,0,2.0,0.0
BCB-Python-Qwen2.5-Coder-7B-BitsAndBytes,Qwen2.5-Coder-7B,BitsAndBytes,BigCodeBench/575,14.0,0,0,0,3.0,3.0
BCB-Python-Qwen2.5-Coder-7B-BitsAndBytes,Qwen2.5-Coder-7B,BitsAndBytes,BigCodeBench/576,13.0,0,0,0,2.0,1.0
BCB-Python-Qwen2.5-Coder-7B-BitsAndBytes,Qwen2.5-Coder-7B,BitsAndBytes,BigCodeBench/577,27.0,0,0,0,7.0,4.0
BCB-Python-Qwen2.5-Coder-7B-BitsAndBytes,Qwen2.5-Coder-7B,BitsAndBytes,BigCodeBench/578,18.0,0,0,0,4.0,3.0
BCB-Python-Qwen2.5-Coder-7B-BitsAndBytes,Qwen2.5-Coder-7B,BitsAndBytes,BigCodeBench/579,25.0,0,1,0,4.0,2.0
BCB-Python-Qwen2.5-Coder-7B-BitsAndBytes,Qwen2.5-Coder-7B,BitsAndBytes,BigCodeBench/580,29.0,0,0,0,3.0,4.0
BCB-Python-Qwen2.5-Coder-7B-BitsAndBytes,Qwen2.5-Coder-7B,BitsAndBytes,BigCodeBench/581,14.0,0,1,0,1.0,0.0
BCB-Python-Qwen2.5-Coder-7B-BitsAndBytes,Qwen2.5-Coder-7B,BitsAndBytes,BigCodeBench/582,15.0,0,4,0,1.0,0.0
BCB-Python-Qwen2.5-Coder-7B-BitsAndBytes,Qwen2.5-Coder-7B,BitsAndBytes,BigCodeBench/583,16.0,0,0,0,1.0,0.0
BCB-Python-Qwen2.5-Coder-7B-BitsAndBytes,Qwen2.5-Coder-7B,BitsAndBytes,BigCodeBench/584,20.0,0,0,0,1.0,3.0
BCB-Python-Qwen2.5-Coder-7B-BitsAndBytes,Qwen2.5-Coder-7B,BitsAndBytes,BigCodeBench/585,25.0,0,0,0,5.0,5.0
BCB-Python-Qwen2.5-Coder-7B-BitsAndBytes,Qwen2.5-Coder-7B,BitsAndBytes,BigCodeBench/586,23.0,0,0,0,1.0,0.0
BCB-Python-Qwen2.5-Coder-7B-BitsAndBytes,Qwen2.5-Coder-7B,BitsAndBytes,BigCodeBench/587,24.0,0,0,0,1.0,0.0
BCB-Python-Qwen2.5-Coder-7B-BitsAndBytes,Qwen2.5-Coder-7B,BitsAndBytes,BigCodeBench/588,18.0,0,2,0,1.0,0.0
BCB-Python-Qwen2.5-Coder-7B-BitsAndBytes,Qwen2.5-Coder-7B,BitsAndBytes,BigCodeBench/589,23.0,0,2,0,2.0,1.0
BCB-Python-Qwen2.5-Coder-7B-BitsAndBytes,Qwen2.5-Coder-7B,BitsAndBytes,BigCodeBench/590,22.0,0,0,0,3.0,3.0
BCB-Python-Qwen2.5-Coder-7B-BitsAndBytes,Qwen2.5-Coder-7B,BitsAndBytes,BigCodeBench/591,25.0,0,1,0,2.0,1.0
BCB-Python-Qwen2.5-Coder-7B-BitsAndBytes,Qwen2.5-Coder-7B,BitsAndBytes,BigCodeBench/592,22.0,0,1,0,4.0,4.0
BCB-Python-Qwen2.5-Coder-7B-BitsAndBytes,Qwen2.5-Coder-7B,BitsAndBytes,BigCodeBench/593,29.0,0,1,0,5.0,5.0
BCB-Python-Qwen2.5-Coder-7B-BitsAndBytes,Qwen2.5-Coder-7B,BitsAndBytes,BigCodeBench/594,27.0,0,0,0,4.0,3.0
BCB-Python-Qwen2.5-Coder-7B-BitsAndBytes,Qwen2.5-Coder-7B,BitsAndBytes,BigCodeBench/595,14.0,0,0,0,3.0,2.0
BCB-Python-Qwen2.5-Coder-7B-BitsAndBytes,Qwen2.5-Coder-7B,BitsAndBytes,BigCodeBench/596,23.0,0,0,0,2.0,1.0
BCB-Python-Qwen2.5-Coder-7B-BitsAndBytes,Qwen2.5-Coder-7B,BitsAndBytes,BigCodeBench/597,7.0,0,0,0,1.0,0.0
BCB-Python-Qwen2.5-Coder-7B-BitsAndBytes,Qwen2.5-Coder-7B,BitsAndBytes,BigCodeBench/598,13.0,0,0,0,1.0,0.0
BCB-Python-Qwen2.5-Coder-7B-BitsAndBytes,Qwen2.5-Coder-7B,BitsAndBytes,BigCodeBench/599,12.0,0,0,0,1.0,0.0
BCB-Python-Qwen2.5-Coder-7B-BitsAndBytes,Qwen2.5-Coder-7B,BitsAndBytes,BigCodeBench/600,11.0,0,0,0,1.0,0.0
BCB-Python-Qwen2.5-Coder-7B-BitsAndBytes,Qwen2.5-Coder-7B,BitsAndBytes,BigCodeBench/601,16.0,0,0,0,4.0,4.0
BCB-Python-Qwen2.5-Coder-7B-BitsAndBytes,Qwen2.5-Coder-7B,BitsAndBytes,BigCodeBench/602,11.0,0,2,0,1.0,0.0
BCB-Python-Qwen2.5-Coder-7B-BitsAndBytes,Qwen2.5-Coder-7B,BitsAndBytes,BigCodeBench/603,6.0,0,0,0,1.0,0.0
BCB-Python-Qwen2.5-Coder-7B-BitsAndBytes,Qwen2.5-Coder-7B,BitsAndBytes,BigCodeBench/604,15.0,0,3,0,1.0,2.0
BCB-Python-Qwen2.5-Coder-7B-BitsAndBytes,Qwen2.5-Coder-7B,BitsAndBytes,BigCodeBench/605,9.0,1,1,0,1.0,0.0
BCB-Python-Qwen2.5-Coder-7B-BitsAndBytes,Qwen2.5-Coder-7B,BitsAndBytes,BigCodeBench/606,6.0,0,0,0,1.0,0.0
BCB-Python-Qwen2.5-Coder-7B-BitsAndBytes,Qwen2.5-Coder-7B,BitsAndBytes,BigCodeBench/607,19.0,0,1,0,5.0,5.0
BCB-Python-Qwen2.5-Coder-7B-BitsAndBytes,Qwen2.5-Coder-7B,BitsAndBytes,BigCodeBench/608,13.0,0,0,0,3.0,2.0
BCB-Python-Qwen2.5-Coder-7B-BitsAndBytes,Qwen2.5-Coder-7B,BitsAndBytes,BigCodeBench/609,18.0,0,0,0,3.0,2.0
BCB-Python-Qwen2.5-Coder-7B-BitsAndBytes,Qwen2.5-Coder-7B,BitsAndBytes,BigCodeBench/610,17.0,0,0,0,4.0,5.0
BCB-Python-Qwen2.5-Coder-7B-BitsAndBytes,Qwen2.5-Coder-7B,BitsAndBytes,BigCodeBench/611,28.0,1,0,0,6.0,6.0
BCB-Python-Qwen2.5-Coder-7B-BitsAndBytes,Qwen2.5-Coder-7B,BitsAndBytes,BigCodeBench/612,18.0,0,0,0,4.0,3.0
BCB-Python-Qwen2.5-Coder-7B-BitsAndBytes,Qwen2.5-Coder-7B,BitsAndBytes,BigCodeBench/613,16.0,0,0,0,1.0,0.0
BCB-Python-Qwen2.5-Coder-7B-BitsAndBytes,Qwen2.5-Coder-7B,BitsAndBytes,BigCodeBench/614,15.0,0,0,0,1.0,0.0
BCB-Python-Qwen2.5-Coder-7B-BitsAndBytes,Qwen2.5-Coder-7B,BitsAndBytes,BigCodeBench/615,29.0,0,1,0,5.0,9.0
BCB-Python-Qwen2.5-Coder-7B-BitsAndBytes,Qwen2.5-Coder-7B,BitsAndBytes,BigCodeBench/616,21.0,0,1,0,4.0,3.0
BCB-Python-Qwen2.5-Coder-7B-BitsAndBytes,Qwen2.5-Coder-7B,BitsAndBytes,BigCodeBench/617,24.0,0,1,0,2.0,1.0
BCB-Python-Qwen2.5-Coder-7B-BitsAndBytes,Qwen2.5-Coder-7B,BitsAndBytes,BigCodeBench/618,26.0,0,2,0,1.0,0.0
BCB-Python-Qwen2.5-Coder-7B-BitsAndBytes,Qwen2.5-Coder-7B,BitsAndBytes,BigCodeBench/619,30.0,0,1,0,4.0,5.0
BCB-Python-Qwen2.5-Coder-7B-BitsAndBytes,Qwen2.5-Coder-7B,BitsAndBytes,BigCodeBench/620,10.0,0,2,0,2.0,1.0
BCB-Python-Qwen2.5-Coder-7B-BitsAndBytes,Qwen2.5-Coder-7B,BitsAndBytes,BigCodeBench/621,15.0,0,2,0,1.0,0.0
BCB-Python-Qwen2.5-Coder-7B-BitsAndBytes,Qwen2.5-Coder-7B,BitsAndBytes,BigCodeBench/622,18.0,0,5,0,1.0,0.0
BCB-Python-Qwen2.5-Coder-7B-BitsAndBytes,Qwen2.5-Coder-7B,BitsAndBytes,BigCodeBench/623,13.0,0,3,0,1.0,0.0
BCB-Python-Qwen2.5-Coder-7B-BitsAndBytes,Qwen2.5-Coder-7B,BitsAndBytes,BigCodeBench/624,14.0,0,3,0,1.0,0.0
BCB-Python-Qwen2.5-Coder-7B-BitsAndBytes,Qwen2.5-Coder-7B,BitsAndBytes,BigCodeBench/625,11.0,0,0,0,2.0,1.0
BCB-Python-Qwen2.5-Coder-7B-BitsAndBytes,Qwen2.5-Coder-7B,BitsAndBytes,BigCodeBench/626,13.0,0,0,0,1.0,0.0
BCB-Python-Qwen2.5-Coder-7B-BitsAndBytes,Qwen2.5-Coder-7B,BitsAndBytes,BigCodeBench/627,11.0,0,0,0,2.0,1.0
BCB-Python-Qwen2.5-Coder-7B-BitsAndBytes,Qwen2.5-Coder-7B,BitsAndBytes,BigCodeBench/628,15.0,0,1,0,1.0,0.0
BCB-Python-Qwen2.5-Coder-7B-BitsAndBytes,Qwen2.5-Coder-7B,BitsAndBytes,BigCodeBench/629,13.0,1,0,0,4.0,4.0
BCB-Python-Qwen2.5-Coder-7B-BitsAndBytes,Qwen2.5-Coder-7B,BitsAndBytes,BigCodeBench/630,9.0,0,0,0,2.0,1.0
BCB-Python-Qwen2.5-Coder-7B-BitsAndBytes,Qwen2.5-Coder-7B,BitsAndBytes,BigCodeBench/631,9.0,0,0,0,2.0,1.0
BCB-Python-Qwen2.5-Coder-7B-BitsAndBytes,Qwen2.5-Coder-7B,BitsAndBytes,BigCodeBench/632,9.0,0,0,0,1.0,0.0
BCB-Python-Qwen2.5-Coder-7B-BitsAndBytes,Qwen2.5-Coder-7B,BitsAndBytes,BigCodeBench/633,11.0,0,0,0,3.0,1.0
BCB-Python-Qwen2.5-Coder-7B-BitsAndBytes,Qwen2.5-Coder-7B,BitsAndBytes,BigCodeBench/634,7.0,0,0,0,1.0,0.0
BCB-Python-Qwen2.5-Coder-7B-BitsAndBytes,Qwen2.5-Coder-7B,BitsAndBytes,BigCodeBench/635,33.0,0,2,0,8.0,10.0
BCB-Python-Qwen2.5-Coder-7B-BitsAndBytes,Qwen2.5-Coder-7B,BitsAndBytes,BigCodeBench/636,14.0,0,2,0,1.0,0.0
BCB-Python-Qwen2.5-Coder-7B-BitsAndBytes,Qwen2.5-Coder-7B,BitsAndBytes,BigCodeBench/637,18.0,0,2,0,1.0,0.0
BCB-Python-Qwen2.5-Coder-7B-BitsAndBytes,Qwen2.5-Coder-7B,BitsAndBytes,BigCodeBench/638,7.0,0,1,0,1.0,0.0
BCB-Python-Qwen2.5-Coder-7B-BitsAndBytes,Qwen2.5-Coder-7B,BitsAndBytes,BigCodeBench/639,13.0,0,1,0,1.0,0.0
BCB-Python-Qwen2.5-Coder-7B-BitsAndBytes,Qwen2.5-Coder-7B,BitsAndBytes,BigCodeBench/640,22.0,0,2,0,1.0,0.0
BCB-Python-Qwen2.5-Coder-7B-BitsAndBytes,Qwen2.5-Coder-7B,BitsAndBytes,BigCodeBench/641,12.0,0,0,0,4.0,6.0
BCB-Python-Qwen2.5-Coder-7B-BitsAndBytes,Qwen2.5-Coder-7B,BitsAndBytes,BigCodeBench/642,17.0,0,0,0,4.0,3.0
BCB-Python-Qwen2.5-Coder-7B-BitsAndBytes,Qwen2.5-Coder-7B,BitsAndBytes,BigCodeBench/643,10.0,0,0,0,3.0,1.0
BCB-Python-Qwen2.5-Coder-7B-BitsAndBytes,Qwen2.5-Coder-7B,BitsAndBytes,BigCodeBench/644,16.0,0,0,0,2.0,1.0
BCB-Python-Qwen2.5-Coder-7B-BitsAndBytes,Qwen2.5-Coder-7B,BitsAndBytes,BigCodeBench/645,9.0,0,0,0,1.0,1.0
BCB-Python-Qwen2.5-Coder-7B-BitsAndBytes,Qwen2.5-Coder-7B,BitsAndBytes,BigCodeBench/646,17.0,0,1,0,2.0,1.0
BCB-Python-Qwen2.5-Coder-7B-BitsAndBytes,Qwen2.5-Coder-7B,BitsAndBytes,BigCodeBench/647,11.0,0,0,0,1.0,0.0
BCB-Python-Qwen2.5-Coder-7B-BitsAndBytes,Qwen2.5-Coder-7B,BitsAndBytes,BigCodeBench/648,8.0,0,0,0,2.0,1.0
BCB-Python-Qwen2.5-Coder-7B-BitsAndBytes,Qwen2.5-Coder-7B,BitsAndBytes,BigCodeBench/649,10.0,0,0,0,1.0,0.0
BCB-Python-Qwen2.5-Coder-7B-BitsAndBytes,Qwen2.5-Coder-7B,BitsAndBytes,BigCodeBench/650,11.0,0,1,0,1.0,0.0
BCB-Python-Qwen2.5-Coder-7B-BitsAndBytes,Qwen2.5-Coder-7B,BitsAndBytes,BigCodeBench/651,19.0,1,1,0,3.0,2.0
BCB-Python-Qwen2.5-Coder-7B-BitsAndBytes,Qwen2.5-Coder-7B,BitsAndBytes,BigCodeBench/652,19.0,0,1,0,2.0,1.0
BCB-Python-Qwen2.5-Coder-7B-BitsAndBytes,Qwen2.5-Coder-7B,BitsAndBytes,BigCodeBench/653,8.0,0,0,0,1.0,0.0
BCB-Python-Qwen2.5-Coder-7B-BitsAndBytes,Qwen2.5-Coder-7B,BitsAndBytes,BigCodeBench/654,17.0,0,3,0,2.0,0.0
BCB-Python-Qwen2.5-Coder-7B-BitsAndBytes,Qwen2.5-Coder-7B,BitsAndBytes,BigCodeBench/655,25.0,0,1,0,4.0,1.0
BCB-Python-Qwen2.5-Coder-7B-BitsAndBytes,Qwen2.5-Coder-7B,BitsAndBytes,BigCodeBench/656,13.0,0,0,0,1.0,0.0
BCB-Python-Qwen2.5-Coder-7B-BitsAndBytes,Qwen2.5-Coder-7B,BitsAndBytes,BigCodeBench/657,14.0,0,0,0,4.0,1.0
BCB-Python-Qwen2.5-Coder-7B-BitsAndBytes,Qwen2.5-Coder-7B,BitsAndBytes,BigCodeBench/658,18.0,0,0,0,3.0,0.0
BCB-Python-Qwen2.5-Coder-7B-BitsAndBytes,Qwen2.5-Coder-7B,BitsAndBytes,BigCodeBench/659,23.0,1,1,0,2.0,1.0
BCB-Python-Qwen2.5-Coder-7B-BitsAndBytes,Qwen2.5-Coder-7B,BitsAndBytes,BigCodeBench/660,15.0,0,0,0,2.0,1.0
BCB-Python-Qwen2.5-Coder-7B-BitsAndBytes,Qwen2.5-Coder-7B,BitsAndBytes,BigCodeBench/661,10.0,0,1,0,1.0,0.0
BCB-Python-Qwen2.5-Coder-7B-BitsAndBytes,Qwen2.5-Coder-7B,BitsAndBytes,BigCodeBench/662,19.0,1,5,0,1.0,0.0
BCB-Python-Qwen2.5-Coder-7B-BitsAndBytes,Qwen2.5-Coder-7B,BitsAndBytes,BigCodeBench/663,20.0,1,2,0,3.0,1.0
BCB-Python-Qwen2.5-Coder-7B-BitsAndBytes,Qwen2.5-Coder-7B,BitsAndBytes,BigCodeBench/664,19.0,0,1,0,2.0,1.0
BCB-Python-Qwen2.5-Coder-7B-BitsAndBytes,Qwen2.5-Coder-7B,BitsAndBytes,BigCodeBench/665,15.0,0,0,0,5.0,7.0
BCB-Python-Qwen2.5-Coder-7B-BitsAndBytes,Qwen2.5-Coder-7B,BitsAndBytes,BigCodeBench/666,12.0,0,0,0,4.0,6.0
BCB-Python-Qwen2.5-Coder-7B-BitsAndBytes,Qwen2.5-Coder-7B,BitsAndBytes,BigCodeBench/667,7.0,0,0,0,1.0,0.0
BCB-Python-Qwen2.5-Coder-7B-BitsAndBytes,Qwen2.5-Coder-7B,BitsAndBytes,BigCodeBench/668,10.0,0,0,0,2.0,1.0
BCB-Python-Qwen2.5-Coder-7B-BitsAndBytes,Qwen2.5-Coder-7B,BitsAndBytes,BigCodeBench/669,11.0,0,0,0,3.0,3.0
BCB-Python-Qwen2.5-Coder-7B-BitsAndBytes,Qwen2.5-Coder-7B,BitsAndBytes,BigCodeBench/670,15.0,0,0,0,6.0,8.0
BCB-Python-Qwen2.5-Coder-7B-BitsAndBytes,Qwen2.5-Coder-7B,BitsAndBytes,BigCodeBench/671,15.0,0,0,0,3.0,2.0
BCB-Python-Qwen2.5-Coder-7B-BitsAndBytes,Qwen2.5-Coder-7B,BitsAndBytes,BigCodeBench/672,13.0,0,0,0,1.0,0.0
BCB-Python-Qwen2.5-Coder-7B-BitsAndBytes,Qwen2.5-Coder-7B,BitsAndBytes,BigCodeBench/673,14.0,0,0,0,3.0,2.0
BCB-Python-Qwen2.5-Coder-7B-BitsAndBytes,Qwen2.5-Coder-7B,BitsAndBytes,BigCodeBench/674,11.0,0,0,0,2.0,1.0
BCB-Python-Qwen2.5-Coder-7B-BitsAndBytes,Qwen2.5-Coder-7B,BitsAndBytes,BigCodeBench/675,14.0,0,0,0,3.0,2.0
BCB-Python-Qwen2.5-Coder-7B-BitsAndBytes,Qwen2.5-Coder-7B,BitsAndBytes,BigCodeBench/676,14.0,0,0,0,4.0,5.0
BCB-Python-Qwen2.5-Coder-7B-BitsAndBytes,Qwen2.5-Coder-7B,BitsAndBytes,BigCodeBench/677,11.0,1,3,0,1.0,0.0
BCB-Python-Qwen2.5-Coder-7B-BitsAndBytes,Qwen2.5-Coder-7B,BitsAndBytes,BigCodeBench/678,23.0,0,0,0,5.0,3.0
BCB-Python-Qwen2.5-Coder-7B-BitsAndBytes,Qwen2.5-Coder-7B,BitsAndBytes,BigCodeBench/679,6.0,0,0,0,1.0,0.0
BCB-Python-Qwen2.5-Coder-7B-BitsAndBytes,Qwen2.5-Coder-7B,BitsAndBytes,BigCodeBench/680,7.0,0,0,0,1.0,0.0
BCB-Python-Qwen2.5-Coder-7B-BitsAndBytes,Qwen2.5-Coder-7B,BitsAndBytes,BigCodeBench/681,9.0,0,0,0,1.0,0.0
BCB-Python-Qwen2.5-Coder-7B-BitsAndBytes,Qwen2.5-Coder-7B,BitsAndBytes,BigCodeBench/682,16.0,0,0,0,5.0,8.0
BCB-Python-Qwen2.5-Coder-7B-BitsAndBytes,Qwen2.5-Coder-7B,BitsAndBytes,BigCodeBench/683,11.0,0,0,0,2.0,1.0
BCB-Python-Qwen2.5-Coder-7B-BitsAndBytes,Qwen2.5-Coder-7B,BitsAndBytes,BigCodeBench/684,6.0,0,0,0,1.0,0.0
BCB-Python-Qwen2.5-Coder-7B-BitsAndBytes,Qwen2.5-Coder-7B,BitsAndBytes,BigCodeBench/685,6.0,0,0,0,1.0,0.0
BCB-Python-Qwen2.5-Coder-7B-BitsAndBytes,Qwen2.5-Coder-7B,BitsAndBytes,BigCodeBench/686,7.0,0,0,0,1.0,0.0
BCB-Python-Qwen2.5-Coder-7B-BitsAndBytes,Qwen2.5-Coder-7B,BitsAndBytes,BigCodeBench/687,9.0,0,0,0,1.0,0.0
BCB-Python-Qwen2.5-Coder-7B-BitsAndBytes,Qwen2.5-Coder-7B,BitsAndBytes,BigCodeBench/688,7.0,0,0,0,1.0,0.0
BCB-Python-Qwen2.5-Coder-7B-BitsAndBytes,Qwen2.5-Coder-7B,BitsAndBytes,BigCodeBench/689,8.0,0,0,0,2.0,1.0
BCB-Python-Qwen2.5-Coder-7B-BitsAndBytes,Qwen2.5-Coder-7B,BitsAndBytes,BigCodeBench/690,12.0,0,0,0,2.0,1.0
BCB-Python-Qwen2.5-Coder-7B-BitsAndBytes,Qwen2.5-Coder-7B,BitsAndBytes,BigCodeBench/691,9.0,0,1,0,1.0,0.0
BCB-Python-Qwen2.5-Coder-7B-BitsAndBytes,Qwen2.5-Coder-7B,BitsAndBytes,BigCodeBench/692,6.0,0,0,0,1.0,0.0
BCB-Python-Qwen2.5-Coder-7B-BitsAndBytes,Qwen2.5-Coder-7B,BitsAndBytes,BigCodeBench/693,7.0,0,0,0,1.0,0.0
BCB-Python-Qwen2.5-Coder-7B-BitsAndBytes,Qwen2.5-Coder-7B,BitsAndBytes,BigCodeBench/694,6.0,0,0,0,1.0,0.0
BCB-Python-Qwen2.5-Coder-7B-BitsAndBytes,Qwen2.5-Coder-7B,BitsAndBytes,BigCodeBench/695,7.0,0,1,0,1.0,0.0
BCB-Python-Qwen2.5-Coder-7B-BitsAndBytes,Qwen2.5-Coder-7B,BitsAndBytes,BigCodeBench/696,14.0,0,0,0,4.0,6.0
BCB-Python-Qwen2.5-Coder-7B-BitsAndBytes,Qwen2.5-Coder-7B,BitsAndBytes,BigCodeBench/697,14.0,0,0,0,1.0,0.0
BCB-Python-Qwen2.5-Coder-7B-BitsAndBytes,Qwen2.5-Coder-7B,BitsAndBytes,BigCodeBench/698,7.0,0,0,0,1.0,0.0
BCB-Python-Qwen2.5-Coder-7B-BitsAndBytes,Qwen2.5-Coder-7B,BitsAndBytes,BigCodeBench/699,9.0,0,0,0,1.0,0.0
BCB-Python-Qwen2.5-Coder-7B-BitsAndBytes,Qwen2.5-Coder-7B,BitsAndBytes,BigCodeBench/700,7.0,0,0,0,1.0,0.0
BCB-Python-Qwen2.5-Coder-7B-BitsAndBytes,Qwen2.5-Coder-7B,BitsAndBytes,BigCodeBench/701,9.0,0,0,0,1.0,0.0
BCB-Python-Qwen2.5-Coder-7B-BitsAndBytes,Qwen2.5-Coder-7B,BitsAndBytes,BigCodeBench/702,7.0,0,1,0,1.0,0.0
BCB-Python-Qwen2.5-Coder-7B-BitsAndBytes,Qwen2.5-Coder-7B,BitsAndBytes,BigCodeBench/703,8.0,0,0,0,1.0,0.0
BCB-Python-Qwen2.5-Coder-7B-BitsAndBytes,Qwen2.5-Coder-7B,BitsAndBytes,BigCodeBench/704,10.0,0,0,0,3.0,3.0
BCB-Python-Qwen2.5-Coder-7B-BitsAndBytes,Qwen2.5-Coder-7B,BitsAndBytes,BigCodeBench/705,7.0,0,1,0,1.0,0.0
BCB-Python-Qwen2.5-Coder-7B-BitsAndBytes,Qwen2.5-Coder-7B,BitsAndBytes,BigCodeBench/706,17.0,0,0,0,3.0,2.0
BCB-Python-Qwen2.5-Coder-7B-BitsAndBytes,Qwen2.5-Coder-7B,BitsAndBytes,BigCodeBench/707,9.0,0,0,0,1.0,0.0
BCB-Python-Qwen2.5-Coder-7B-BitsAndBytes,Qwen2.5-Coder-7B,BitsAndBytes,BigCodeBench/708,17.0,0,0,0,3.0,2.0
BCB-Python-Qwen2.5-Coder-7B-BitsAndBytes,Qwen2.5-Coder-7B,BitsAndBytes,BigCodeBench/709,12.0,0,0,0,1.0,0.0
BCB-Python-Qwen2.5-Coder-7B-BitsAndBytes,Qwen2.5-Coder-7B,BitsAndBytes,BigCodeBench/710,8.0,0,0,0,1.0,0.0
BCB-Python-Qwen2.5-Coder-7B-BitsAndBytes,Qwen2.5-Coder-7B,BitsAndBytes,BigCodeBench/711,12.0,0,0,0,2.0,1.0
BCB-Python-Qwen2.5-Coder-7B-BitsAndBytes,Qwen2.5-Coder-7B,BitsAndBytes,BigCodeBench/712,16.0,0,0,0,3.0,4.0
BCB-Python-Qwen2.5-Coder-7B-BitsAndBytes,Qwen2.5-Coder-7B,BitsAndBytes,BigCodeBench/713,17.0,0,0,0,5.0,7.0
BCB-Python-Qwen2.5-Coder-7B-BitsAndBytes,Qwen2.5-Coder-7B,BitsAndBytes,BigCodeBench/714,9.0,0,0,0,2.0,1.0
BCB-Python-Qwen2.5-Coder-7B-BitsAndBytes,Qwen2.5-Coder-7B,BitsAndBytes,BigCodeBench/715,14.0,0,0,0,1.0,1.0
BCB-Python-Qwen2.5-Coder-7B-BitsAndBytes,Qwen2.5-Coder-7B,BitsAndBytes,BigCodeBench/716,17.0,0,0,0,2.0,2.0
BCB-Python-Qwen2.5-Coder-7B-BitsAndBytes,Qwen2.5-Coder-7B,BitsAndBytes,BigCodeBench/717,15.0,0,0,0,3.0,2.0
BCB-Python-Qwen2.5-Coder-7B-BitsAndBytes,Qwen2.5-Coder-7B,BitsAndBytes,BigCodeBench/718,10.0,0,0,0,2.0,1.0
BCB-Python-Qwen2.5-Coder-7B-BitsAndBytes,Qwen2.5-Coder-7B,BitsAndBytes,BigCodeBench/719,17.0,0,0,0,4.0,9.0
BCB-Python-Qwen2.5-Coder-7B-BitsAndBytes,Qwen2.5-Coder-7B,BitsAndBytes,BigCodeBench/720,19.0,0,0,0,3.0,2.0
BCB-Python-Qwen2.5-Coder-7B-BitsAndBytes,Qwen2.5-Coder-7B,BitsAndBytes,BigCodeBench/721,18.0,0,0,0,4.0,4.0
BCB-Python-Qwen2.5-Coder-7B-BitsAndBytes,Qwen2.5-Coder-7B,BitsAndBytes,BigCodeBench/722,14.0,0,0,0,1.0,0.0
BCB-Python-Qwen2.5-Coder-7B-BitsAndBytes,Qwen2.5-Coder-7B,BitsAndBytes,BigCodeBench/723,14.0,0,0,0,2.0,1.0
BCB-Python-Qwen2.5-Coder-7B-BitsAndBytes,Qwen2.5-Coder-7B,BitsAndBytes,BigCodeBench/724,8.0,0,0,0,2.0,1.0
BCB-Python-Qwen2.5-Coder-7B-BitsAndBytes,Qwen2.5-Coder-7B,BitsAndBytes,BigCodeBench/725,14.0,0,0,0,2.0,3.0
BCB-Python-Qwen2.5-Coder-7B-BitsAndBytes,Qwen2.5-Coder-7B,BitsAndBytes,BigCodeBench/726,12.0,0,0,0,2.0,0.0
BCB-Python-Qwen2.5-Coder-7B-BitsAndBytes,Qwen2.5-Coder-7B,BitsAndBytes,BigCodeBench/727,10.0,0,0,0,1.0,0.0
BCB-Python-Qwen2.5-Coder-7B-BitsAndBytes,Qwen2.5-Coder-7B,BitsAndBytes,BigCodeBench/728,13.0,0,2,0,1.0,0.0
BCB-Python-Qwen2.5-Coder-7B-BitsAndBytes,Qwen2.5-Coder-7B,BitsAndBytes,BigCodeBench/729,13.0,0,0,0,2.0,1.0
BCB-Python-Qwen2.5-Coder-7B-BitsAndBytes,Qwen2.5-Coder-7B,BitsAndBytes,BigCodeBench/730,14.0,1,0,0,2.0,1.0
BCB-Python-Qwen2.5-Coder-7B-BitsAndBytes,Qwen2.5-Coder-7B,BitsAndBytes,BigCodeBench/731,11.0,0,0,0,1.0,0.0
BCB-Python-Qwen2.5-Coder-7B-BitsAndBytes,Qwen2.5-Coder-7B,BitsAndBytes,BigCodeBench/732,11.0,0,0,0,2.0,1.0
BCB-Python-Qwen2.5-Coder-7B-BitsAndBytes,Qwen2.5-Coder-7B,BitsAndBytes,BigCodeBench/733,17.0,0,2,0,3.0,1.0
BCB-Python-Qwen2.5-Coder-7B-BitsAndBytes,Qwen2.5-Coder-7B,BitsAndBytes,BigCodeBench/734,11.0,0,0,0,2.0,1.0
BCB-Python-Qwen2.5-Coder-7B-BitsAndBytes,Qwen2.5-Coder-7B,BitsAndBytes,BigCodeBench/735,7.0,0,1,0,1.0,0.0
BCB-Python-Qwen2.5-Coder-7B-BitsAndBytes,Qwen2.5-Coder-7B,BitsAndBytes,BigCodeBench/736,6.0,0,1,0,1.0,0.0
BCB-Python-Qwen2.5-Coder-7B-BitsAndBytes,Qwen2.5-Coder-7B,BitsAndBytes,BigCodeBench/737,7.0,0,1,0,1.0,0.0
BCB-Python-Qwen2.5-Coder-7B-BitsAndBytes,Qwen2.5-Coder-7B,BitsAndBytes,BigCodeBench/738,6.0,0,1,0,1.0,0.0
BCB-Python-Qwen2.5-Coder-7B-BitsAndBytes,Qwen2.5-Coder-7B,BitsAndBytes,BigCodeBench/739,9.0,0,0,0,2.0,1.0
BCB-Python-Qwen2.5-Coder-7B-BitsAndBytes,Qwen2.5-Coder-7B,BitsAndBytes,BigCodeBench/740,8.0,0,0,0,2.0,0.0
BCB-Python-Qwen2.5-Coder-7B-BitsAndBytes,Qwen2.5-Coder-7B,BitsAndBytes,BigCodeBench/741,8.0,0,0,0,1.0,0.0
BCB-Python-Qwen2.5-Coder-7B-BitsAndBytes,Qwen2.5-Coder-7B,BitsAndBytes,BigCodeBench/742,18.0,0,1,0,2.0,2.0
BCB-Python-Qwen2.5-Coder-7B-BitsAndBytes,Qwen2.5-Coder-7B,BitsAndBytes,BigCodeBench/743,16.0,0,2,0,7.0,21.0
BCB-Python-Qwen2.5-Coder-7B-BitsAndBytes,Qwen2.5-Coder-7B,BitsAndBytes,BigCodeBench/744,17.0,0,0,0,6.0,6.0
BCB-Python-Qwen2.5-Coder-7B-BitsAndBytes,Qwen2.5-Coder-7B,BitsAndBytes,BigCodeBench/745,13.0,0,0,0,1.0,1.0
BCB-Python-Qwen2.5-Coder-7B-BitsAndBytes,Qwen2.5-Coder-7B,BitsAndBytes,BigCodeBench/746,17.0,0,0,0,9.0,14.0
BCB-Python-Qwen2.5-Coder-7B-BitsAndBytes,Qwen2.5-Coder-7B,BitsAndBytes,BigCodeBench/747,14.0,0,0,0,3.0,3.0
BCB-Python-Qwen2.5-Coder-7B-BitsAndBytes,Qwen2.5-Coder-7B,BitsAndBytes,BigCodeBench/748,12.0,0,0,0,2.0,1.0
BCB-Python-Qwen2.5-Coder-7B-BitsAndBytes,Qwen2.5-Coder-7B,BitsAndBytes,BigCodeBench/749,7.0,0,1,0,1.0,0.0
BCB-Python-Qwen2.5-Coder-7B-BitsAndBytes,Qwen2.5-Coder-7B,BitsAndBytes,BigCodeBench/750,13.0,0,0,0,3.0,2.0
BCB-Python-Qwen2.5-Coder-7B-BitsAndBytes,Qwen2.5-Coder-7B,BitsAndBytes,BigCodeBench/751,12.0,0,0,0,2.0,1.0
BCB-Python-Qwen2.5-Coder-7B-BitsAndBytes,Qwen2.5-Coder-7B,BitsAndBytes,BigCodeBench/752,26.0,1,0,0,7.0,6.0
BCB-Python-Qwen2.5-Coder-7B-BitsAndBytes,Qwen2.5-Coder-7B,BitsAndBytes,BigCodeBench/753,14.0,0,0,0,2.0,1.0
BCB-Python-Qwen2.5-Coder-7B-BitsAndBytes,Qwen2.5-Coder-7B,BitsAndBytes,BigCodeBench/754,25.0,0,0,0,3.0,2.0
BCB-Python-Qwen2.5-Coder-7B-BitsAndBytes,Qwen2.5-Coder-7B,BitsAndBytes,BigCodeBench/755,14.0,0,0,0,2.0,1.0
BCB-Python-Qwen2.5-Coder-7B-BitsAndBytes,Qwen2.5-Coder-7B,BitsAndBytes,BigCodeBench/756,16.0,0,0,0,8.0,8.0
BCB-Python-Qwen2.5-Coder-7B-BitsAndBytes,Qwen2.5-Coder-7B,BitsAndBytes,BigCodeBench/757,7.0,0,0,0,1.0,0.0
BCB-Python-Qwen2.5-Coder-7B-BitsAndBytes,Qwen2.5-Coder-7B,BitsAndBytes,BigCodeBench/758,18.0,0,0,0,2.0,1.0
BCB-Python-Qwen2.5-Coder-7B-BitsAndBytes,Qwen2.5-Coder-7B,BitsAndBytes,BigCodeBench/759,14.0,0,0,0,4.0,4.0
BCB-Python-Qwen2.5-Coder-7B-BitsAndBytes,Qwen2.5-Coder-7B,BitsAndBytes,BigCodeBench/760,34.0,0,6,0,5.0,5.0
BCB-Python-Qwen2.5-Coder-7B-BitsAndBytes,Qwen2.5-Coder-7B,BitsAndBytes,BigCodeBench/761,43.0,0,0,0,12.0,18.0
BCB-Python-Qwen2.5-Coder-7B-BitsAndBytes,Qwen2.5-Coder-7B,BitsAndBytes,BigCodeBench/762,21.0,0,0,0,5.0,5.0
BCB-Python-Qwen2.5-Coder-7B-BitsAndBytes,Qwen2.5-Coder-7B,BitsAndBytes,BigCodeBench/763,21.0,0,0,0,5.0,5.0
BCB-Python-Qwen2.5-Coder-7B-BitsAndBytes,Qwen2.5-Coder-7B,BitsAndBytes,BigCodeBench/764,26.0,0,0,0,8.0,10.0
BCB-Python-Qwen2.5-Coder-7B-BitsAndBytes,Qwen2.5-Coder-7B,BitsAndBytes,BigCodeBench/765,19.0,0,0,0,4.0,5.0
BCB-Python-Qwen2.5-Coder-7B-BitsAndBytes,Qwen2.5-Coder-7B,BitsAndBytes,BigCodeBench/766,12.0,0,0,0,4.0,3.0
BCB-Python-Qwen2.5-Coder-7B-BitsAndBytes,Qwen2.5-Coder-7B,BitsAndBytes,BigCodeBench/767,8.0,0,0,0,1.0,0.0
BCB-Python-Qwen2.5-Coder-7B-BitsAndBytes,Qwen2.5-Coder-7B,BitsAndBytes,BigCodeBench/768,14.0,0,0,0,3.0,2.0
BCB-Python-Qwen2.5-Coder-7B-BitsAndBytes,Qwen2.5-Coder-7B,BitsAndBytes,BigCodeBench/769,8.0,0,0,0,1.0,0.0
BCB-Python-Qwen2.5-Coder-7B-BitsAndBytes,Qwen2.5-Coder-7B,BitsAndBytes,BigCodeBench/770,15.0,0,2,0,3.0,2.0
BCB-Python-Qwen2.5-Coder-7B-BitsAndBytes,Qwen2.5-Coder-7B,BitsAndBytes,BigCodeBench/771,24.0,0,0,0,6.0,11.0
BCB-Python-Qwen2.5-Coder-7B-BitsAndBytes,Qwen2.5-Coder-7B,BitsAndBytes,BigCodeBench/772,14.0,0,1,0,2.0,1.0
BCB-Python-Qwen2.5-Coder-7B-BitsAndBytes,Qwen2.5-Coder-7B,BitsAndBytes,BigCodeBench/773,18.0,0,0,0,4.0,4.0
BCB-Python-Qwen2.5-Coder-7B-BitsAndBytes,Qwen2.5-Coder-7B,BitsAndBytes,BigCodeBench/774,12.0,0,3,0,2.0,1.0
BCB-Python-Qwen2.5-Coder-7B-BitsAndBytes,Qwen2.5-Coder-7B,BitsAndBytes,BigCodeBench/775,12.0,0,0,0,2.0,1.0
BCB-Python-Qwen2.5-Coder-7B-BitsAndBytes,Qwen2.5-Coder-7B,BitsAndBytes,BigCodeBench/776,25.0,0,1,0,6.0,10.0
BCB-Python-Qwen2.5-Coder-7B-BitsAndBytes,Qwen2.5-Coder-7B,BitsAndBytes,BigCodeBench/777,16.0,0,0,0,4.0,6.0
BCB-Python-Qwen2.5-Coder-7B-BitsAndBytes,Qwen2.5-Coder-7B,BitsAndBytes,BigCodeBench/778,15.0,0,0,0,4.0,4.0
BCB-Python-Qwen2.5-Coder-7B-BitsAndBytes,Qwen2.5-Coder-7B,BitsAndBytes,BigCodeBench/779,27.0,0,0,0,8.0,11.0
BCB-Python-Qwen2.5-Coder-7B-BitsAndBytes,Qwen2.5-Coder-7B,BitsAndBytes,BigCodeBench/780,16.0,0,0,0,5.0,5.0
BCB-Python-Qwen2.5-Coder-7B-BitsAndBytes,Qwen2.5-Coder-7B,BitsAndBytes,BigCodeBench/781,12.0,0,0,0,2.0,1.0
BCB-Python-Qwen2.5-Coder-7B-BitsAndBytes,Qwen2.5-Coder-7B,BitsAndBytes,BigCodeBench/782,19.0,0,2,0,3.0,2.0
BCB-Python-Qwen2.5-Coder-7B-BitsAndBytes,Qwen2.5-Coder-7B,BitsAndBytes,BigCodeBench/783,13.0,0,0,0,4.0,4.0
BCB-Python-Qwen2.5-Coder-7B-BitsAndBytes,Qwen2.5-Coder-7B,BitsAndBytes,BigCodeBench/784,20.0,0,0,0,3.0,2.0
BCB-Python-Qwen2.5-Coder-7B-BitsAndBytes,Qwen2.5-Coder-7B,BitsAndBytes,BigCodeBench/785,21.0,0,1,0,4.0,4.0
BCB-Python-Qwen2.5-Coder-7B-BitsAndBytes,Qwen2.5-Coder-7B,BitsAndBytes,BigCodeBench/786,20.0,0,0,0,3.0,2.0
BCB-Python-Qwen2.5-Coder-7B-BitsAndBytes,Qwen2.5-Coder-7B,BitsAndBytes,BigCodeBench/787,8.0,0,0,0,3.0,2.0
BCB-Python-Qwen2.5-Coder-7B-BitsAndBytes,Qwen2.5-Coder-7B,BitsAndBytes,BigCodeBench/788,13.0,0,2,0,4.0,3.0
BCB-Python-Qwen2.5-Coder-7B-BitsAndBytes,Qwen2.5-Coder-7B,BitsAndBytes,BigCodeBench/789,9.0,0,1,0,1.0,0.0
BCB-Python-Qwen2.5-Coder-7B-BitsAndBytes,Qwen2.5-Coder-7B,BitsAndBytes,BigCodeBench/790,11.0,0,1,0,3.0,2.0
BCB-Python-Qwen2.5-Coder-7B-BitsAndBytes,Qwen2.5-Coder-7B,BitsAndBytes,BigCodeBench/791,12.0,0,0,0,2.0,1.0
BCB-Python-Qwen2.5-Coder-7B-BitsAndBytes,Qwen2.5-Coder-7B,BitsAndBytes,BigCodeBench/792,12.0,0,0,0,3.0,2.0
BCB-Python-Qwen2.5-Coder-7B-BitsAndBytes,Qwen2.5-Coder-7B,BitsAndBytes,BigCodeBench/793,9.0,0,0,0,2.0,1.0
BCB-Python-Qwen2.5-Coder-7B-BitsAndBytes,Qwen2.5-Coder-7B,BitsAndBytes,BigCodeBench/794,11.0,0,0,0,2.0,1.0
BCB-Python-Qwen2.5-Coder-7B-BitsAndBytes,Qwen2.5-Coder-7B,BitsAndBytes,BigCodeBench/795,9.0,0,0,0,3.0,1.0
BCB-Python-Qwen2.5-Coder-7B-BitsAndBytes,Qwen2.5-Coder-7B,BitsAndBytes,BigCodeBench/796,10.0,0,0,0,4.0,6.0
BCB-Python-Qwen2.5-Coder-7B-BitsAndBytes,Qwen2.5-Coder-7B,BitsAndBytes,BigCodeBench/797,12.0,0,0,0,5.0,7.0
BCB-Python-Qwen2.5-Coder-7B-BitsAndBytes,Qwen2.5-Coder-7B,BitsAndBytes,BigCodeBench/798,14.0,0,0,0,3.0,3.0
BCB-Python-Qwen2.5-Coder-7B-BitsAndBytes,Qwen2.5-Coder-7B,BitsAndBytes,BigCodeBench/799,17.0,0,1,0,5.0,4.0
BCB-Python-Qwen2.5-Coder-7B-BitsAndBytes,Qwen2.5-Coder-7B,BitsAndBytes,BigCodeBench/800,20.0,0,0,0,4.0,2.0
BCB-Python-Qwen2.5-Coder-7B-BitsAndBytes,Qwen2.5-Coder-7B,BitsAndBytes,BigCodeBench/801,22.0,0,0,0,9.0,12.0
BCB-Python-Qwen2.5-Coder-7B-BitsAndBytes,Qwen2.5-Coder-7B,BitsAndBytes,BigCodeBench/802,7.0,0,1,0,1.0,0.0
BCB-Python-Qwen2.5-Coder-7B-BitsAndBytes,Qwen2.5-Coder-7B,BitsAndBytes,BigCodeBench/803,10.0,0,0,0,2.0,1.0
BCB-Python-Qwen2.5-Coder-7B-BitsAndBytes,Qwen2.5-Coder-7B,BitsAndBytes,BigCodeBench/804,20.0,0,0,0,2.0,4.0
BCB-Python-Qwen2.5-Coder-7B-BitsAndBytes,Qwen2.5-Coder-7B,BitsAndBytes,BigCodeBench/805,9.0,0,0,0,2.0,0.0
BCB-Python-Qwen2.5-Coder-7B-BitsAndBytes,Qwen2.5-Coder-7B,BitsAndBytes,BigCodeBench/806,13.0,0,0,0,2.0,0.0
BCB-Python-Qwen2.5-Coder-7B-BitsAndBytes,Qwen2.5-Coder-7B,BitsAndBytes,BigCodeBench/807,9.0,0,1,0,2.0,1.0
BCB-Python-Qwen2.5-Coder-7B-BitsAndBytes,Qwen2.5-Coder-7B,BitsAndBytes,BigCodeBench/808,14.0,0,0,0,2.0,0.0
BCB-Python-Qwen2.5-Coder-7B-BitsAndBytes,Qwen2.5-Coder-7B,BitsAndBytes,BigCodeBench/809,11.0,0,2,0,2.0,1.0
BCB-Python-Qwen2.5-Coder-7B-BitsAndBytes,Qwen2.5-Coder-7B,BitsAndBytes,BigCodeBench/810,19.0,0,1,0,5.0,16.0
BCB-Python-Qwen2.5-Coder-7B-BitsAndBytes,Qwen2.5-Coder-7B,BitsAndBytes,BigCodeBench/811,13.0,0,0,0,4.0,4.0
BCB-Python-Qwen2.5-Coder-7B-BitsAndBytes,Qwen2.5-Coder-7B,BitsAndBytes,BigCodeBench/812,14.0,0,1,0,3.0,2.0
BCB-Python-Qwen2.5-Coder-7B-BitsAndBytes,Qwen2.5-Coder-7B,BitsAndBytes,BigCodeBench/813,10.0,0,0,0,4.0,2.0
BCB-Python-Qwen2.5-Coder-7B-BitsAndBytes,Qwen2.5-Coder-7B,BitsAndBytes,BigCodeBench/814,17.0,0,1,0,6.0,8.0
BCB-Python-Qwen2.5-Coder-7B-BitsAndBytes,Qwen2.5-Coder-7B,BitsAndBytes,BigCodeBench/815,10.0,0,0,0,2.0,1.0
BCB-Python-Qwen2.5-Coder-7B-BitsAndBytes,Qwen2.5-Coder-7B,BitsAndBytes,BigCodeBench/816,8.0,0,0,0,1.0,0.0
BCB-Python-Qwen2.5-Coder-7B-BitsAndBytes,Qwen2.5-Coder-7B,BitsAndBytes,BigCodeBench/817,22.0,0,0,0,3.0,1.0
BCB-Python-Qwen2.5-Coder-7B-BitsAndBytes,Qwen2.5-Coder-7B,BitsAndBytes,BigCodeBench/818,8.0,0,0,0,1.0,0.0
BCB-Python-Qwen2.5-Coder-7B-BitsAndBytes,Qwen2.5-Coder-7B,BitsAndBytes,BigCodeBench/819,17.0,0,0,0,9.0,7.0
BCB-Python-Qwen2.5-Coder-7B-BitsAndBytes,Qwen2.5-Coder-7B,BitsAndBytes,BigCodeBench/820,8.0,0,0,0,3.0,2.0
BCB-Python-Qwen2.5-Coder-7B-BitsAndBytes,Qwen2.5-Coder-7B,BitsAndBytes,BigCodeBench/821,16.0,0,0,0,4.0,2.0
BCB-Python-Qwen2.5-Coder-7B-BitsAndBytes,Qwen2.5-Coder-7B,BitsAndBytes,BigCodeBench/822,14.0,0,0,0,3.0,2.0
BCB-Python-Qwen2.5-Coder-7B-BitsAndBytes,Qwen2.5-Coder-7B,BitsAndBytes,BigCodeBench/823,13.0,0,0,0,2.0,1.0
BCB-Python-Qwen2.5-Coder-7B-BitsAndBytes,Qwen2.5-Coder-7B,BitsAndBytes,BigCodeBench/824,8.0,0,0,0,2.0,0.0
BCB-Python-Qwen2.5-Coder-7B-BitsAndBytes,Qwen2.5-Coder-7B,BitsAndBytes,BigCodeBench/825,9.0,0,1,0,2.0,1.0
BCB-Python-Qwen2.5-Coder-7B-BitsAndBytes,Qwen2.5-Coder-7B,BitsAndBytes,BigCodeBench/826,14.0,0,0,0,4.0,4.0
BCB-Python-Qwen2.5-Coder-7B-BitsAndBytes,Qwen2.5-Coder-7B,BitsAndBytes,BigCodeBench/827,6.0,0,0,0,2.0,0.0
BCB-Python-Qwen2.5-Coder-7B-BitsAndBytes,Qwen2.5-Coder-7B,BitsAndBytes,BigCodeBench/828,17.0,0,0,0,3.0,7.0
BCB-Python-Qwen2.5-Coder-7B-BitsAndBytes,Qwen2.5-Coder-7B,BitsAndBytes,BigCodeBench/829,14.0,0,0,0,5.0,3.0
BCB-Python-Qwen2.5-Coder-7B-BitsAndBytes,Qwen2.5-Coder-7B,BitsAndBytes,BigCodeBench/830,17.0,0,0,0,3.0,4.0
BCB-Python-Qwen2.5-Coder-7B-BitsAndBytes,Qwen2.5-Coder-7B,BitsAndBytes,BigCodeBench/831,11.0,0,0,0,3.0,2.0
BCB-Python-Qwen2.5-Coder-7B-BitsAndBytes,Qwen2.5-Coder-7B,BitsAndBytes,BigCodeBench/832,13.0,0,0,0,2.0,2.0
BCB-Python-Qwen2.5-Coder-7B-BitsAndBytes,Qwen2.5-Coder-7B,BitsAndBytes,BigCodeBench/833,13.0,0,0,0,4.0,3.0
BCB-Python-Qwen2.5-Coder-7B-BitsAndBytes,Qwen2.5-Coder-7B,BitsAndBytes,BigCodeBench/834,13.0,0,0,0,1.0,1.0
BCB-Python-Qwen2.5-Coder-7B-BitsAndBytes,Qwen2.5-Coder-7B,BitsAndBytes,BigCodeBench/835,9.0,0,1,0,2.0,1.0
BCB-Python-Qwen2.5-Coder-7B-BitsAndBytes,Qwen2.5-Coder-7B,BitsAndBytes,BigCodeBench/836,24.0,0,1,0,8.0,17.0
BCB-Python-Qwen2.5-Coder-7B-BitsAndBytes,Qwen2.5-Coder-7B,BitsAndBytes,BigCodeBench/837,12.0,0,1,0,3.0,2.0
BCB-Python-Qwen2.5-Coder-7B-BitsAndBytes,Qwen2.5-Coder-7B,BitsAndBytes,BigCodeBench/838,12.0,0,0,0,2.0,0.0
BCB-Python-Qwen2.5-Coder-7B-BitsAndBytes,Qwen2.5-Coder-7B,BitsAndBytes,BigCodeBench/839,22.0,0,1,0,4.0,3.0
BCB-Python-Qwen2.5-Coder-7B-BitsAndBytes,Qwen2.5-Coder-7B,BitsAndBytes,BigCodeBench/840,10.0,0,1,0,2.0,1.0
BCB-Python-Qwen2.5-Coder-7B-BitsAndBytes,Qwen2.5-Coder-7B,BitsAndBytes,BigCodeBench/841,17.0,0,0,0,2.0,2.0
BCB-Python-Qwen2.5-Coder-7B-BitsAndBytes,Qwen2.5-Coder-7B,BitsAndBytes,BigCodeBench/842,21.0,0,0,0,3.0,2.0
BCB-Python-Qwen2.5-Coder-7B-BitsAndBytes,Qwen2.5-Coder-7B,BitsAndBytes,BigCodeBench/843,12.0,0,0,0,2.0,0.0
BCB-Python-Qwen2.5-Coder-7B-BitsAndBytes,Qwen2.5-Coder-7B,BitsAndBytes,BigCodeBench/844,21.0,0,0,0,5.0,4.0
BCB-Python-Qwen2.5-Coder-7B-BitsAndBytes,Qwen2.5-Coder-7B,BitsAndBytes,BigCodeBench/845,21.0,0,0,0,5.0,5.0
BCB-Python-Qwen2.5-Coder-7B-BitsAndBytes,Qwen2.5-Coder-7B,BitsAndBytes,BigCodeBench/846,7.0,0,0,0,2.0,0.0
BCB-Python-Qwen2.5-Coder-7B-BitsAndBytes,Qwen2.5-Coder-7B,BitsAndBytes,BigCodeBench/847,17.0,0,0,0,3.0,2.0
BCB-Python-Qwen2.5-Coder-7B-BitsAndBytes,Qwen2.5-Coder-7B,BitsAndBytes,BigCodeBench/848,14.0,0,0,0,5.0,2.0
BCB-Python-Qwen2.5-Coder-7B-BitsAndBytes,Qwen2.5-Coder-7B,BitsAndBytes,BigCodeBench/849,16.0,0,0,0,3.0,1.0
BCB-Python-Qwen2.5-Coder-7B-BitsAndBytes,Qwen2.5-Coder-7B,BitsAndBytes,BigCodeBench/850,13.0,0,0,0,3.0,2.0
BCB-Python-Qwen2.5-Coder-7B-BitsAndBytes,Qwen2.5-Coder-7B,BitsAndBytes,BigCodeBench/851,7.0,0,0,0,1.0,0.0
BCB-Python-Qwen2.5-Coder-7B-BitsAndBytes,Qwen2.5-Coder-7B,BitsAndBytes,BigCodeBench/852,13.0,0,0,0,4.0,3.0
BCB-Python-Qwen2.5-Coder-7B-BitsAndBytes,Qwen2.5-Coder-7B,BitsAndBytes,BigCodeBench/853,20.0,0,0,0,6.0,12.0
BCB-Python-Qwen2.5-Coder-7B-BitsAndBytes,Qwen2.5-Coder-7B,BitsAndBytes,BigCodeBench/854,15.0,0,0,0,6.0,3.0
BCB-Python-Qwen2.5-Coder-7B-BitsAndBytes,Qwen2.5-Coder-7B,BitsAndBytes,BigCodeBench/855,9.0,0,0,0,1.0,0.0
BCB-Python-Qwen2.5-Coder-7B-BitsAndBytes,Qwen2.5-Coder-7B,BitsAndBytes,BigCodeBench/856,13.0,0,1,0,2.0,1.0
BCB-Python-Qwen2.5-Coder-7B-BitsAndBytes,Qwen2.5-Coder-7B,BitsAndBytes,BigCodeBench/857,19.0,0,3,0,4.0,7.0
BCB-Python-Qwen2.5-Coder-7B-BitsAndBytes,Qwen2.5-Coder-7B,BitsAndBytes,BigCodeBench/858,9.0,0,0,0,2.0,1.0
BCB-Python-Qwen2.5-Coder-7B-BitsAndBytes,Qwen2.5-Coder-7B,BitsAndBytes,BigCodeBench/859,19.0,0,1,0,2.0,2.0
BCB-Python-Qwen2.5-Coder-7B-BitsAndBytes,Qwen2.5-Coder-7B,BitsAndBytes,BigCodeBench/860,9.0,0,0,0,2.0,1.0
BCB-Python-Qwen2.5-Coder-7B-BitsAndBytes,Qwen2.5-Coder-7B,BitsAndBytes,BigCodeBench/861,12.0,0,0,0,3.0,3.0
BCB-Python-Qwen2.5-Coder-7B-BitsAndBytes,Qwen2.5-Coder-7B,BitsAndBytes,BigCodeBench/862,12.0,0,0,0,3.0,2.0
BCB-Python-Qwen2.5-Coder-7B-BitsAndBytes,Qwen2.5-Coder-7B,BitsAndBytes,BigCodeBench/863,11.0,0,0,0,2.0,1.0
BCB-Python-Qwen2.5-Coder-7B-BitsAndBytes,Qwen2.5-Coder-7B,BitsAndBytes,BigCodeBench/864,10.0,0,0,0,2.0,1.0
BCB-Python-Qwen2.5-Coder-7B-BitsAndBytes,Qwen2.5-Coder-7B,BitsAndBytes,BigCodeBench/865,17.0,0,0,0,1.0,0.0
BCB-Python-Qwen2.5-Coder-7B-BitsAndBytes,Qwen2.5-Coder-7B,BitsAndBytes,BigCodeBench/866,7.0,0,0,0,1.0,0.0
BCB-Python-Qwen2.5-Coder-7B-BitsAndBytes,Qwen2.5-Coder-7B,BitsAndBytes,BigCodeBench/867,7.0,0,0,0,1.0,0.0
BCB-Python-Qwen2.5-Coder-7B-BitsAndBytes,Qwen2.5-Coder-7B,BitsAndBytes,BigCodeBench/868,14.0,0,0,0,4.0,3.0
BCB-Python-Qwen2.5-Coder-7B-BitsAndBytes,Qwen2.5-Coder-7B,BitsAndBytes,BigCodeBench/869,20.0,0,0,0,3.0,2.0
BCB-Python-Qwen2.5-Coder-7B-BitsAndBytes,Qwen2.5-Coder-7B,BitsAndBytes,BigCodeBench/870,15.0,0,0,0,6.0,8.0
BCB-Python-Qwen2.5-Coder-7B-BitsAndBytes,Qwen2.5-Coder-7B,BitsAndBytes,BigCodeBench/871,29.0,0,1,0,7.0,12.0
BCB-Python-Qwen2.5-Coder-7B-BitsAndBytes,Qwen2.5-Coder-7B,BitsAndBytes,BigCodeBench/872,16.0,0,0,0,5.0,8.0
BCB-Python-Qwen2.5-Coder-7B-BitsAndBytes,Qwen2.5-Coder-7B,BitsAndBytes,BigCodeBench/873,15.0,0,0,0,4.0,3.0
BCB-Python-Qwen2.5-Coder-7B-BitsAndBytes,Qwen2.5-Coder-7B,BitsAndBytes,BigCodeBench/874,8.0,0,0,0,3.0,2.0
BCB-Python-Qwen2.5-Coder-7B-BitsAndBytes,Qwen2.5-Coder-7B,BitsAndBytes,BigCodeBench/875,16.0,0,0,0,4.0,5.0
BCB-Python-Qwen2.5-Coder-7B-BitsAndBytes,Qwen2.5-Coder-7B,BitsAndBytes,BigCodeBench/876,21.0,0,0,0,4.0,5.0
BCB-Python-Qwen2.5-Coder-7B-BitsAndBytes,Qwen2.5-Coder-7B,BitsAndBytes,BigCodeBench/877,18.0,0,1,0,5.0,4.0
BCB-Python-Qwen2.5-Coder-7B-BitsAndBytes,Qwen2.5-Coder-7B,BitsAndBytes,BigCodeBench/878,16.0,0,1,0,3.0,2.0
BCB-Python-Qwen2.5-Coder-7B-BitsAndBytes,Qwen2.5-Coder-7B,BitsAndBytes,BigCodeBench/879,17.0,0,5,0,9.0,8.0
BCB-Python-Qwen2.5-Coder-7B-BitsAndBytes,Qwen2.5-Coder-7B,BitsAndBytes,BigCodeBench/880,9.0,0,0,0,2.0,1.0
BCB-Python-Qwen2.5-Coder-7B-BitsAndBytes,Qwen2.5-Coder-7B,BitsAndBytes,BigCodeBench/881,12.0,0,0,0,2.0,2.0
BCB-Python-Qwen2.5-Coder-7B-BitsAndBytes,Qwen2.5-Coder-7B,BitsAndBytes,BigCodeBench/882,12.0,0,0,0,2.0,1.0
BCB-Python-Qwen2.5-Coder-7B-BitsAndBytes,Qwen2.5-Coder-7B,BitsAndBytes,BigCodeBench/883,11.0,0,0,0,3.0,2.0
BCB-Python-Qwen2.5-Coder-7B-BitsAndBytes,Qwen2.5-Coder-7B,BitsAndBytes,BigCodeBench/884,13.0,0,3,0,4.0,3.0
BCB-Python-Qwen2.5-Coder-7B-BitsAndBytes,Qwen2.5-Coder-7B,BitsAndBytes,BigCodeBench/885,18.0,0,1,0,7.0,5.0
BCB-Python-Qwen2.5-Coder-7B-BitsAndBytes,Qwen2.5-Coder-7B,BitsAndBytes,BigCodeBench/886,13.0,0,0,0,3.0,2.0
BCB-Python-Qwen2.5-Coder-7B-BitsAndBytes,Qwen2.5-Coder-7B,BitsAndBytes,BigCodeBench/887,12.0,0,2,0,2.0,1.0
BCB-Python-Qwen2.5-Coder-7B-BitsAndBytes,Qwen2.5-Coder-7B,BitsAndBytes,BigCodeBench/888,12.0,0,0,0,4.0,4.0
BCB-Python-Qwen2.5-Coder-7B-BitsAndBytes,Qwen2.5-Coder-7B,BitsAndBytes,BigCodeBench/889,12.0,0,0,0,4.0,4.0
BCB-Python-Qwen2.5-Coder-7B-BitsAndBytes,Qwen2.5-Coder-7B,BitsAndBytes,BigCodeBench/890,18.0,0,0,0,4.0,3.0
BCB-Python-Qwen2.5-Coder-7B-BitsAndBytes,Qwen2.5-Coder-7B,BitsAndBytes,BigCodeBench/891,12.0,0,1,0,1.0,0.0
BCB-Python-Qwen2.5-Coder-7B-BitsAndBytes,Qwen2.5-Coder-7B,BitsAndBytes,BigCodeBench/892,8.0,0,0,0,2.0,1.0
BCB-Python-Qwen2.5-Coder-7B-BitsAndBytes,Qwen2.5-Coder-7B,BitsAndBytes,BigCodeBench/893,17.0,0,0,0,4.0,5.0
BCB-Python-Qwen2.5-Coder-7B-BitsAndBytes,Qwen2.5-Coder-7B,BitsAndBytes,BigCodeBench/894,17.0,0,5,0,1.0,0.0
BCB-Python-Qwen2.5-Coder-7B-BitsAndBytes,Qwen2.5-Coder-7B,BitsAndBytes,BigCodeBench/895,17.0,0,5,0,1.0,0.0
BCB-Python-Qwen2.5-Coder-7B-BitsAndBytes,Qwen2.5-Coder-7B,BitsAndBytes,BigCodeBench/896,9.0,0,0,0,1.0,0.0
BCB-Python-Qwen2.5-Coder-7B-BitsAndBytes,Qwen2.5-Coder-7B,BitsAndBytes,BigCodeBench/897,17.0,0,1,0,3.0,2.0
BCB-Python-Qwen2.5-Coder-7B-BitsAndBytes,Qwen2.5-Coder-7B,BitsAndBytes,BigCodeBench/898,7.0,0,0,0,1.0,0.0
BCB-Python-Qwen2.5-Coder-7B-BitsAndBytes,Qwen2.5-Coder-7B,BitsAndBytes,BigCodeBench/899,11.0,0,0,0,3.0,2.0
BCB-Python-Qwen2.5-Coder-7B-BitsAndBytes,Qwen2.5-Coder-7B,BitsAndBytes,BigCodeBench/900,19.0,0,0,0,4.0,4.0
BCB-Python-Qwen2.5-Coder-7B-BitsAndBytes,Qwen2.5-Coder-7B,BitsAndBytes,BigCodeBench/901,10.0,0,0,0,2.0,1.0
BCB-Python-Qwen2.5-Coder-7B-BitsAndBytes,Qwen2.5-Coder-7B,BitsAndBytes,BigCodeBench/902,12.0,0,0,0,5.0,7.0
BCB-Python-Qwen2.5-Coder-7B-BitsAndBytes,Qwen2.5-Coder-7B,BitsAndBytes,BigCodeBench/903,9.0,0,0,0,1.0,0.0
BCB-Python-Qwen2.5-Coder-7B-BitsAndBytes,Qwen2.5-Coder-7B,BitsAndBytes,BigCodeBench/904,12.0,0,0,0,1.0,0.0
BCB-Python-Qwen2.5-Coder-7B-BitsAndBytes,Qwen2.5-Coder-7B,BitsAndBytes,BigCodeBench/905,13.0,0,1,0,2.0,1.0
BCB-Python-Qwen2.5-Coder-7B-BitsAndBytes,Qwen2.5-Coder-7B,BitsAndBytes,BigCodeBench/906,17.0,0,1,0,5.0,3.0
BCB-Python-Qwen2.5-Coder-7B-BitsAndBytes,Qwen2.5-Coder-7B,BitsAndBytes,BigCodeBench/907,14.0,0,0,0,3.0,4.0
BCB-Python-Qwen2.5-Coder-7B-BitsAndBytes,Qwen2.5-Coder-7B,BitsAndBytes,BigCodeBench/908,19.0,0,1,0,4.0,6.0
BCB-Python-Qwen2.5-Coder-7B-BitsAndBytes,Qwen2.5-Coder-7B,BitsAndBytes,BigCodeBench/909,9.0,0,1,0,1.0,0.0
BCB-Python-Qwen2.5-Coder-7B-BitsAndBytes,Qwen2.5-Coder-7B,BitsAndBytes,BigCodeBench/910,14.0,0,1,0,3.0,2.0
BCB-Python-Qwen2.5-Coder-7B-BitsAndBytes,Qwen2.5-Coder-7B,BitsAndBytes,BigCodeBench/911,8.0,0,0,0,1.0,0.0
BCB-Python-Qwen2.5-Coder-7B-BitsAndBytes,Qwen2.5-Coder-7B,BitsAndBytes,BigCodeBench/912,6.0,0,0,0,1.0,0.0
BCB-Python-Qwen2.5-Coder-7B-BitsAndBytes,Qwen2.5-Coder-7B,BitsAndBytes,BigCodeBench/913,15.0,0,0,0,3.0,2.0
BCB-Python-Qwen2.5-Coder-7B-BitsAndBytes,Qwen2.5-Coder-7B,BitsAndBytes,BigCodeBench/914,25.0,0,2,0,3.0,2.0
BCB-Python-Qwen2.5-Coder-7B-BitsAndBytes,Qwen2.5-Coder-7B,BitsAndBytes,BigCodeBench/915,12.0,0,1,0,1.0,0.0
BCB-Python-Qwen2.5-Coder-7B-BitsAndBytes,Qwen2.5-Coder-7B,BitsAndBytes,BigCodeBench/916,10.0,0,3,0,1.0,0.0
BCB-Python-Qwen2.5-Coder-7B-BitsAndBytes,Qwen2.5-Coder-7B,BitsAndBytes,BigCodeBench/917,20.0,0,1,0,1.0,0.0
BCB-Python-Qwen2.5-Coder-7B-BitsAndBytes,Qwen2.5-Coder-7B,BitsAndBytes,BigCodeBench/918,14.0,1,0,0,3.0,1.0
BCB-Python-Qwen2.5-Coder-7B-BitsAndBytes,Qwen2.5-Coder-7B,BitsAndBytes,BigCodeBench/919,10.0,0,0,0,1.0,0.0
BCB-Python-Qwen2.5-Coder-7B-BitsAndBytes,Qwen2.5-Coder-7B,BitsAndBytes,BigCodeBench/920,9.0,0,1,0,1.0,0.0
BCB-Python-Qwen2.5-Coder-7B-BitsAndBytes,Qwen2.5-Coder-7B,BitsAndBytes,BigCodeBench/921,7.0,0,0,0,1.0,0.0
BCB-Python-Qwen2.5-Coder-7B-BitsAndBytes,Qwen2.5-Coder-7B,BitsAndBytes,BigCodeBench/922,22.0,0,1,0,3.0,0.0
BCB-Python-Qwen2.5-Coder-7B-BitsAndBytes,Qwen2.5-Coder-7B,BitsAndBytes,BigCodeBench/923,17.0,0,1,0,4.0,3.0
BCB-Python-Qwen2.5-Coder-7B-BitsAndBytes,Qwen2.5-Coder-7B,BitsAndBytes,BigCodeBench/924,9.0,0,0,0,2.0,1.0
BCB-Python-Qwen2.5-Coder-7B-BitsAndBytes,Qwen2.5-Coder-7B,BitsAndBytes,BigCodeBench/925,7.0,0,1,0,1.0,0.0
BCB-Python-Qwen2.5-Coder-7B-BitsAndBytes,Qwen2.5-Coder-7B,BitsAndBytes,BigCodeBench/926,8.0,0,0,0,1.0,0.0
BCB-Python-Qwen2.5-Coder-7B-BitsAndBytes,Qwen2.5-Coder-7B,BitsAndBytes,BigCodeBench/927,8.0,0,0,0,1.0,0.0
BCB-Python-Qwen2.5-Coder-7B-BitsAndBytes,Qwen2.5-Coder-7B,BitsAndBytes,BigCodeBench/928,12.0,0,1,0,3.0,3.0
BCB-Python-Qwen2.5-Coder-7B-BitsAndBytes,Qwen2.5-Coder-7B,BitsAndBytes,BigCodeBench/929,7.0,0,0,0,1.0,0.0
BCB-Python-Qwen2.5-Coder-7B-BitsAndBytes,Qwen2.5-Coder-7B,BitsAndBytes,BigCodeBench/930,18.0,0,0,0,5.0,6.0
BCB-Python-Qwen2.5-Coder-7B-BitsAndBytes,Qwen2.5-Coder-7B,BitsAndBytes,BigCodeBench/931,9.0,0,0,0,2.0,1.0
BCB-Python-Qwen2.5-Coder-7B-BitsAndBytes,Qwen2.5-Coder-7B,BitsAndBytes,BigCodeBench/932,10.0,0,0,0,2.0,1.0
BCB-Python-Qwen2.5-Coder-7B-BitsAndBytes,Qwen2.5-Coder-7B,BitsAndBytes,BigCodeBench/933,5.0,0,0,0,1.0,0.0
BCB-Python-Qwen2.5-Coder-7B-BitsAndBytes,Qwen2.5-Coder-7B,BitsAndBytes,BigCodeBench/934,7.0,0,1,0,1.0,0.0
BCB-Python-Qwen2.5-Coder-7B-BitsAndBytes,Qwen2.5-Coder-7B,BitsAndBytes,BigCodeBench/935,8.0,0,0,0,3.0,2.0
BCB-Python-Qwen2.5-Coder-7B-BitsAndBytes,Qwen2.5-Coder-7B,BitsAndBytes,BigCodeBench/936,12.0,0,1,0,3.0,3.0
BCB-Python-Qwen2.5-Coder-7B-BitsAndBytes,Qwen2.5-Coder-7B,BitsAndBytes,BigCodeBench/937,6.0,0,0,0,1.0,0.0
BCB-Python-Qwen2.5-Coder-7B-BitsAndBytes,Qwen2.5-Coder-7B,BitsAndBytes,BigCodeBench/938,8.0,0,0,0,1.0,0.0
BCB-Python-Qwen2.5-Coder-7B-BitsAndBytes,Qwen2.5-Coder-7B,BitsAndBytes,BigCodeBench/939,13.0,0,0,0,2.0,1.0
BCB-Python-Qwen2.5-Coder-7B-BitsAndBytes,Qwen2.5-Coder-7B,BitsAndBytes,BigCodeBench/940,8.0,0,0,0,1.0,0.0
BCB-Python-Qwen2.5-Coder-7B-BitsAndBytes,Qwen2.5-Coder-7B,BitsAndBytes,BigCodeBench/941,14.0,0,2,0,1.0,0.0
BCB-Python-Qwen2.5-Coder-7B-BitsAndBytes,Qwen2.5-Coder-7B,BitsAndBytes,BigCodeBench/942,25.0,0,2,0,3.0,2.0
BCB-Python-Qwen2.5-Coder-7B-BitsAndBytes,Qwen2.5-Coder-7B,BitsAndBytes,BigCodeBench/943,25.0,0,1,0,3.0,4.0
BCB-Python-Qwen2.5-Coder-7B-BitsAndBytes,Qwen2.5-Coder-7B,BitsAndBytes,BigCodeBench/944,14.0,0,2,0,1.0,0.0
BCB-Python-Qwen2.5-Coder-7B-BitsAndBytes,Qwen2.5-Coder-7B,BitsAndBytes,BigCodeBench/945,15.0,0,2,0,2.0,1.0
BCB-Python-Qwen2.5-Coder-7B-BitsAndBytes,Qwen2.5-Coder-7B,BitsAndBytes,BigCodeBench/946,8.0,0,1,0,1.0,0.0
BCB-Python-Qwen2.5-Coder-7B-BitsAndBytes,Qwen2.5-Coder-7B,BitsAndBytes,BigCodeBench/947,8.0,0,0,0,1.0,0.0
BCB-Python-Qwen2.5-Coder-7B-BitsAndBytes,Qwen2.5-Coder-7B,BitsAndBytes,BigCodeBench/948,8.0,0,1,0,1.0,0.0
BCB-Python-Qwen2.5-Coder-7B-BitsAndBytes,Qwen2.5-Coder-7B,BitsAndBytes,BigCodeBench/949,8.0,0,1,0,2.0,1.0
BCB-Python-Qwen2.5-Coder-7B-BitsAndBytes,Qwen2.5-Coder-7B,BitsAndBytes,BigCodeBench/950,7.0,0,2,0,1.0,0.0
BCB-Python-Qwen2.5-Coder-7B-BitsAndBytes,Qwen2.5-Coder-7B,BitsAndBytes,BigCodeBench/951,15.0,0,1,0,2.0,1.0
BCB-Python-Qwen2.5-Coder-7B-BitsAndBytes,Qwen2.5-Coder-7B,BitsAndBytes,BigCodeBench/952,22.0,0,0,0,4.0,3.0
BCB-Python-Qwen2.5-Coder-7B-BitsAndBytes,Qwen2.5-Coder-7B,BitsAndBytes,BigCodeBench/953,23.0,0,2,0,3.0,4.0
BCB-Python-Qwen2.5-Coder-7B-BitsAndBytes,Qwen2.5-Coder-7B,BitsAndBytes,BigCodeBench/954,19.0,0,0,0,7.0,5.0
BCB-Python-Qwen2.5-Coder-7B-BitsAndBytes,Qwen2.5-Coder-7B,BitsAndBytes,BigCodeBench/955,19.0,0,2,0,3.0,1.0
BCB-Python-Qwen2.5-Coder-7B-BitsAndBytes,Qwen2.5-Coder-7B,BitsAndBytes,BigCodeBench/956,18.0,0,0,0,5.0,9.0
BCB-Python-Qwen2.5-Coder-7B-BitsAndBytes,Qwen2.5-Coder-7B,BitsAndBytes,BigCodeBench/957,9.0,0,0,0,1.0,0.0
BCB-Python-Qwen2.5-Coder-7B-BitsAndBytes,Qwen2.5-Coder-7B,BitsAndBytes,BigCodeBench/958,14.0,0,0,0,4.0,4.0
BCB-Python-Qwen2.5-Coder-7B-BitsAndBytes,Qwen2.5-Coder-7B,BitsAndBytes,BigCodeBench/959,16.0,0,0,0,4.0,6.0
BCB-Python-Qwen2.5-Coder-7B-BitsAndBytes,Qwen2.5-Coder-7B,BitsAndBytes,BigCodeBench/960,19.0,0,0,0,5.0,8.0
BCB-Python-Qwen2.5-Coder-7B-BitsAndBytes,Qwen2.5-Coder-7B,BitsAndBytes,BigCodeBench/961,14.0,0,0,0,5.0,3.0
BCB-Python-Qwen2.5-Coder-7B-BitsAndBytes,Qwen2.5-Coder-7B,BitsAndBytes,BigCodeBench/962,26.0,0,1,0,8.0,22.0
BCB-Python-Qwen2.5-Coder-7B-BitsAndBytes,Qwen2.5-Coder-7B,BitsAndBytes,BigCodeBench/963,17.0,0,0,0,4.0,3.0
BCB-Python-Qwen2.5-Coder-7B-BitsAndBytes,Qwen2.5-Coder-7B,BitsAndBytes,BigCodeBench/964,36.0,0,0,0,6.0,14.0
BCB-Python-Qwen2.5-Coder-7B-BitsAndBytes,Qwen2.5-Coder-7B,BitsAndBytes,BigCodeBench/965,18.0,0,0,0,7.0,10.0
BCB-Python-Qwen2.5-Coder-7B-BitsAndBytes,Qwen2.5-Coder-7B,BitsAndBytes,BigCodeBench/966,15.0,0,0,0,3.0,2.0
BCB-Python-Qwen2.5-Coder-7B-BitsAndBytes,Qwen2.5-Coder-7B,BitsAndBytes,BigCodeBench/967,15.0,0,1,0,1.0,0.0
BCB-Python-Qwen2.5-Coder-7B-BitsAndBytes,Qwen2.5-Coder-7B,BitsAndBytes,BigCodeBench/968,13.0,0,0,0,3.0,2.0
BCB-Python-Qwen2.5-Coder-7B-BitsAndBytes,Qwen2.5-Coder-7B,BitsAndBytes,BigCodeBench/969,12.0,0,0,0,3.0,2.0
BCB-Python-Qwen2.5-Coder-7B-BitsAndBytes,Qwen2.5-Coder-7B,BitsAndBytes,BigCodeBench/970,16.0,0,1,0,4.0,3.0
BCB-Python-Qwen2.5-Coder-7B-BitsAndBytes,Qwen2.5-Coder-7B,BitsAndBytes,BigCodeBench/971,14.0,0,0,0,4.0,4.0
BCB-Python-Qwen2.5-Coder-7B-BitsAndBytes,Qwen2.5-Coder-7B,BitsAndBytes,BigCodeBench/972,9.0,0,0,0,2.0,1.0
BCB-Python-Qwen2.5-Coder-7B-BitsAndBytes,Qwen2.5-Coder-7B,BitsAndBytes,BigCodeBench/973,21.0,0,0,0,5.0,6.0
BCB-Python-Qwen2.5-Coder-7B-BitsAndBytes,Qwen2.5-Coder-7B,BitsAndBytes,BigCodeBench/974,14.0,0,0,0,5.0,5.0
BCB-Python-Qwen2.5-Coder-7B-BitsAndBytes,Qwen2.5-Coder-7B,BitsAndBytes,BigCodeBench/975,8.0,0,2,0,1.0,0.0
BCB-Python-Qwen2.5-Coder-7B-BitsAndBytes,Qwen2.5-Coder-7B,BitsAndBytes,BigCodeBench/976,14.0,0,1,0,2.0,1.0
BCB-Python-Qwen2.5-Coder-7B-BitsAndBytes,Qwen2.5-Coder-7B,BitsAndBytes,BigCodeBench/977,17.0,0,2,0,6.0,5.0
BCB-Python-Qwen2.5-Coder-7B-BitsAndBytes,Qwen2.5-Coder-7B,BitsAndBytes,BigCodeBench/978,13.0,0,2,0,3.0,2.0
BCB-Python-Qwen2.5-Coder-7B-BitsAndBytes,Qwen2.5-Coder-7B,BitsAndBytes,BigCodeBench/979,22.0,0,3,0,2.0,1.0
BCB-Python-Qwen2.5-Coder-7B-BitsAndBytes,Qwen2.5-Coder-7B,BitsAndBytes,BigCodeBench/980,16.0,0,0,0,3.0,2.0
BCB-Python-Qwen2.5-Coder-7B-BitsAndBytes,Qwen2.5-Coder-7B,BitsAndBytes,BigCodeBench/981,28.0,0,1,0,6.0,5.0
BCB-Python-Qwen2.5-Coder-7B-BitsAndBytes,Qwen2.5-Coder-7B,BitsAndBytes,BigCodeBench/982,17.0,0,0,0,3.0,2.0
BCB-Python-Qwen2.5-Coder-7B-BitsAndBytes,Qwen2.5-Coder-7B,BitsAndBytes,BigCodeBench/983,12.0,0,0,0,3.0,2.0
BCB-Python-Qwen2.5-Coder-7B-BitsAndBytes,Qwen2.5-Coder-7B,BitsAndBytes,BigCodeBench/984,15.0,0,1,0,1.0,0.0
BCB-Python-Qwen2.5-Coder-7B-BitsAndBytes,Qwen2.5-Coder-7B,BitsAndBytes,BigCodeBench/985,30.0,0,0,0,7.0,11.0
BCB-Python-Qwen2.5-Coder-7B-BitsAndBytes,Qwen2.5-Coder-7B,BitsAndBytes,BigCodeBench/986,25.0,0,0,0,3.0,4.0
BCB-Python-Qwen2.5-Coder-7B-BitsAndBytes,Qwen2.5-Coder-7B,BitsAndBytes,BigCodeBench/987,27.0,0,1,0,3.0,3.0
BCB-Python-Qwen2.5-Coder-7B-BitsAndBytes,Qwen2.5-Coder-7B,BitsAndBytes,BigCodeBench/988,15.0,0,0,0,4.0,3.0
BCB-Python-Qwen2.5-Coder-7B-BitsAndBytes,Qwen2.5-Coder-7B,BitsAndBytes,BigCodeBench/989,24.0,0,0,0,5.0,5.0
BCB-Python-Qwen2.5-Coder-7B-BitsAndBytes,Qwen2.5-Coder-7B,BitsAndBytes,BigCodeBench/990,18.0,0,0,0,4.0,4.0
BCB-Python-Qwen2.5-Coder-7B-BitsAndBytes,Qwen2.5-Coder-7B,BitsAndBytes,BigCodeBench/991,10.0,0,0,0,1.0,1.0
BCB-Python-Qwen2.5-Coder-7B-BitsAndBytes,Qwen2.5-Coder-7B,BitsAndBytes,BigCodeBench/992,22.0,0,0,0,2.0,2.0
BCB-Python-Qwen2.5-Coder-7B-BitsAndBytes,Qwen2.5-Coder-7B,BitsAndBytes,BigCodeBench/993,18.0,0,1,0,2.0,1.0
BCB-Python-Qwen2.5-Coder-7B-BitsAndBytes,Qwen2.5-Coder-7B,BitsAndBytes,BigCodeBench/994,19.0,0,0,0,5.0,8.0
BCB-Python-Qwen2.5-Coder-7B-BitsAndBytes,Qwen2.5-Coder-7B,BitsAndBytes,BigCodeBench/995,22.0,0,0,0,4.0,4.0
BCB-Python-Qwen2.5-Coder-7B-BitsAndBytes,Qwen2.5-Coder-7B,BitsAndBytes,BigCodeBench/996,16.0,0,1,0,3.0,4.0
BCB-Python-Qwen2.5-Coder-7B-BitsAndBytes,Qwen2.5-Coder-7B,BitsAndBytes,BigCodeBench/997,13.0,0,0,0,2.0,1.0
BCB-Python-Qwen2.5-Coder-7B-BitsAndBytes,Qwen2.5-Coder-7B,BitsAndBytes,BigCodeBench/998,30.0,0,0,0,5.0,6.0
BCB-Python-Qwen2.5-Coder-7B-BitsAndBytes,Qwen2.5-Coder-7B,BitsAndBytes,BigCodeBench/999,26.0,0,1,0,3.0,3.0
BCB-Python-Qwen2.5-Coder-7B-BitsAndBytes,Qwen2.5-Coder-7B,BitsAndBytes,BigCodeBench/1000,12.0,0,0,0,1.0,0.0
BCB-Python-Qwen2.5-Coder-7B-BitsAndBytes,Qwen2.5-Coder-7B,BitsAndBytes,BigCodeBench/1001,14.0,0,1,0,1.0,0.0
BCB-Python-Qwen2.5-Coder-7B-BitsAndBytes,Qwen2.5-Coder-7B,BitsAndBytes,BigCodeBench/1002,14.0,0,0,0,4.0,4.0
BCB-Python-Qwen2.5-Coder-7B-BitsAndBytes,Qwen2.5-Coder-7B,BitsAndBytes,BigCodeBench/1003,24.0,0,0,0,4.0,7.0
BCB-Python-Qwen2.5-Coder-7B-BitsAndBytes,Qwen2.5-Coder-7B,BitsAndBytes,BigCodeBench/1004,17.0,0,1,0,1.0,0.0
BCB-Python-Qwen2.5-Coder-7B-BitsAndBytes,Qwen2.5-Coder-7B,BitsAndBytes,BigCodeBench/1005,25.0,0,0,0,2.0,5.0
BCB-Python-Qwen2.5-Coder-7B-BitsAndBytes,Qwen2.5-Coder-7B,BitsAndBytes,BigCodeBench/1006,25.0,0,0,0,2.0,5.0
BCB-Python-Qwen2.5-Coder-7B-BitsAndBytes,Qwen2.5-Coder-7B,BitsAndBytes,BigCodeBench/1007,16.0,0,0,0,3.0,5.0
BCB-Python-Qwen2.5-Coder-7B-BitsAndBytes,Qwen2.5-Coder-7B,BitsAndBytes,BigCodeBench/1008,24.0,0,1,0,5.0,4.0
BCB-Python-Qwen2.5-Coder-7B-BitsAndBytes,Qwen2.5-Coder-7B,BitsAndBytes,BigCodeBench/1009,19.0,0,0,0,3.0,5.0
BCB-Python-Qwen2.5-Coder-7B-BitsAndBytes,Qwen2.5-Coder-7B,BitsAndBytes,BigCodeBench/1010,18.0,0,0,0,3.0,5.0
BCB-Python-Qwen2.5-Coder-7B-BitsAndBytes,Qwen2.5-Coder-7B,BitsAndBytes,BigCodeBench/1011,10.0,0,0,0,1.0,0.0
BCB-Python-Qwen2.5-Coder-7B-BitsAndBytes,Qwen2.5-Coder-7B,BitsAndBytes,BigCodeBench/1012,25.0,0,0,0,2.0,4.0
BCB-Python-Qwen2.5-Coder-7B-BitsAndBytes,Qwen2.5-Coder-7B,BitsAndBytes,BigCodeBench/1013,23.0,0,1,0,4.0,3.0
BCB-Python-Qwen2.5-Coder-7B-BitsAndBytes,Qwen2.5-Coder-7B,BitsAndBytes,BigCodeBench/1014,21.0,0,1,0,3.0,4.0
BCB-Python-Qwen2.5-Coder-7B-BitsAndBytes,Qwen2.5-Coder-7B,BitsAndBytes,BigCodeBench/1015,33.0,0,0,0,3.0,4.0
BCB-Python-Qwen2.5-Coder-7B-BitsAndBytes,Qwen2.5-Coder-7B,BitsAndBytes,BigCodeBench/1016,18.0,0,1,0,1.0,2.0
BCB-Python-Qwen2.5-Coder-7B-BitsAndBytes,Qwen2.5-Coder-7B,BitsAndBytes,BigCodeBench/1017,19.0,0,1,0,2.0,2.0
BCB-Python-Qwen2.5-Coder-7B-BitsAndBytes,Qwen2.5-Coder-7B,BitsAndBytes,BigCodeBench/1018,18.0,0,0,0,3.0,4.0
BCB-Python-Qwen2.5-Coder-7B-BitsAndBytes,Qwen2.5-Coder-7B,BitsAndBytes,BigCodeBench/1019,26.0,0,0,0,4.0,5.0
BCB-Python-Qwen2.5-Coder-7B-BitsAndBytes,Qwen2.5-Coder-7B,BitsAndBytes,BigCodeBench/1020,23.0,0,1,0,3.0,4.0
BCB-Python-Qwen2.5-Coder-7B-BitsAndBytes,Qwen2.5-Coder-7B,BitsAndBytes,BigCodeBench/1021,11.0,0,0,0,5.0,4.0
BCB-Python-Qwen2.5-Coder-7B-BitsAndBytes,Qwen2.5-Coder-7B,BitsAndBytes,BigCodeBench/1022,18.0,0,0,0,3.0,3.0
BCB-Python-Qwen2.5-Coder-7B-BitsAndBytes,Qwen2.5-Coder-7B,BitsAndBytes,BigCodeBench/1023,17.0,0,1,0,4.0,3.0
BCB-Python-Qwen2.5-Coder-7B-BitsAndBytes,Qwen2.5-Coder-7B,BitsAndBytes,BigCodeBench/1024,17.0,0,2,0,3.0,2.0
BCB-Python-Qwen2.5-Coder-7B-BitsAndBytes,Qwen2.5-Coder-7B,BitsAndBytes,BigCodeBench/1025,15.0,0,1,0,1.0,0.0
BCB-Python-Qwen2.5-Coder-7B-BitsAndBytes,Qwen2.5-Coder-7B,BitsAndBytes,BigCodeBench/1026,33.0,0,2,0,5.0,4.0
BCB-Python-Qwen2.5-Coder-7B-BitsAndBytes,Qwen2.5-Coder-7B,BitsAndBytes,BigCodeBench/1027,14.0,0,0,0,2.0,2.0
BCB-Python-Qwen2.5-Coder-7B-BitsAndBytes,Qwen2.5-Coder-7B,BitsAndBytes,BigCodeBench/1028,31.0,0,0,0,5.0,9.0
BCB-Python-Qwen2.5-Coder-7B-BitsAndBytes,Qwen2.5-Coder-7B,BitsAndBytes,BigCodeBench/1029,7.0,0,1,0,1.0,0.0
BCB-Python-Qwen2.5-Coder-7B-BitsAndBytes,Qwen2.5-Coder-7B,BitsAndBytes,BigCodeBench/1030,8.0,0,0,0,1.0,0.0
BCB-Python-Qwen2.5-Coder-7B-BitsAndBytes,Qwen2.5-Coder-7B,BitsAndBytes,BigCodeBench/1031,17.0,0,1,0,2.0,1.0
BCB-Python-Qwen2.5-Coder-7B-BitsAndBytes,Qwen2.5-Coder-7B,BitsAndBytes,BigCodeBench/1032,20.0,1,0,0,2.0,1.0
BCB-Python-Qwen2.5-Coder-7B-BitsAndBytes,Qwen2.5-Coder-7B,BitsAndBytes,BigCodeBench/1033,14.0,0,1,0,1.0,0.0
BCB-Python-Qwen2.5-Coder-7B-BitsAndBytes,Qwen2.5-Coder-7B,BitsAndBytes,BigCodeBench/1034,20.0,0,1,0,2.0,2.0
BCB-Python-Qwen2.5-Coder-7B-BitsAndBytes,Qwen2.5-Coder-7B,BitsAndBytes,BigCodeBench/1035,27.0,0,1,0,3.0,3.0
BCB-Python-Qwen2.5-Coder-7B-BitsAndBytes,Qwen2.5-Coder-7B,BitsAndBytes,BigCodeBench/1036,14.0,1,0,0,2.0,1.0
BCB-Python-Qwen2.5-Coder-7B-BitsAndBytes,Qwen2.5-Coder-7B,BitsAndBytes,BigCodeBench/1037,18.0,0,2,0,6.0,6.0
BCB-Python-Qwen2.5-Coder-7B-BitsAndBytes,Qwen2.5-Coder-7B,BitsAndBytes,BigCodeBench/1038,15.0,0,0,0,1.0,0.0
BCB-Python-Qwen2.5-Coder-7B-BitsAndBytes,Qwen2.5-Coder-7B,BitsAndBytes,BigCodeBench/1039,20.0,0,0,0,3.0,3.0
BCB-Python-Qwen2.5-Coder-7B-BitsAndBytes,Qwen2.5-Coder-7B,BitsAndBytes,BigCodeBench/1040,58.0,0,1,0,10.0,33.0
BCB-Python-Qwen2.5-Coder-7B-BitsAndBytes,Qwen2.5-Coder-7B,BitsAndBytes,BigCodeBench/1041,18.0,0,3,0,3.0,3.0
BCB-Python-Qwen2.5-Coder-7B-BitsAndBytes,Qwen2.5-Coder-7B,BitsAndBytes,BigCodeBench/1042,28.0,0,0,0,1.0,1.0
BCB-Python-Qwen2.5-Coder-7B-BitsAndBytes,Qwen2.5-Coder-7B,BitsAndBytes,BigCodeBench/1043,14.0,0,1,0,4.0,2.0
BCB-Python-Qwen2.5-Coder-7B-BitsAndBytes,Qwen2.5-Coder-7B,BitsAndBytes,BigCodeBench/1044,23.0,0,3,0,5.0,8.0
BCB-Python-Qwen2.5-Coder-7B-BitsAndBytes,Qwen2.5-Coder-7B,BitsAndBytes,BigCodeBench/1045,39.0,0,0,0,1.0,0.0
BCB-Python-Qwen2.5-Coder-7B-BitsAndBytes,Qwen2.5-Coder-7B,BitsAndBytes,BigCodeBench/1046,10.0,0,0,0,1.0,0.0
BCB-Python-Qwen2.5-Coder-7B-BitsAndBytes,Qwen2.5-Coder-7B,BitsAndBytes,BigCodeBench/1047,10.0,0,1,0,1.0,0.0
BCB-Python-Qwen2.5-Coder-7B-BitsAndBytes,Qwen2.5-Coder-7B,BitsAndBytes,BigCodeBench/1048,15.0,0,1,0,1.0,0.0
BCB-Python-Qwen2.5-Coder-7B-BitsAndBytes,Qwen2.5-Coder-7B,BitsAndBytes,BigCodeBench/1049,7.0,0,1,0,2.0,0.0
BCB-Python-Qwen2.5-Coder-7B-BitsAndBytes,Qwen2.5-Coder-7B,BitsAndBytes,BigCodeBench/1050,16.0,0,0,0,4.0,2.0
BCB-Python-Qwen2.5-Coder-7B-BitsAndBytes,Qwen2.5-Coder-7B,BitsAndBytes,BigCodeBench/1051,20.0,0,2,0,4.0,4.0
BCB-Python-Qwen2.5-Coder-7B-BitsAndBytes,Qwen2.5-Coder-7B,BitsAndBytes,BigCodeBench/1052,33.0,0,0,0,3.0,3.0
BCB-Python-Qwen2.5-Coder-7B-BitsAndBytes,Qwen2.5-Coder-7B,BitsAndBytes,BigCodeBench/1053,31.0,0,1,0,3.0,5.0
BCB-Python-Qwen2.5-Coder-7B-BitsAndBytes,Qwen2.5-Coder-7B,BitsAndBytes,BigCodeBench/1054,23.0,0,2,0,1.0,2.0
BCB-Python-Qwen2.5-Coder-7B-BitsAndBytes,Qwen2.5-Coder-7B,BitsAndBytes,BigCodeBench/1055,10.0,0,0,0,1.0,0.0
BCB-Python-Qwen2.5-Coder-7B-BitsAndBytes,Qwen2.5-Coder-7B,BitsAndBytes,BigCodeBench/1056,20.0,0,1,0,2.0,1.0
BCB-Python-Qwen2.5-Coder-7B-BitsAndBytes,Qwen2.5-Coder-7B,BitsAndBytes,BigCodeBench/1057,14.0,0,1,0,5.0,4.0
BCB-Python-Qwen2.5-Coder-7B-BitsAndBytes,Qwen2.5-Coder-7B,BitsAndBytes,BigCodeBench/1058,37.0,0,0,0,1.0,0.0
BCB-Python-Qwen2.5-Coder-7B-BitsAndBytes,Qwen2.5-Coder-7B,BitsAndBytes,BigCodeBench/1059,35.0,0,0,0,1.0,0.0
BCB-Python-Qwen2.5-Coder-7B-BitsAndBytes,Qwen2.5-Coder-7B,BitsAndBytes,BigCodeBench/1060,18.0,0,1,0,5.0,5.0
BCB-Python-Qwen2.5-Coder-7B-BitsAndBytes,Qwen2.5-Coder-7B,BitsAndBytes,BigCodeBench/1061,18.0,0,4,0,2.0,2.0
BCB-Python-Qwen2.5-Coder-7B-BitsAndBytes,Qwen2.5-Coder-7B,BitsAndBytes,BigCodeBench/1062,16.0,0,1,0,2.0,1.0
BCB-Python-Qwen2.5-Coder-7B-BitsAndBytes,Qwen2.5-Coder-7B,BitsAndBytes,BigCodeBench/1063,12.0,0,2,0,1.0,0.0
BCB-Python-Qwen2.5-Coder-7B-BitsAndBytes,Qwen2.5-Coder-7B,BitsAndBytes,BigCodeBench/1064,11.0,0,0,0,1.0,0.0
BCB-Python-Qwen2.5-Coder-7B-BitsAndBytes,Qwen2.5-Coder-7B,BitsAndBytes,BigCodeBench/1065,12.0,0,1,0,1.0,0.0
BCB-Python-Qwen2.5-Coder-7B-BitsAndBytes,Qwen2.5-Coder-7B,BitsAndBytes,BigCodeBench/1066,20.0,0,3,0,1.0,0.0
BCB-Python-Qwen2.5-Coder-7B-BitsAndBytes,Qwen2.5-Coder-7B,BitsAndBytes,BigCodeBench/1067,19.0,0,0,0,2.0,3.0
BCB-Python-Qwen2.5-Coder-7B-BitsAndBytes,Qwen2.5-Coder-7B,BitsAndBytes,BigCodeBench/1068,13.0,0,1,0,3.0,3.0
BCB-Python-Qwen2.5-Coder-7B-BitsAndBytes,Qwen2.5-Coder-7B,BitsAndBytes,BigCodeBench/1069,17.0,0,0,0,4.0,3.0
BCB-Python-Qwen2.5-Coder-7B-BitsAndBytes,Qwen2.5-Coder-7B,BitsAndBytes,BigCodeBench/1070,16.0,0,0,0,4.0,4.0
BCB-Python-Qwen2.5-Coder-7B-BitsAndBytes,Qwen2.5-Coder-7B,BitsAndBytes,BigCodeBench/1071,18.0,0,0,0,3.0,3.0
BCB-Python-Qwen2.5-Coder-7B-BitsAndBytes,Qwen2.5-Coder-7B,BitsAndBytes,BigCodeBench/1072,10.0,0,1,0,2.0,1.0
BCB-Python-Qwen2.5-Coder-7B-BitsAndBytes,Qwen2.5-Coder-7B,BitsAndBytes,BigCodeBench/1073,14.0,0,1,0,1.0,1.0
BCB-Python-Qwen2.5-Coder-7B-BitsAndBytes,Qwen2.5-Coder-7B,BitsAndBytes,BigCodeBench/1074,8.0,0,0,0,1.0,0.0
BCB-Python-Qwen2.5-Coder-7B-BitsAndBytes,Qwen2.5-Coder-7B,BitsAndBytes,BigCodeBench/1075,10.0,0,1,0,1.0,0.0
BCB-Python-Qwen2.5-Coder-7B-BitsAndBytes,Qwen2.5-Coder-7B,BitsAndBytes,BigCodeBench/1076,16.0,0,0,0,2.0,2.0
BCB-Python-Qwen2.5-Coder-7B-BitsAndBytes,Qwen2.5-Coder-7B,BitsAndBytes,BigCodeBench/1077,10.0,0,0,0,2.0,1.0
BCB-Python-Qwen2.5-Coder-7B-BitsAndBytes,Qwen2.5-Coder-7B,BitsAndBytes,BigCodeBench/1078,12.0,0,2,0,1.0,0.0
BCB-Python-Qwen2.5-Coder-7B-BitsAndBytes,Qwen2.5-Coder-7B,BitsAndBytes,BigCodeBench/1079,19.0,0,4,0,1.0,0.0
BCB-Python-Qwen2.5-Coder-7B-BitsAndBytes,Qwen2.5-Coder-7B,BitsAndBytes,BigCodeBench/1080,15.0,0,0,0,1.0,0.0
BCB-Python-Qwen2.5-Coder-7B-BitsAndBytes,Qwen2.5-Coder-7B,BitsAndBytes,BigCodeBench/1081,17.0,0,0,0,2.0,2.0
BCB-Python-Qwen2.5-Coder-7B-BitsAndBytes,Qwen2.5-Coder-7B,BitsAndBytes,BigCodeBench/1082,10.0,0,0,0,2.0,1.0
BCB-Python-Qwen2.5-Coder-7B-BitsAndBytes,Qwen2.5-Coder-7B,BitsAndBytes,BigCodeBench/1083,21.0,0,1,0,3.0,3.0
BCB-Python-Qwen2.5-Coder-7B-BitsAndBytes,Qwen2.5-Coder-7B,BitsAndBytes,BigCodeBench/1084,24.0,0,1,0,5.0,7.0
BCB-Python-Qwen2.5-Coder-7B-BitsAndBytes,Qwen2.5-Coder-7B,BitsAndBytes,BigCodeBench/1085,15.0,0,1,0,1.0,0.0
BCB-Python-Qwen2.5-Coder-7B-BitsAndBytes,Qwen2.5-Coder-7B,BitsAndBytes,BigCodeBench/1086,15.0,0,1,0,1.0,0.0
BCB-Python-Qwen2.5-Coder-7B-BitsAndBytes,Qwen2.5-Coder-7B,BitsAndBytes,BigCodeBench/1087,24.0,0,1,0,4.0,3.0
BCB-Python-Qwen2.5-Coder-7B-BitsAndBytes,Qwen2.5-Coder-7B,BitsAndBytes,BigCodeBench/1088,9.0,0,0,0,1.0,0.0
BCB-Python-Qwen2.5-Coder-7B-BitsAndBytes,Qwen2.5-Coder-7B,BitsAndBytes,BigCodeBench/1089,8.0,0,0,0,1.0,0.0
BCB-Python-Qwen2.5-Coder-7B-BitsAndBytes,Qwen2.5-Coder-7B,BitsAndBytes,BigCodeBench/1090,17.0,0,0,0,4.0,9.0
BCB-Python-Qwen2.5-Coder-7B-BitsAndBytes,Qwen2.5-Coder-7B,BitsAndBytes,BigCodeBench/1091,16.0,0,0,0,2.0,3.0
BCB-Python-Qwen2.5-Coder-7B-BitsAndBytes,Qwen2.5-Coder-7B,BitsAndBytes,BigCodeBench/1092,22.0,0,0,0,4.0,10.0
BCB-Python-Qwen2.5-Coder-7B-BitsAndBytes,Qwen2.5-Coder-7B,BitsAndBytes,BigCodeBench/1093,9.0,0,0,0,1.0,0.0
BCB-Python-Qwen2.5-Coder-7B-BitsAndBytes,Qwen2.5-Coder-7B,BitsAndBytes,BigCodeBench/1094,9.0,0,0,0,2.0,0.0
BCB-Python-Qwen2.5-Coder-7B-BitsAndBytes,Qwen2.5-Coder-7B,BitsAndBytes,BigCodeBench/1095,11.0,0,0,0,3.0,1.0
BCB-Python-Qwen2.5-Coder-7B-BitsAndBytes,Qwen2.5-Coder-7B,BitsAndBytes,BigCodeBench/1096,18.0,0,0,0,4.0,2.0
BCB-Python-Qwen2.5-Coder-7B-BitsAndBytes,Qwen2.5-Coder-7B,BitsAndBytes,BigCodeBench/1097,19.0,1,5,0,2.0,0.0
BCB-Python-Qwen2.5-Coder-7B-BitsAndBytes,Qwen2.5-Coder-7B,BitsAndBytes,BigCodeBench/1098,9.0,1,5,0,1.0,0.0
BCB-Python-Qwen2.5-Coder-7B-BitsAndBytes,Qwen2.5-Coder-7B,BitsAndBytes,BigCodeBench/1099,19.0,1,5,0,2.0,0.0
BCB-Python-Qwen2.5-Coder-7B-BitsAndBytes,Qwen2.5-Coder-7B,BitsAndBytes,BigCodeBench/1100,12.0,1,5,0,1.0,0.0
BCB-Python-Qwen2.5-Coder-7B-BitsAndBytes,Qwen2.5-Coder-7B,BitsAndBytes,BigCodeBench/1101,19.0,0,1,0,2.0,3.0
BCB-Python-Qwen2.5-Coder-7B-BitsAndBytes,Qwen2.5-Coder-7B,BitsAndBytes,BigCodeBench/1102,18.0,0,0,0,1.0,0.0
BCB-Python-Qwen2.5-Coder-7B-BitsAndBytes,Qwen2.5-Coder-7B,BitsAndBytes,BigCodeBench/1103,16.0,0,0,0,3.0,4.0
BCB-Python-Qwen2.5-Coder-7B-BitsAndBytes,Qwen2.5-Coder-7B,BitsAndBytes,BigCodeBench/1104,20.0,0,0,0,4.0,3.0
BCB-Python-Qwen2.5-Coder-7B-BitsAndBytes,Qwen2.5-Coder-7B,BitsAndBytes,BigCodeBench/1105,16.0,0,1,0,3.0,3.0
BCB-Python-Qwen2.5-Coder-7B-BitsAndBytes,Qwen2.5-Coder-7B,BitsAndBytes,BigCodeBench/1106,10.0,0,0,0,1.0,0.0
BCB-Python-Qwen2.5-Coder-7B-BitsAndBytes,Qwen2.5-Coder-7B,BitsAndBytes,BigCodeBench/1107,9.0,0,0,0,1.0,0.0
BCB-Python-Qwen2.5-Coder-7B-BitsAndBytes,Qwen2.5-Coder-7B,BitsAndBytes,BigCodeBench/1108,7.0,0,0,0,2.0,0.0
BCB-Python-Qwen2.5-Coder-7B-BitsAndBytes,Qwen2.5-Coder-7B,BitsAndBytes,BigCodeBench/1109,10.0,0,0,0,3.0,2.0
BCB-Python-Qwen2.5-Coder-7B-BitsAndBytes,Qwen2.5-Coder-7B,BitsAndBytes,BigCodeBench/1110,9.0,0,0,0,2.0,1.0
BCB-Python-Qwen2.5-Coder-7B-BitsAndBytes,Qwen2.5-Coder-7B,BitsAndBytes,BigCodeBench/1111,12.0,0,0,0,2.0,0.0
BCB-Python-Qwen2.5-Coder-7B-BitsAndBytes,Qwen2.5-Coder-7B,BitsAndBytes,BigCodeBench/1112,20.0,0,0,0,3.0,3.0
BCB-Python-Qwen2.5-Coder-7B-BitsAndBytes,Qwen2.5-Coder-7B,BitsAndBytes,BigCodeBench/1113,12.0,0,0,0,3.0,3.0
BCB-Python-Qwen2.5-Coder-7B-BitsAndBytes,Qwen2.5-Coder-7B,BitsAndBytes,BigCodeBench/1114,10.0,0,0,0,3.0,3.0
BCB-Python-Qwen2.5-Coder-7B-BitsAndBytes,Qwen2.5-Coder-7B,BitsAndBytes,BigCodeBench/1115,10.0,0,0,0,3.0,3.0
BCB-Python-Qwen2.5-Coder-7B-BitsAndBytes,Qwen2.5-Coder-7B,BitsAndBytes,BigCodeBench/1116,9.0,0,0,0,2.0,0.0
BCB-Python-Qwen2.5-Coder-7B-BitsAndBytes,Qwen2.5-Coder-7B,BitsAndBytes,BigCodeBench/1117,13.0,0,0,0,2.0,1.0
BCB-Python-Qwen2.5-Coder-7B-BitsAndBytes,Qwen2.5-Coder-7B,BitsAndBytes,BigCodeBench/1118,16.0,0,1,0,2.0,1.0
BCB-Python-Qwen2.5-Coder-7B-BitsAndBytes,Qwen2.5-Coder-7B,BitsAndBytes,BigCodeBench/1119,10.0,0,0,0,1.0,0.0
BCB-Python-Qwen2.5-Coder-7B-BitsAndBytes,Qwen2.5-Coder-7B,BitsAndBytes,BigCodeBench/1120,25.0,0,2,0,3.0,6.0
BCB-Python-Qwen2.5-Coder-7B-BitsAndBytes,Qwen2.5-Coder-7B,BitsAndBytes,BigCodeBench/1121,25.0,0,2,0,3.0,6.0
BCB-Python-Qwen2.5-Coder-7B-BitsAndBytes,Qwen2.5-Coder-7B,BitsAndBytes,BigCodeBench/1122,16.0,1,5,0,2.0,3.0
BCB-Python-Qwen2.5-Coder-7B-BitsAndBytes,Qwen2.5-Coder-7B,BitsAndBytes,BigCodeBench/1123,26.0,0,1,0,4.0,4.0
BCB-Python-Qwen2.5-Coder-7B-BitsAndBytes,Qwen2.5-Coder-7B,BitsAndBytes,BigCodeBench/1124,22.0,0,2,0,4.0,7.0
BCB-Python-Qwen2.5-Coder-7B-BitsAndBytes,Qwen2.5-Coder-7B,BitsAndBytes,BigCodeBench/1125,23.0,0,1,0,2.0,2.0
BCB-Python-Qwen2.5-Coder-7B-BitsAndBytes,Qwen2.5-Coder-7B,BitsAndBytes,BigCodeBench/1126,6.0,0,0,0,1.0,0.0
BCB-Python-Qwen2.5-Coder-7B-BitsAndBytes,Qwen2.5-Coder-7B,BitsAndBytes,BigCodeBench/1127,22.0,0,0,0,5.0,6.0
BCB-Python-Qwen2.5-Coder-7B-BitsAndBytes,Qwen2.5-Coder-7B,BitsAndBytes,BigCodeBench/1128,17.0,0,0,0,1.0,0.0
BCB-Python-Qwen2.5-Coder-7B-BitsAndBytes,Qwen2.5-Coder-7B,BitsAndBytes,BigCodeBench/1129,23.0,0,1,0,5.0,6.0
BCB-Python-Qwen2.5-Coder-7B-BitsAndBytes,Qwen2.5-Coder-7B,BitsAndBytes,BigCodeBench/1130,17.0,0,0,0,3.0,3.0
BCB-Python-Qwen2.5-Coder-7B-BitsAndBytes,Qwen2.5-Coder-7B,BitsAndBytes,BigCodeBench/1131,15.0,0,0,0,3.0,2.0
BCB-Python-Qwen2.5-Coder-7B-BitsAndBytes,Qwen2.5-Coder-7B,BitsAndBytes,BigCodeBench/1132,11.0,0,2,0,2.0,1.0
BCB-Python-Qwen2.5-Coder-7B-BitsAndBytes,Qwen2.5-Coder-7B,BitsAndBytes,BigCodeBench/1133,14.0,0,2,0,1.0,1.0
BCB-Python-Qwen2.5-Coder-7B-BitsAndBytes,Qwen2.5-Coder-7B,BitsAndBytes,BigCodeBench/1134,21.0,0,0,0,5.0,5.0
BCB-Python-Qwen2.5-Coder-7B-BitsAndBytes,Qwen2.5-Coder-7B,BitsAndBytes,BigCodeBench/1135,20.0,0,1,0,3.0,4.0
BCB-Python-Qwen2.5-Coder-7B-BitsAndBytes,Qwen2.5-Coder-7B,BitsAndBytes,BigCodeBench/1136,20.0,0,1,0,3.0,4.0
BCB-Python-Qwen2.5-Coder-7B-BitsAndBytes,Qwen2.5-Coder-7B,BitsAndBytes,BigCodeBench/1137,19.0,0,0,0,3.0,2.0
BCB-Python-Qwen2.5-Coder-7B-BitsAndBytes,Qwen2.5-Coder-7B,BitsAndBytes,BigCodeBench/1138,7.0,0,0,0,1.0,0.0
BCB-Python-Qwen2.5-Coder-7B-BitsAndBytes,Qwen2.5-Coder-7B,BitsAndBytes,BigCodeBench/1139,13.0,0,0,0,1.0,0.0
